split,subset,layer,position,lens,accuracy,accuracy_ci_lo,accuracy_ci_hi,n_rows,n_bases,mean_bound_rank,reversal_rate,reversal_ci_lo,reversal_ci_hi,paired_gap,paired_gap_ci_lo,paired_gap_ci_hi,n_pairs
calib,all,8,answer,gram_random,0.5,0.5,0.5,120,30,3.9916666666666667,0.0,0.0,0.0,-0.0003861220553517342,-0.0010841539269313217,0.0002696383131357527,60
calib,all,16,answer,gram_random,0.48333333333333334,0.425,0.5416666666666666,120,30,6.3,0.08333333333333333,0.016666666666666666,0.16666666666666666,0.004652964789420367,-0.012640522710668543,0.023050806282553814,60
calib,all,24,answer,gram_random,0.5166666666666667,0.4583333333333333,0.575,120,30,5.533333333333333,0.1,0.016666666666666666,0.2,0.0009382514903942744,-0.02509369027179976,0.026510341639320048,60
calib,all,31,answer,gram_random,0.5,0.4666666666666667,0.5333333333333333,120,30,5.175,0.03333333333333333,0.0,0.08333333333333333,0.0077991515398025514,-0.03376663040369749,0.049858330326775675,60
calib,all,8,answer,jlens,0.49166666666666664,0.475,0.5,120,30,6.266666666666667,0.0,0.0,0.0,0.00011773966252803802,-0.0007393016293644905,0.000926768158872922,60
calib,all,16,answer,jlens,0.5833333333333334,0.5333333333333333,0.6416666666666667,120,30,3.4,0.18333333333333332,0.08333333333333333,0.3,0.03887952814499537,0.02636568281178673,0.05163919570855796,60
calib,all,24,answer,jlens,0.6916666666666667,0.6416666666666667,0.7416666666666667,120,30,3.0083333333333333,0.38333333333333336,0.2833333333333333,0.48333333333333334,0.7686019582053025,0.6213739529500405,0.9196711786215503,60
calib,all,31,answer,jlens,0.7333333333333333,0.6666666666666666,0.8,120,30,2.625,0.48333333333333334,0.36666666666666664,0.6166666666666667,0.7827875296274821,0.5853477068742117,0.9953162272771197,60
calib,all,8,answer,logit,0.5,0.5,0.5,120,30,5.391666666666667,0.0,0.0,0.0,-0.008378203709920247,-0.034338431855042775,0.014140816032886486,60
calib,all,16,answer,logit,0.5416666666666666,0.5,0.5833333333333334,120,30,3.533333333333333,0.1,0.03333333333333333,0.18333333333333332,1.0172122200330098,0.6964346294601759,1.3541602189342177,60
calib,all,24,answer,logit,0.6666666666666666,0.6083333333333333,0.725,120,30,3.1416666666666666,0.3333333333333333,0.21666666666666667,0.45,15.440446352958679,12.05750578045845,18.872477594216665,60
calib,all,31,answer,logit,0.7333333333333333,0.6666666666666666,0.8,120,30,2.625,0.48333333333333334,0.36666666666666664,0.6166666666666667,23.74677429199219,17.757353591918946,30.19426330566405,60
calib,all,8,answer,probe,1.0,1.0,1.0,120,30,0.0,1.0,1.0,1.0,1.688845580816269,1.6400875280300777,1.7387681214263042,60
calib,all,16,answer,probe,1.0,1.0,1.0,120,30,0.0,1.0,1.0,1.0,1.8512870967388153,1.8302733891705674,1.8721789197127023,60
calib,all,24,answer,probe,1.0,1.0,1.0,120,30,0.0,1.0,1.0,1.0,1.8165175557136535,1.7803169325987498,1.850240204806129,60
calib,all,31,answer,probe,1.0,1.0,1.0,120,30,0.0,1.0,1.0,1.0,1.8268202016750972,1.7958347982416552,1.8572176692138116,60
calib,all,8,def_source,gram_random,0.5,0.5,0.5,120,30,4.983333333333333,0.0,0.0,0.0,0.0,0.0,0.0,60
calib,all,16,def_source,gram_random,0.5,0.5,0.5,120,30,5.7,0.0,0.0,0.0,0.0,0.0,0.0,60
calib,all,24,def_source,gram_random,0.5,0.5,0.5,120,30,6.016666666666667,0.0,0.0,0.0,0.0,0.0,0.0,60
calib,all,31,def_source,gram_random,0.5,0.5,0.5,120,30,5.133333333333334,0.0,0.0,0.0,0.0,0.0,0.0,60
calib,all,8,def_source,jlens,0.5,0.5,0.5,120,30,3.9833333333333334,0.0,0.0,0.0,0.0,0.0,0.0,60
calib,all,16,def_source,jlens,0.5,0.5,0.5,120,30,1.8666666666666667,0.0,0.0,0.0,0.0,0.0,0.0,60
calib,all,24,def_source,jlens,0.5,0.5,0.5,120,30,3.0,0.0,0.0,0.0,0.0,0.0,0.0,60
calib,all,31,def_source,jlens,0.5,0.5,0.5,120,30,4.05,0.0,0.0,0.0,0.0,0.0,0.0,60
calib,all,8,def_source,logit,0.5,0.5,0.5,120,30,6.183333333333334,0.0,0.0,0.0,0.0,0.0,0.0,60
calib,all,16,def_source,logit,0.5,0.5,0.5,120,30,4.9,0.0,0.0,0.0,0.0,0.0,0.0,60
calib,all,24,def_source,logit,0.5,0.5,0.5,120,30,4.1,0.0,0.0,0.0,0.0,0.0,0.0,60
calib,all,31,def_source,logit,0.5,0.5,0.5,120,30,4.05,0.0,0.0,0.0,0.0,0.0,0.0,60
calib,all,8,def_source,probe,0.5,0.5,0.5,120,30,0.5,0.0,0.0,0.0,0.0,0.0,0.0,60
calib,all,16,def_source,probe,0.5,0.5,0.5,120,30,0.5,0.0,0.0,0.0,0.0,0.0,0.0,60
calib,all,24,def_source,probe,0.5,0.5,0.5,120,30,0.5,0.0,0.0,0.0,0.0,0.0,0.0,60
calib,all,31,def_source,probe,0.5,0.5,0.5,120,30,0.5,0.0,0.0,0.0,0.0,0.0,0.0,60
calib,all,8,def_target,gram_random,0.5333333333333333,0.49166666666666664,0.5833333333333334,120,30,4.891666666666667,0.08333333333333333,0.016666666666666666,0.18333333333333332,0.004500171293814977,-0.0018824289614955583,0.011512605063617228,60
calib,all,16,def_target,gram_random,0.5083333333333333,0.5,0.525,120,30,5.591666666666667,0.016666666666666666,0.0,0.05,-0.002678294355670611,-0.020924395201727748,0.014959843475371586,60
calib,all,24,def_target,gram_random,0.5416666666666666,0.5,0.5916666666666667,120,30,5.425,0.08333333333333333,0.0,0.18333333333333332,0.03518826588988304,-0.012990505651881297,0.08482007056474683,60
calib,all,31,def_target,gram_random,0.4666666666666667,0.4166666666666667,0.5083333333333333,120,30,4.5,0.016666666666666666,0.0,0.05,-0.005559749901294708,-0.06622380264103413,0.05428676929324864,60
calib,all,8,def_target,jlens,0.5416666666666666,0.5,0.5916666666666667,120,30,4.616666666666666,0.08333333333333333,0.0,0.18333333333333332,0.0017938614512483279,-0.003481546388939023,0.006846722561555603,60
calib,all,16,def_target,jlens,0.49166666666666664,0.475,0.5,120,30,1.6,0.0,0.0,0.0,-0.003795717159907023,-0.02241499318430821,0.014153438049058118,60
calib,all,24,def_target,jlens,0.5166666666666667,0.5,0.55,120,30,1.6666666666666667,0.03333333333333333,0.0,0.1,0.24372023940086365,0.1632415136694908,0.32886943479379016,60
calib,all,31,def_target,jlens,0.5833333333333334,0.525,0.65,120,30,2.3916666666666666,0.16666666666666666,0.05,0.3,0.4412733554840088,0.3346624406178792,0.5489056905110676,60
calib,all,8,def_target,logit,0.5083333333333333,0.475,0.55,120,30,5.75,0.03333333333333333,0.0,0.1,-0.04197353025277455,-0.20069751046597958,0.1288917685548463,60
calib,all,16,def_target,logit,0.475,0.4166666666666667,0.5333333333333333,120,30,4.558333333333334,0.03333333333333333,0.0,0.1,0.05986349682013194,-0.40762594401836394,0.5322434308131535,60
calib,all,24,def_target,logit,0.5166666666666667,0.5,0.55,120,30,2.125,0.03333333333333333,0.0,0.1,5.2569044431050616,3.3083114484945932,7.313851954142248,60
calib,all,31,def_target,logit,0.5833333333333334,0.525,0.65,120,30,2.3916666666666666,0.16666666666666666,0.05,0.3,13.387721761067708,10.153496360778808,16.653450826009113,60
calib,all,8,def_target,probe,1.0,1.0,1.0,120,30,0.0,1.0,1.0,1.0,1.9283960004647573,1.9176540044446786,1.9395089274644852,60
calib,all,16,def_target,probe,1.0,1.0,1.0,120,30,0.0,1.0,1.0,1.0,1.9314418991406759,1.9213725339621304,1.941079355577628,60
calib,all,24,def_target,probe,1.0,1.0,1.0,120,30,0.0,1.0,1.0,1.0,1.9429396937290828,1.9316853649665913,1.953903546904524,60
calib,all,31,def_target,probe,1.0,1.0,1.0,120,30,0.0,1.0,1.0,1.0,1.9465521802504857,1.9355639022837083,1.9568274795512357,60
calib,all,8,mutation,gram_random,0.49166666666666664,0.39166666666666666,0.5916666666666667,120,30,4.641666666666667,0.16666666666666666,0.03333333333333333,0.3,-0.005283113894984126,-0.018683170282747595,0.007949713361449536,60
calib,all,16,mutation,gram_random,0.475,0.35833333333333334,0.5833333333333334,120,30,4.8,0.16666666666666666,0.03333333333333333,0.3,0.005483806133270264,-0.03143829323661824,0.0422923842196663,60
calib,all,24,mutation,gram_random,0.5083333333333333,0.425,0.5916666666666667,120,30,4.55,0.13333333333333333,0.03333333333333333,0.25,0.005077001576622327,-0.10511876016544798,0.11286182567787663,60
calib,all,31,mutation,gram_random,0.49166666666666664,0.43333333333333335,0.55,120,30,4.575,0.05,0.0,0.13333333333333333,-0.026799211154381435,-0.16401694615061083,0.11760442905127994,60
calib,all,8,mutation,jlens,0.4666666666666667,0.4,0.5333333333333333,120,30,5.966666666666667,0.03333333333333333,0.0,0.1,-0.0052289788300792376,-0.020457116262987258,0.009906187495216724,60
calib,all,16,mutation,jlens,0.475,0.375,0.5666666666666667,120,30,3.1166666666666667,0.13333333333333333,0.03333333333333333,0.26666666666666666,-0.02074521780014038,-0.05929890125989914,0.016051274538040127,60
calib,all,24,mutation,jlens,0.43333333333333335,0.35833333333333334,0.5,120,30,3.7083333333333335,0.03333333333333333,0.0,0.1,-0.07170269886652629,-0.14573938235640527,-0.004366826415061955,60
calib,all,31,mutation,jlens,0.5,0.45,0.55,120,30,4.6,0.03333333333333333,0.0,0.1,-0.09407033920288085,-0.2589150094985962,0.0672898717721303,60
calib,all,8,mutation,logit,0.4166666666666667,0.325,0.5083333333333333,120,30,4.35,0.06666666666666667,0.0,0.16666666666666666,-0.3410565733909607,-0.7115933070331811,0.026377241636315753,60
calib,all,16,mutation,logit,0.5,0.4166666666666667,0.5833333333333334,120,30,4.15,0.1,0.0,0.23333333333333334,-0.39256588617960614,-1.3594846002260843,0.5056499827901523,60
calib,all,24,mutation,logit,0.48333333333333334,0.4,0.5666666666666667,120,30,4.191666666666666,0.1,0.0,0.2,-1.0433851559956868,-2.713548656304677,0.6176340202490486,60
calib,all,31,mutation,logit,0.5,0.45,0.55,120,30,4.6,0.03333333333333333,0.0,0.1,-2.8542470296223956,-7.856203104654948,2.0415863037109365,60
calib,all,8,mutation,probe,1.0,1.0,1.0,120,30,0.0,1.0,1.0,1.0,1.8891133358081182,1.865200338885188,1.9116799484938383,60
calib,all,16,mutation,probe,1.0,1.0,1.0,120,30,0.0,1.0,1.0,1.0,1.9121387590964636,1.8983834771315258,1.926187966739138,60
calib,all,24,mutation,probe,1.0,1.0,1.0,120,30,0.0,1.0,1.0,1.0,1.9112245311339697,1.8989624114334582,1.9249818102270366,60
calib,all,31,mutation,probe,1.0,1.0,1.0,120,30,0.0,1.0,1.0,1.0,1.897136202454567,1.8818985730657973,1.913441958303253,60
calib,all,8,pre_def,gram_random,0.5,0.5,0.5,120,30,4.566666666666666,0.0,0.0,0.0,0.0,0.0,0.0,60
calib,all,16,pre_def,gram_random,0.5,0.5,0.5,120,30,4.883333333333334,0.0,0.0,0.0,0.0,0.0,0.0,60
calib,all,24,pre_def,gram_random,0.5,0.5,0.5,120,30,5.7,0.0,0.0,0.0,0.0,0.0,0.0,60
calib,all,31,pre_def,gram_random,0.5,0.5,0.5,120,30,5.433333333333334,0.0,0.0,0.0,0.0,0.0,0.0,60
calib,all,8,pre_def,jlens,0.5,0.5,0.5,120,30,4.95,0.0,0.0,0.0,0.0,0.0,0.0,60
calib,all,16,pre_def,jlens,0.5,0.5,0.5,120,30,3.8333333333333335,0.0,0.0,0.0,0.0,0.0,0.0,60
calib,all,24,pre_def,jlens,0.5,0.5,0.5,120,30,4.0,0.0,0.0,0.0,0.0,0.0,0.0,60
calib,all,31,pre_def,jlens,0.5,0.5,0.5,120,30,4.583333333333333,0.0,0.0,0.0,0.0,0.0,0.0,60
calib,all,8,pre_def,logit,0.5,0.5,0.5,120,30,4.566666666666666,0.0,0.0,0.0,0.0,0.0,0.0,60
calib,all,16,pre_def,logit,0.5,0.5,0.5,120,30,4.933333333333334,0.0,0.0,0.0,0.0,0.0,0.0,60
calib,all,24,pre_def,logit,0.5,0.5,0.5,120,30,4.633333333333334,0.0,0.0,0.0,0.0,0.0,0.0,60
calib,all,31,pre_def,logit,0.5,0.5,0.5,120,30,4.566666666666666,0.0,0.0,0.0,0.0,0.0,0.0,60
calib,all,8,pre_def,probe,0.5,0.5,0.5,120,30,0.5,0.0,0.0,0.0,0.0,0.0,0.0,60
calib,all,16,pre_def,probe,0.5,0.5,0.5,120,30,0.5,0.0,0.0,0.0,0.0,0.0,0.0,60
calib,all,24,pre_def,probe,0.5,0.5,0.5,120,30,0.5,0.0,0.0,0.0,0.0,0.0,0.0,60
calib,all,31,pre_def,probe,0.5,0.5,0.5,120,30,0.5,0.0,0.0,0.0,0.0,0.0,0.0,60
calib,all,8,use,gram_random,0.475,0.4166666666666667,0.5416666666666666,120,30,4.733333333333333,0.05,0.0,0.13333333333333333,0.0021059894002974032,-0.005990144716730962,0.011498962029193828,60
calib,all,16,use,gram_random,0.49166666666666664,0.4583333333333333,0.525,120,30,4.85,0.05,0.0,0.11666666666666667,-0.002806469984352589,-0.0169418055874606,0.012023063087835907,60
calib,all,24,use,gram_random,0.4583333333333333,0.4,0.5083333333333333,120,30,4.508333333333334,0.016666666666666666,0.0,0.05,-0.050286870015164215,-0.0900317713059485,-0.014526873456003767,60
calib,all,31,use,gram_random,0.5083333333333333,0.5,0.525,120,30,4.641666666666667,0.016666666666666666,0.0,0.05,-0.028775104880332948,-0.09232418735822041,0.03220759569356838,60
calib,all,8,use,jlens,0.48333333333333334,0.43333333333333335,0.525,120,30,5.575,0.03333333333333333,0.0,0.08333333333333333,0.0005610506981611252,-0.0124738941139852,0.012601055079139755,60
calib,all,16,use,jlens,0.55,0.48333333333333334,0.625,120,30,2.1083333333333334,0.18333333333333332,0.08333333333333333,0.3,0.03554388247430325,0.0046374013678481185,0.0635854830748091,60
calib,all,24,use,jlens,0.48333333333333334,0.4083333333333333,0.5583333333333333,120,30,2.591666666666667,0.11666666666666667,0.03333333333333333,0.21666666666666667,0.05770747264226277,-0.014898954865833123,0.12749016559372342,60
calib,all,31,use,jlens,0.5583333333333333,0.5166666666666667,0.6,120,30,4.166666666666667,0.11666666666666667,0.03333333333333333,0.2,0.08499293327331543,0.0021742731332778935,0.16492017209529872,60
calib,all,8,use,logit,0.5416666666666666,0.45,0.6416666666666667,120,30,3.025,0.23333333333333334,0.1,0.38333333333333336,0.3458537528912226,-0.12377265875538189,0.8166568266352017,60
calib,all,16,use,logit,0.55,0.48333333333333334,0.6166666666666667,120,30,2.9916666666666667,0.15,0.05,0.26666666666666666,0.8684364418188731,0.25111427500844,1.4655843597153821,60
calib,all,24,use,logit,0.5333333333333333,0.48333333333333334,0.5916666666666667,120,30,3.1666666666666665,0.13333333333333333,0.05,0.23333333333333334,1.5445136109987894,0.08563607076803845,3.018355542322,60
calib,all,31,use,logit,0.5583333333333333,0.5166666666666667,0.6,120,30,4.166666666666667,0.11666666666666667,0.03333333333333333,0.2,2.577986145019531,0.06554962158203126,5.002768491109211,60
calib,all,8,use,probe,1.0,1.0,1.0,120,30,0.0,1.0,1.0,1.0,1.8901939123868943,1.874966022570928,1.9060016677280267,60
calib,all,16,use,probe,1.0,1.0,1.0,120,30,0.0,1.0,1.0,1.0,1.9217881739139557,1.9117474451412757,1.932033999338746,60
calib,all,24,use,probe,1.0,1.0,1.0,120,30,0.0,1.0,1.0,1.0,1.9040173023939133,1.8923871803283692,1.9160718515515327,60
calib,all,31,use,probe,1.0,1.0,1.0,120,30,0.0,1.0,1.0,1.0,1.8812714477380117,1.8666874075184265,1.8962009166181086,60
calib,both_correct,8,answer,gram_random,0.5,0.5,0.5,56,23,3.875,0.0,0.0,0.0,-0.00023356026836803982,-0.0011333150074018963,0.0006205036105067107,28
calib,both_correct,16,answer,gram_random,0.5357142857142857,0.43548387096774194,0.6346982758620685,56,23,6.035714285714286,0.17857142857142858,0.060561497326203216,0.3333333333333333,0.01353973409693156,-0.009533490536478225,0.03687093929435673,28
calib,both_correct,24,answer,gram_random,0.4642857142857143,0.38325000000000004,0.5535714285714286,56,23,5.875,0.07142857142857142,0.0,0.19230769230769232,-0.013805665607963289,-0.06474869863584344,0.03480789436648287,28
calib,both_correct,31,answer,gram_random,0.5357142857142857,0.5,0.5961538461538461,56,23,5.017857142857143,0.07142857142857142,0.0,0.19230769230769232,0.026662778641496385,-0.04357362495267332,0.10451495369466449,28
calib,both_correct,8,answer,jlens,0.48214285714285715,0.4423076923076923,0.5,56,23,6.160714285714286,0.0,0.0,0.0,-0.00024096002536160604,-0.001270657610790483,0.0007352962351307775,28
calib,both_correct,16,answer,jlens,0.5892857142857143,0.52,0.6666666666666666,56,23,2.3392857142857144,0.17857142857142858,0.04,0.3333333333333333,0.06422768453402179,0.04596440962728645,0.0819461520158109,28
calib,both_correct,24,answer,jlens,0.7678571428571429,0.6785714285714286,0.8518518518518519,56,23,2.7857142857142856,0.5357142857142857,0.35714285714285715,0.7037037037037037,1.3121198468974657,1.0670134887720146,1.5624464611853321,28
calib,both_correct,31,answer,jlens,0.8214285714285714,0.7321428571428571,0.9032258064516129,56,23,2.125,0.6428571428571429,0.4642857142857143,0.8064516129032258,1.262155260358538,0.9896343899974772,1.4985602954338335,28
calib,both_correct,8,answer,logit,0.5,0.5,0.5,56,23,5.267857142857143,0.0,0.0,0.0,-0.019263803958892822,-0.06415378239648095,0.019835168218671387,28
calib,both_correct,16,answer,logit,0.5714285714285714,0.5166666666666667,0.6481481481481481,56,23,2.517857142857143,0.14285714285714285,0.03333333333333333,0.2962962962962963,1.8402422155652727,1.3946759261431232,2.2846754155005176,28
calib,both_correct,24,answer,logit,0.75,0.6551724137931034,0.8448275862068966,56,23,2.8392857142857144,0.5,0.3103448275862069,0.6896551724137931,26.33300851072584,20.642239399751027,32.220488600582904,28
calib,both_correct,31,answer,logit,0.8214285714285714,0.7321428571428571,0.9032258064516129,56,23,2.125,0.6428571428571429,0.4642857142857143,0.8064516129032258,38.28892299107143,30.02154962453665,45.45897952834013,28
calib,both_correct,8,answer,probe,1.0,1.0,1.0,56,23,0.0,1.0,1.0,1.0,1.734505023275103,1.6902850465370074,1.7778688560536615,28
calib,both_correct,16,answer,probe,1.0,1.0,1.0,56,23,0.0,1.0,1.0,1.0,1.8902973937136787,1.8734582141041756,1.9071180024462888,28
calib,both_correct,24,answer,probe,1.0,1.0,1.0,56,23,0.0,1.0,1.0,1.0,1.9396712609699793,1.9198658670298756,1.9615621818949778,28
calib,both_correct,31,answer,probe,1.0,1.0,1.0,56,23,0.0,1.0,1.0,1.0,1.9422373005322047,1.9225687895866639,1.9628749546284476,28
calib,both_correct,8,def_source,gram_random,0.5,0.5,0.5,56,23,4.821428571428571,0.0,0.0,0.0,0.0,0.0,0.0,28
calib,both_correct,16,def_source,gram_random,0.5,0.5,0.5,56,23,5.571428571428571,0.0,0.0,0.0,0.0,0.0,0.0,28
calib,both_correct,24,def_source,gram_random,0.5,0.5,0.5,56,23,5.857142857142857,0.0,0.0,0.0,0.0,0.0,0.0,28
calib,both_correct,31,def_source,gram_random,0.5,0.5,0.5,56,23,5.142857142857143,0.0,0.0,0.0,0.0,0.0,0.0,28
calib,both_correct,8,def_source,jlens,0.5,0.5,0.5,56,23,3.732142857142857,0.0,0.0,0.0,0.0,0.0,0.0,28
calib,both_correct,16,def_source,jlens,0.5,0.5,0.5,56,23,2.0535714285714284,0.0,0.0,0.0,0.0,0.0,0.0,28
calib,both_correct,24,def_source,jlens,0.5,0.5,0.5,56,23,2.8392857142857144,0.0,0.0,0.0,0.0,0.0,0.0,28
calib,both_correct,31,def_source,jlens,0.5,0.5,0.5,56,23,3.767857142857143,0.0,0.0,0.0,0.0,0.0,0.0,28
calib,both_correct,8,def_source,logit,0.5,0.5,0.5,56,23,6.160714285714286,0.0,0.0,0.0,0.0,0.0,0.0,28
calib,both_correct,16,def_source,logit,0.5,0.5,0.5,56,23,4.589285714285714,0.0,0.0,0.0,0.0,0.0,0.0,28
calib,both_correct,24,def_source,logit,0.5,0.5,0.5,56,23,3.892857142857143,0.0,0.0,0.0,0.0,0.0,0.0,28
calib,both_correct,31,def_source,logit,0.5,0.5,0.5,56,23,3.767857142857143,0.0,0.0,0.0,0.0,0.0,0.0,28
calib,both_correct,8,def_source,probe,0.5,0.5,0.5,56,23,0.5,0.0,0.0,0.0,0.0,0.0,0.0,28
calib,both_correct,16,def_source,probe,0.5,0.5,0.5,56,23,0.5,0.0,0.0,0.0,0.0,0.0,0.0,28
calib,both_correct,24,def_source,probe,0.5,0.5,0.5,56,23,0.5,0.0,0.0,0.0,0.0,0.0,0.0,28
calib,both_correct,31,def_source,probe,0.5,0.5,0.5,56,23,0.5,0.0,0.0,0.0,0.0,0.0,0.0,28
calib,both_correct,8,def_target,gram_random,0.5178571428571429,0.5,0.5576923076923077,56,23,4.857142857142857,0.03571428571428571,0.0,0.11538461538461539,0.0035552486245121273,-0.0028297105719211507,0.010673000255663843,28
calib,both_correct,16,def_target,gram_random,0.5178571428571429,0.5,0.5535714285714286,56,23,5.410714285714286,0.03571428571428571,0.0,0.10714285714285714,0.0032539082957165582,-0.018221973250671236,0.022422772294117346,28
calib,both_correct,24,def_target,gram_random,0.5714285714285714,0.5,0.6607142857142857,56,23,5.428571428571429,0.14285714285714285,0.0,0.32142857142857145,0.03306196550173419,-0.024160980208156012,0.08537704604511535,28
calib,both_correct,31,def_target,gram_random,0.5,0.44642857142857145,0.5517241379310345,56,23,4.357142857142857,0.03571428571428571,0.0,0.11538461538461539,0.036845357822520394,-0.041978715051864755,0.11665598228188423,28
calib,both_correct,8,def_target,jlens,0.5178571428571429,0.5,0.5576923076923077,56,23,4.678571428571429,0.03571428571428571,0.0,0.11538461538461539,-0.0004104852144207273,-0.007223022818151448,0.006541185081005088,28
calib,both_correct,16,def_target,jlens,0.48214285714285715,0.44642857142857145,0.5,56,23,1.5357142857142858,0.0,0.0,0.0,-0.019806004528488432,-0.04776389627878008,0.007273781834377174,28
calib,both_correct,24,def_target,jlens,0.5178571428571429,0.5,0.5576923076923077,56,23,1.7321428571428572,0.03571428571428571,0.0,0.11538461538461539,0.21178971230983734,0.11160285496904004,0.3314125794238514,28
calib,both_correct,31,def_target,jlens,0.5892857142857143,0.5172413793103449,0.6774193548387096,56,23,2.4464285714285716,0.17857142857142858,0.034482758620689655,0.3548387096774194,0.42360377311706543,0.3079477066476944,0.5463972168309348,28
calib,both_correct,8,def_target,logit,0.5178571428571429,0.5,0.5576923076923077,56,23,5.964285714285714,0.03571428571428571,0.0,0.11538461538461539,-0.06008742430380413,-0.2171672858830009,0.10293984821051239,28
calib,both_correct,16,def_target,logit,0.44642857142857145,0.38333333333333336,0.5,56,23,4.607142857142857,0.0,0.0,0.0,-0.25335413217544556,-0.8194215921762352,0.38708988768713803,28
calib,both_correct,24,def_target,logit,0.5178571428571429,0.5,0.5576923076923077,56,23,2.267857142857143,0.03571428571428571,0.0,0.11538461538461539,4.619182484490531,2.099492294586564,7.607170468880578,28
calib,both_correct,31,def_target,logit,0.5892857142857143,0.5172413793103449,0.6774193548387096,56,23,2.4464285714285716,0.17857142857142858,0.034482758620689655,0.3548387096774194,12.851732526506696,9.34370375572167,16.576861327035083,28
calib,both_correct,8,def_target,probe,1.0,1.0,1.0,56,23,0.0,1.0,1.0,1.0,1.9255281346184867,1.9115839401709622,1.9384876158730737,28
calib,both_correct,16,def_target,probe,1.0,1.0,1.0,56,23,0.0,1.0,1.0,1.0,1.9264467571462904,1.914029039657885,1.9386112294736364,28
calib,both_correct,24,def_target,probe,1.0,1.0,1.0,56,23,0.0,1.0,1.0,1.0,1.9434144347906113,1.9296866641000465,1.9558284270710178,28
calib,both_correct,31,def_target,probe,1.0,1.0,1.0,56,23,0.0,1.0,1.0,1.0,1.9475077241659164,1.9344067730073646,1.9593618279589073,28
calib,both_correct,8,mutation,gram_random,0.5,0.34615384615384615,0.6515151515151515,56,23,4.428571428571429,0.21428571428571427,0.038461538461538464,0.40756704980842823,-0.0055544669240979215,-0.02267486601442754,0.011943008156704725,28
calib,both_correct,16,mutation,gram_random,0.4642857142857143,0.3275862068965517,0.6094184027777776,56,23,5.178571428571429,0.17857142857142858,0.03571428571428571,0.35714285714285715,-0.0006285692964281354,-0.04372624542771114,0.046029792524754004,28
calib,both_correct,24,mutation,gram_random,0.5178571428571429,0.4074074074074074,0.625,56,23,5.0,0.14285714285714285,0.0,0.3200357142857141,-0.025431893233742033,-0.13142063001145451,0.09494713819026947,28
calib,both_correct,31,mutation,gram_random,0.5,0.42857142857142855,0.5769230769230769,56,23,4.553571428571429,0.07142857142857142,0.0,0.18518518518518517,-0.017373371869325638,-0.14327064734855385,0.11561741447534973,28
calib,both_correct,8,mutation,jlens,0.4642857142857143,0.37869318181818185,0.5384615384615384,56,23,6.142857142857143,0.03571428571428571,0.0,0.11538461538461539,-0.012502607623381274,-0.0277933034500885,0.003947470288861676,28
calib,both_correct,16,mutation,jlens,0.48214285714285715,0.36538461538461536,0.5909090909090909,56,23,2.9642857142857144,0.14285714285714285,0.0,0.3076923076923077,-0.011905025158609663,-0.061820535597383465,0.04179940144398381,28
calib,both_correct,24,mutation,jlens,0.42857142857142855,0.3148148148148148,0.5401029411764701,56,23,3.517857142857143,0.07142857142857142,0.0,0.21428571428571427,-0.07613603344985417,-0.15748606225946446,0.0054538609229382645,28
calib,both_correct,31,mutation,jlens,0.5,0.44642857142857145,0.5535714285714286,56,23,4.464285714285714,0.03571428571428571,0.0,0.11538461538461539,-0.004628385816301618,-0.20317571418625968,0.1873893253008521,28
calib,both_correct,8,mutation,logit,0.44642857142857145,0.3333333333333333,0.5666666666666667,56,23,4.089285714285714,0.10714285714285714,0.0,0.26666666666666666,-0.18447973153420857,-0.5327988708913326,0.14272486455904104,28
calib,both_correct,16,mutation,logit,0.5357142857142857,0.4166666666666667,0.6551724137931034,56,23,3.892857142857143,0.17857142857142858,0.0,0.3793103448275862,-0.3094249538012913,-1.6722460303987776,1.0751149460966951,28
calib,both_correct,24,mutation,logit,0.44642857142857145,0.3448275862068966,0.54,56,23,4.214285714285714,0.07142857142857142,0.0,0.18518518518518517,-1.3848981176103865,-3.5452649124207034,0.7758307766255138,28
calib,both_correct,31,mutation,logit,0.5,0.44642857142857145,0.5535714285714286,56,23,4.464285714285714,0.03571428571428571,0.0,0.11538461538461539,-0.13980974469866073,-6.1629444621858145,5.684174931844065,28
calib,both_correct,8,mutation,probe,1.0,1.0,1.0,56,23,0.0,1.0,1.0,1.0,1.8904867129666465,1.8622422471025895,1.9163787243089507,28
calib,both_correct,16,mutation,probe,1.0,1.0,1.0,56,23,0.0,1.0,1.0,1.0,1.9062896519899368,1.8902478643501248,1.9215007419749681,28
calib,both_correct,24,mutation,probe,1.0,1.0,1.0,56,23,0.0,1.0,1.0,1.0,1.9048633021967751,1.8888354358764794,1.9194454328822237,28
calib,both_correct,31,mutation,probe,1.0,1.0,1.0,56,23,0.0,1.0,1.0,1.0,1.888378028358732,1.8691587288081646,1.906268318908082,28
calib,both_correct,8,pre_def,gram_random,0.5,0.5,0.5,56,23,4.910714285714286,0.0,0.0,0.0,0.0,0.0,0.0,28
calib,both_correct,16,pre_def,gram_random,0.5,0.5,0.5,56,23,5.089285714285714,0.0,0.0,0.0,0.0,0.0,0.0,28
calib,both_correct,24,pre_def,gram_random,0.5,0.5,0.5,56,23,5.767857142857143,0.0,0.0,0.0,0.0,0.0,0.0,28
calib,both_correct,31,pre_def,gram_random,0.5,0.5,0.5,56,23,5.339285714285714,0.0,0.0,0.0,0.0,0.0,0.0,28
calib,both_correct,8,pre_def,jlens,0.5,0.5,0.5,56,23,4.910714285714286,0.0,0.0,0.0,0.0,0.0,0.0,28
calib,both_correct,16,pre_def,jlens,0.5,0.5,0.5,56,23,3.8035714285714284,0.0,0.0,0.0,0.0,0.0,0.0,28
calib,both_correct,24,pre_def,jlens,0.5,0.5,0.5,56,23,3.982142857142857,0.0,0.0,0.0,0.0,0.0,0.0,28
calib,both_correct,31,pre_def,jlens,0.5,0.5,0.5,56,23,4.446428571428571,0.0,0.0,0.0,0.0,0.0,0.0,28
calib,both_correct,8,pre_def,logit,0.5,0.5,0.5,56,23,4.875,0.0,0.0,0.0,0.0,0.0,0.0,28
calib,both_correct,16,pre_def,logit,0.5,0.5,0.5,56,23,5.160714285714286,0.0,0.0,0.0,0.0,0.0,0.0,28
calib,both_correct,24,pre_def,logit,0.5,0.5,0.5,56,23,4.732142857142857,0.0,0.0,0.0,0.0,0.0,0.0,28
calib,both_correct,31,pre_def,logit,0.5,0.5,0.5,56,23,4.446428571428571,0.0,0.0,0.0,0.0,0.0,0.0,28
calib,both_correct,8,pre_def,probe,0.5,0.5,0.5,56,23,0.5,0.0,0.0,0.0,0.0,0.0,0.0,28
calib,both_correct,16,pre_def,probe,0.5,0.5,0.5,56,23,0.5,0.0,0.0,0.0,0.0,0.0,0.0,28
calib,both_correct,24,pre_def,probe,0.5,0.5,0.5,56,23,0.5,0.0,0.0,0.0,0.0,0.0,0.0,28
calib,both_correct,31,pre_def,probe,0.5,0.5,0.5,56,23,0.5,0.0,0.0,0.0,0.0,0.0,0.0,28
calib,both_correct,8,use,gram_random,0.48214285714285715,0.40383064516129036,0.5576923076923077,56,23,4.196428571428571,0.07142857142857142,0.0,0.19230769230769232,0.003368996416351625,-0.006290549638301686,0.0133400721768676,28
calib,both_correct,16,use,gram_random,0.5,0.44642857142857145,0.5535714285714286,56,23,4.678571428571429,0.03571428571428571,0.0,0.11538461538461539,0.0026122194581798147,-0.018682593039222182,0.023461964036499503,28
calib,both_correct,24,use,gram_random,0.4642857142857143,0.41379310344827586,0.5,56,23,5.321428571428571,0.0,0.0,0.0,-0.07333558412002665,-0.12200097342775691,-0.026347091725495257,28
calib,both_correct,31,use,gram_random,0.5178571428571429,0.5,0.5576923076923077,56,23,4.446428571428571,0.03571428571428571,0.0,0.11538461538461539,-0.006092001284871783,-0.10092023500742821,0.09066059398536486,28
calib,both_correct,8,use,jlens,0.5,0.4482758620689655,0.5555555555555556,56,23,5.875,0.03571428571428571,0.0,0.11538461538461539,0.014373218241546835,-0.0007254528093796509,0.02745398991100954,28
calib,both_correct,16,use,jlens,0.5535714285714286,0.46,0.6563616071428565,56,23,1.6428571428571428,0.17857142857142858,0.037003968253968254,0.3448275862068966,0.046714210882782936,0.02135081007025945,0.07173773336576089,28
calib,both_correct,24,use,jlens,0.4642857142857143,0.36,0.5606534090909088,56,23,2.6607142857142856,0.10714285714285714,0.0,0.23076923076923078,0.04898132277386529,-0.030946319301923115,0.12173719047790464,28
calib,both_correct,31,use,jlens,0.5178571428571429,0.5,0.5576923076923077,56,23,4.160714285714286,0.03571428571428571,0.0,0.11538461538461539,0.023661255836486816,-0.048489316688186825,0.0992151731582281,28
calib,both_correct,8,use,logit,0.5535714285714286,0.42,0.6964285714285714,56,23,3.142857142857143,0.2857142857142857,0.09984375000000001,0.48484848484848486,0.5246684721537999,-0.029542787211281913,1.1286216329269367,28
calib,both_correct,16,use,logit,0.5357142857142857,0.4444444444444444,0.6333333333333333,56,23,2.7142857142857144,0.14285714285714285,0.0,0.3,0.8239668692861285,0.08013139737063442,1.5546187969003145,28
calib,both_correct,24,use,logit,0.48214285714285715,0.40383064516129036,0.56,56,23,3.1785714285714284,0.07142857142857142,0.0,0.18536324786324687,1.3928100637027196,-0.48119932169623336,3.058414654729002,28
calib,both_correct,31,use,logit,0.5178571428571429,0.5,0.5576923076923077,56,23,4.160714285714286,0.03571428571428571,0.0,0.11538461538461539,0.7175892421177456,-1.4722908559338799,3.0088342534781596,28
calib,both_correct,8,use,probe,1.0,1.0,1.0,56,23,0.0,1.0,1.0,1.0,1.8976394512823649,1.8816548117940073,1.912315923968951,28
calib,both_correct,16,use,probe,1.0,1.0,1.0,56,23,0.0,1.0,1.0,1.0,1.920071350676673,1.9082075689544624,1.9308726558397555,28
calib,both_correct,24,use,probe,1.0,1.0,1.0,56,23,0.0,1.0,1.0,1.0,1.9085117727518082,1.8940763626937513,1.9215627519790028,28
calib,both_correct,31,use,probe,1.0,1.0,1.0,56,23,0.0,1.0,1.0,1.0,1.8940389305353165,1.8782721703158958,1.9086781677325992,28
test,all,8,answer,gram_random,0.5071428571428571,0.4928571428571429,0.5214285714285715,280,70,3.982142857142857,0.02142857142857143,0.0,0.05,-0.0003395977962229933,-0.0008938623010180891,0.00021776830378387644,140
test,all,16,answer,gram_random,0.5178571428571429,0.4857142857142857,0.55,280,70,6.189285714285714,0.1,0.05,0.15,0.006252620076494558,-0.002105551091954112,0.014911125458976516,140
test,all,24,answer,gram_random,0.5107142857142857,0.4785714285714286,0.5428571428571428,280,70,5.367857142857143,0.07857142857142857,0.03571428571428571,0.12142857142857143,-0.003592618741095066,-0.019226547507569195,0.01313730846092636,140
test,all,31,answer,gram_random,0.5,0.48214285714285715,0.5178571428571429,280,70,5.260714285714286,0.02142857142857143,0.0,0.05,-0.017187153654439107,-0.04893249930015632,0.01045731791960339,140
test,all,8,answer,jlens,0.5,0.5,0.5,280,70,6.332142857142857,0.0,0.0,0.0,3.191807440349034e-05,-0.0005264703330716916,0.0005846115507717642,140
test,all,16,answer,jlens,0.6071428571428571,0.575,0.6428571428571429,280,70,3.3142857142857145,0.21428571428571427,0.15,0.2857142857142857,0.050798788187759264,0.04203932282248778,0.05979806315286882,140
test,all,24,answer,jlens,0.6714285714285714,0.6321428571428571,0.7107142857142857,280,70,2.7357142857142858,0.35714285714285715,0.2857142857142857,0.4357142857142857,0.8593136141342776,0.7611044816087399,0.9641392323694059,140
test,all,31,answer,jlens,0.7178571428571429,0.6821428571428572,0.7535714285714286,280,70,2.717857142857143,0.45,0.38571428571428573,0.5142857142857142,0.8808571134294783,0.7681929991926466,0.9975424638816288,140
test,all,8,answer,logit,0.5,0.4857142857142857,0.5142857142857142,280,70,5.260714285714286,0.014285714285714285,0.0,0.03571428571428571,0.014168901102883475,-0.004562611367021288,0.032756892144679986,140
test,all,16,answer,logit,0.5821428571428572,0.5535714285714286,0.6142857142857143,280,70,3.375,0.16428571428571428,0.10714285714285714,0.22857142857142856,1.364544859954289,1.1694266812929084,1.5572857875696249,140
test,all,24,answer,logit,0.6857142857142857,0.6464285714285715,0.725,280,70,2.942857142857143,0.38571428571428573,0.3142857142857143,0.45714285714285713,17.446561023167202,15.375563228811536,19.683000512634003,140
test,all,31,answer,logit,0.7178571428571429,0.6821428571428572,0.7535714285714286,280,70,2.717857142857143,0.45,0.38571428571428573,0.5142857142857142,26.721987915039062,23.304032145908902,30.262323597499304,140
test,all,8,answer,probe,0.5464285714285714,0.48919642857142853,0.6035714285714285,280,70,2.092857142857143,0.20714285714285716,0.1355357142857143,0.29285714285714287,0.16303310874544488,0.048446640618805895,0.28258869706224743,140
test,all,16,answer,probe,0.725,0.6642857142857143,0.7857142857142857,280,70,1.125,0.5142857142857142,0.42142857142857143,0.6142857142857143,0.5727480864759334,0.4371716272794999,0.7061528418658832,140
test,all,24,answer,probe,0.7857142857142857,0.7357142857142858,0.8285714285714286,280,70,0.36428571428571427,0.6071428571428571,0.5357142857142857,0.6785714285714286,1.039279430625694,0.9256773832041237,1.1440365094491944,140
test,all,31,answer,probe,0.7857142857142857,0.7428571428571429,0.825,280,70,0.3464285714285714,0.5857142857142857,0.5071428571428571,0.6571428571428571,0.9752071408022728,0.8582372302329168,1.0842421441372216,140
test,all,8,def_source,gram_random,0.5,0.5,0.5,280,70,5.642857142857143,0.0,0.0,0.0,0.0,0.0,0.0,140
test,all,16,def_source,gram_random,0.5,0.5,0.5,280,70,5.771428571428571,0.0,0.0,0.0,0.0,0.0,0.0,140
test,all,24,def_source,gram_random,0.5,0.5,0.5,280,70,5.878571428571429,0.0,0.0,0.0,0.0,0.0,0.0,140
test,all,31,def_source,gram_random,0.5,0.5,0.5,280,70,5.171428571428572,0.0,0.0,0.0,0.0,0.0,0.0,140
test,all,8,def_source,jlens,0.5,0.5,0.5,280,70,4.135714285714286,0.0,0.0,0.0,0.0,0.0,0.0,140
test,all,16,def_source,jlens,0.5,0.5,0.5,280,70,2.0142857142857142,0.0,0.0,0.0,0.0,0.0,0.0,140
test,all,24,def_source,jlens,0.5,0.5,0.5,280,70,3.157142857142857,0.0,0.0,0.0,0.0,0.0,0.0,140
test,all,31,def_source,jlens,0.5,0.5,0.5,280,70,4.35,0.0,0.0,0.0,0.0,0.0,0.0,140
test,all,8,def_source,logit,0.5,0.5,0.5,280,70,5.707142857142857,0.0,0.0,0.0,0.0,0.0,0.0,140
test,all,16,def_source,logit,0.5,0.5,0.5,280,70,4.942857142857143,0.0,0.0,0.0,0.0,0.0,0.0,140
test,all,24,def_source,logit,0.5,0.5,0.5,280,70,4.271428571428571,0.0,0.0,0.0,0.0,0.0,0.0,140
test,all,31,def_source,logit,0.5,0.5,0.5,280,70,4.35,0.0,0.0,0.0,0.0,0.0,0.0,140
test,all,8,def_source,probe,0.5,0.5,0.5,280,70,1.7571428571428571,0.0,0.0,0.0,0.0,0.0,0.0,140
test,all,16,def_source,probe,0.5,0.5,0.5,280,70,1.6857142857142857,0.0,0.0,0.0,0.0,0.0,0.0,140
test,all,24,def_source,probe,0.5,0.5,0.5,280,70,1.6928571428571428,0.0,0.0,0.0,0.0,0.0,0.0,140
test,all,31,def_source,probe,0.5,0.5,0.5,280,70,1.7428571428571429,0.0,0.0,0.0,0.0,0.0,0.0,140
test,all,8,def_target,gram_random,0.5035714285714286,0.4785714285714286,0.5321428571428571,280,70,5.160714285714286,0.03571428571428571,0.007142857142857143,0.07857142857142857,0.00554995850792953,0.0015298082679510118,0.009707204509260397,140
test,all,16,def_target,gram_random,0.5071428571428571,0.4714285714285714,0.5428571428571428,280,70,5.65,0.05714285714285714,0.014285714285714285,0.11428571428571428,-0.0005152543208428792,-0.017249233950860796,0.01514761197779859,140
test,all,24,def_target,gram_random,0.5071428571428571,0.4642857142857143,0.55,280,70,5.203571428571428,0.07142857142857142,0.014285714285714285,0.14285714285714285,0.03600346850497382,-0.003328088516635554,0.07692329844459891,140
test,all,31,def_target,gram_random,0.5035714285714286,0.4714285714285714,0.5357142857142857,280,70,4.575,0.05,0.007142857142857143,0.1,-0.00933638938835689,-0.04784495741661106,0.030726593615753306,140
test,all,8,def_target,jlens,0.4714285714285714,0.44285714285714284,0.4928571428571429,280,70,4.7821428571428575,0.0,0.0,0.0,-0.0034500038783465115,-0.007304121150768229,0.0005478629616222153,140
test,all,16,def_target,jlens,0.45714285714285713,0.42142857142857143,0.4857142857142857,280,70,2.117857142857143,0.0,0.0,0.0,-0.009312938792364937,-0.021699270656598466,0.0024423993166003887,140
test,all,24,def_target,jlens,0.5285714285714286,0.4928571428571429,0.5642857142857143,280,70,2.067857142857143,0.07857142857142857,0.02142857142857143,0.14285714285714285,0.21831556814057487,0.1544385285462652,0.2822043703283582,140
test,all,31,def_target,jlens,0.5571428571428572,0.5178571428571429,0.6,280,70,2.592857142857143,0.12857142857142856,0.05714285714285714,0.20714285714285716,0.33240790367126466,0.25596412215914044,0.41229908585548375,140
test,all,8,def_target,logit,0.48214285714285715,0.4392857142857143,0.525,280,70,6.0,0.05,0.014107142857142867,0.1,-0.016833233833312988,-0.13451421562582255,0.10426772579550742,140
test,all,16,def_target,logit,0.45714285714285713,0.4142857142857143,0.49642857142857144,280,70,4.885714285714286,0.02142857142857143,0.0,0.05714285714285714,-0.3774163808141436,-0.6301577636173794,-0.10156297125986646,140
test,all,24,def_target,logit,0.5357142857142857,0.5035714285714286,0.5714285714285714,280,70,2.45,0.09285714285714286,0.03571428571428571,0.15714285714285714,5.227382952826364,3.7802666362694333,6.729805059603282,140
test,all,31,def_target,logit,0.5571428571428572,0.5178571428571429,0.6,280,70,2.592857142857143,0.12857142857142856,0.05714285714285714,0.20714285714285716,10.084207807268415,7.7642978777204235,12.507948886326375,140
test,all,8,def_target,probe,0.5678571428571428,0.5,0.6285714285714286,280,70,1.4821428571428572,0.22857142857142856,0.1357142857142857,0.32142857142857145,0.26489209686405957,0.11796473135706037,0.4107795546632925,140
test,all,16,def_target,probe,0.6,0.5392857142857143,0.6571428571428571,280,70,1.4821428571428572,0.25,0.15,0.35,0.4947502871542903,0.3513399503886467,0.6351055308777304,140
test,all,24,def_target,probe,0.5892857142857143,0.5428571428571428,0.6357142857142857,280,70,1.3678571428571429,0.18571428571428572,0.09285714285714286,0.2785714285714286,0.5234011194136526,0.39747287725530833,0.6461469777803202,140
test,all,31,def_target,probe,0.5964285714285714,0.5464285714285714,0.6464285714285715,280,70,1.3142857142857143,0.20714285714285716,0.11428571428571428,0.3,0.5736328218864011,0.4558701877427354,0.6868126196163107,140
test,all,8,mutation,gram_random,0.5321428571428571,0.4642857142857143,0.6035714285714285,280,70,4.460714285714285,0.22857142857142856,0.14285714285714285,0.32857142857142857,0.0028859065180378302,-0.006979655199018972,0.013210692606932872,140
test,all,16,mutation,gram_random,0.4857142857142857,0.42857142857142855,0.5428571428571428,280,70,4.735714285714286,0.1,0.02857142857142857,0.17142857142857143,-0.0002499988568680627,-0.027105353441355482,0.025760961362559866,140
test,all,24,mutation,gram_random,0.5035714285714286,0.44285714285714284,0.5678571428571428,280,70,4.378571428571429,0.15714285714285714,0.0855357142857143,0.25,0.04099124893546104,-0.026531542957361254,0.1072358920212303,140
test,all,31,mutation,gram_random,0.5071428571428571,0.4714285714285714,0.5428571428571428,280,70,4.589285714285714,0.05714285714285714,0.014285714285714285,0.11428571428571428,0.04793533416731017,-0.035687014300908364,0.12905707000621713,140
test,all,8,mutation,jlens,0.5071428571428571,0.4642857142857143,0.5571428571428572,280,70,5.567857142857143,0.08571428571428572,0.02857142857142857,0.15714285714285714,0.0025401084018605094,-0.007170255104345934,0.012323099106018032,140
test,all,16,mutation,jlens,0.46785714285714286,0.4,0.5357142857142857,280,70,3.142857142857143,0.15,0.07857142857142857,0.228749999999999,-0.020048073147024427,-0.05125747188925743,0.012155739313789743,140
test,all,24,mutation,jlens,0.46785714285714286,0.4035714285714286,0.5322321428571424,280,70,3.475,0.12857142857142856,0.05714285714285714,0.21428571428571427,-0.04634837337902614,-0.11240118618522373,0.020536309033632204,140
test,all,31,mutation,jlens,0.49642857142857144,0.475,0.5178571428571429,280,70,4.525,0.014285714285714285,0.0,0.04285714285714286,-0.028628444671630858,-0.14224395947796958,0.09171204575470512,140
test,all,8,mutation,logit,0.4714285714285714,0.39285714285714285,0.55,280,70,4.196428571428571,0.21428571428571427,0.12857142857142856,0.30714285714285716,-0.06907491683959961,-0.36722031584807807,0.23182286922952958,140
test,all,16,mutation,logit,0.48214285714285715,0.42857142857142855,0.5321428571428571,280,70,4.2785714285714285,0.09285714285714286,0.03571428571428571,0.16428571428571428,-0.35216323137283323,-0.9764349384393011,0.30262977204152514,140
test,all,24,mutation,logit,0.4857142857142857,0.42857142857142855,0.5428571428571428,280,70,3.882142857142857,0.10714285714285714,0.04285714285714286,0.18571428571428572,-0.5175931181226457,-1.904187135015215,0.8907218015193935,140
test,all,31,mutation,logit,0.49642857142857144,0.475,0.5178571428571429,280,70,4.525,0.014285714285714285,0.0,0.04285714285714286,-0.8686026436941964,-4.3136195455278665,2.781643941061836,140
test,all,8,mutation,probe,0.4357142857142857,0.35,0.5178571428571429,280,70,2.7,0.22142857142857142,0.12857142857142856,0.3142857142857143,-0.03846891724699942,-0.2047773957579089,0.13062182300970432,140
test,all,16,mutation,probe,0.4642857142857143,0.3820535714285714,0.55,280,70,2.6535714285714285,0.25,0.15714285714285714,0.34285714285714286,-0.03497990287308182,-0.19118075610866073,0.1298241740789152,140
test,all,24,mutation,probe,0.4107142857142857,0.32857142857142857,0.48928571428571427,280,70,2.8142857142857145,0.17857142857142858,0.09285714285714286,0.2642857142857143,-0.04911226796123499,-0.20550945750027624,0.11464149260849284,140
test,all,31,mutation,probe,0.44642857142857145,0.36428571428571427,0.5214285714285715,280,70,2.710714285714286,0.18571428571428572,0.1,0.2714285714285714,-0.045450070032685676,-0.2031776326277486,0.1141435076372454,140
test,all,8,pre_def,gram_random,0.5,0.5,0.5,280,70,3.9571428571428573,0.0,0.0,0.0,0.0,0.0,0.0,140
test,all,16,pre_def,gram_random,0.5,0.5,0.5,280,70,4.635714285714286,0.0,0.0,0.0,0.0,0.0,0.0,140
test,all,24,pre_def,gram_random,0.5,0.5,0.5,280,70,5.014285714285714,0.0,0.0,0.0,0.0,0.0,0.0,140
test,all,31,pre_def,gram_random,0.5,0.5,0.5,280,70,5.1571428571428575,0.0,0.0,0.0,0.0,0.0,0.0,140
test,all,8,pre_def,jlens,0.5,0.5,0.5,280,70,4.9071428571428575,0.0,0.0,0.0,0.0,0.0,0.0,140
test,all,16,pre_def,jlens,0.5,0.5,0.5,280,70,4.078571428571428,0.0,0.0,0.0,0.0,0.0,0.0,140
test,all,24,pre_def,jlens,0.5,0.5,0.5,280,70,4.057142857142857,0.0,0.0,0.0,0.0,0.0,0.0,140
test,all,31,pre_def,jlens,0.5,0.5,0.5,280,70,4.478571428571429,0.0,0.0,0.0,0.0,0.0,0.0,140
test,all,8,pre_def,logit,0.5,0.5,0.5,280,70,4.5,0.0,0.0,0.0,0.0,0.0,0.0,140
test,all,16,pre_def,logit,0.5,0.5,0.5,280,70,5.064285714285714,0.0,0.0,0.0,0.0,0.0,0.0,140
test,all,24,pre_def,logit,0.5,0.5,0.5,280,70,4.635714285714286,0.0,0.0,0.0,0.0,0.0,0.0,140
test,all,31,pre_def,logit,0.5,0.5,0.5,280,70,4.485714285714286,0.0,0.0,0.0,0.0,0.0,0.0,140
test,all,8,pre_def,probe,0.5,0.5,0.5,280,70,2.607142857142857,0.0,0.0,0.0,0.0,0.0,0.0,140
test,all,16,pre_def,probe,0.5,0.5,0.5,280,70,2.642857142857143,0.0,0.0,0.0,0.0,0.0,0.0,140
test,all,24,pre_def,probe,0.5,0.5,0.5,280,70,2.6714285714285713,0.0,0.0,0.0,0.0,0.0,0.0,140
test,all,31,pre_def,probe,0.5,0.5,0.5,280,70,2.692857142857143,0.0,0.0,0.0,0.0,0.0,0.0,140
test,all,8,use,gram_random,0.4785714285714286,0.425,0.5357142857142857,280,70,4.785714285714286,0.12142857142857143,0.06428571428571428,0.18571428571428572,-0.0014675461421055453,-0.008264017729753895,0.00499690469969728,140
test,all,16,use,gram_random,0.48928571428571427,0.45714285714285713,0.525,280,70,4.803571428571429,0.07142857142857142,0.02857142857142857,0.12142857142857143,-0.012177613537226404,-0.025063357057182916,0.0007286186915423157,140
test,all,24,use,gram_random,0.4857142857142857,0.45714285714285713,0.5107142857142857,280,70,4.671428571428572,0.03571428571428571,0.007142857142857143,0.07142857142857142,-0.02718962359109095,-0.04959737755823881,-0.004382520476356149,140
test,all,31,use,gram_random,0.5035714285714286,0.4857142857142857,0.5214285714285715,280,70,4.689285714285714,0.02857142857142857,0.007142857142857143,0.05714285714285714,0.0044771594660622735,-0.023892609612750155,0.03321772952164922,140
test,all,8,use,jlens,0.5142857142857142,0.4714285714285714,0.5607142857142857,280,70,5.4071428571428575,0.11428571428571428,0.05714285714285714,0.17857142857142858,-0.002345644762473447,-0.012972164337656326,0.008830499798724686,140
test,all,16,use,jlens,0.6071428571428571,0.5607142857142857,0.6535714285714286,280,70,2.210714285714286,0.2571428571428571,0.17857142857142858,0.33589285714285616,0.0431507622557027,0.024937948653740542,0.06126493343019059,140
test,all,24,use,jlens,0.5392857142857143,0.49642857142857144,0.5821428571428572,280,70,2.632142857142857,0.12857142857142856,0.06428571428571428,0.19285714285714287,0.09847456834145955,0.047990217693150046,0.14783003974705936,140
test,all,31,use,jlens,0.4857142857142857,0.4714285714285714,0.49642857142857144,280,70,4.189285714285714,0.0,0.0,0.0,0.06193692002977644,0.008045248304094588,0.11586268578256875,140
test,all,8,use,logit,0.5142857142857142,0.44285714285714284,0.5857142857142857,280,70,3.585714285714286,0.2357142857142857,0.14285714285714285,0.32857142857142857,0.1269882883344378,-0.15264239380934408,0.40875630988606376,140
test,all,16,use,logit,0.5035714285714286,0.46785714285714286,0.5428571428571428,280,70,2.9857142857142858,0.07857142857142857,0.02857142857142857,0.14285714285714285,0.7014079621859959,0.373161183233772,1.0260424493466103,140
test,all,24,use,logit,0.5392857142857143,0.5,0.5785714285714286,280,70,3.1035714285714286,0.11428571428571428,0.05714285714285714,0.17857142857142858,2.1809162327221463,1.1068266812818393,3.2224115113275382,140
test,all,31,use,logit,0.4857142857142857,0.4714285714285714,0.49642857142857144,280,70,4.189285714285714,0.0,0.0,0.0,1.8786709376743862,0.2439379174368722,3.515207178933279,140
test,all,8,use,probe,0.6142857142857143,0.55,0.6785714285714286,280,70,2.0285714285714285,0.3142857142857143,0.20714285714285716,0.4142857142857143,0.24528354295803834,0.1188197519939422,0.3777619353461029,140
test,all,16,use,probe,0.6785714285714286,0.6107142857142858,0.7428571428571429,280,70,1.7035714285714285,0.42857142857142855,0.32142857142857145,0.5357142857142857,0.4064537961794745,0.2638990583832908,0.5429386017313403,140
test,all,24,use,probe,0.6035714285714285,0.5285714285714286,0.6714285714285714,280,70,1.9,0.32142857142857145,0.21428571428571427,0.4216071428571419,0.24933192236889487,0.10458575523199605,0.3924077573400739,140
test,all,31,use,probe,0.5857142857142857,0.5213392857142858,0.65,280,70,2.0607142857142855,0.2785714285714286,0.18571428571428572,0.37142857142857144,0.15400712795573263,0.014353747192213372,0.2966231229752052,140
test,both_correct,8,answer,gram_random,0.5,0.5,0.5,152,61,3.9671052631578947,0.0,0.0,0.0,-0.00034265663768900066,-0.0010553347373551808,0.0003977920609417671,76
test,both_correct,16,answer,gram_random,0.5328947368421053,0.474025974025974,0.5909090909090909,152,61,6.026315789473684,0.17105263157894737,0.09210526315789473,0.2631578947368421,0.007308690367560638,-0.004501801460800278,0.019866655584152026,76
test,both_correct,24,answer,gram_random,0.5197368421052632,0.47297297297297297,0.5684931506849316,152,61,5.473684210526316,0.10526315789473684,0.04052702702702703,0.18055555555555555,-0.015312354374480875,-0.04597781700959528,0.016807363172722824,76
test,both_correct,31,answer,gram_random,0.5131578947368421,0.487012987012987,0.5394736842105263,152,61,5.019736842105263,0.039473684210526314,0.0,0.08450704225352113,-0.016960138553067258,-0.07022235605127916,0.034325824000999705,76
test,both_correct,8,answer,jlens,0.5,0.5,0.5,152,61,6.230263157894737,0.0,0.0,0.0,0.00028134872646708235,-0.0003370511887242665,0.0009006083554898694,76
test,both_correct,16,answer,jlens,0.6644736842105263,0.6081081081081081,0.72,152,61,2.2302631578947367,0.32894736842105265,0.21621621621621623,0.44,0.07604034588133034,0.06322665339708329,0.08918399383347615,76
test,both_correct,24,answer,jlens,0.7105263157894737,0.6538461538461539,0.7702702702702703,152,61,2.4078947368421053,0.4342105263157895,0.32499188311688315,0.546698630136986,1.3186773026460095,1.1344490763417592,1.5173924856070757,76
test,both_correct,31,answer,jlens,0.7960526315789473,0.75,0.8445945945945946,152,61,2.5065789473684212,0.6052631578947368,0.5138795045045045,0.6986301369863014,1.1919066780491878,1.0307993790599295,1.360468832624925,76
test,both_correct,8,answer,logit,0.5,0.4807692307692308,0.52,152,61,5.1644736842105265,0.013157894736842105,0.0,0.04225352112676056,0.0304522106522008,0.003350329480593718,0.0574279390372239,76
test,both_correct,16,answer,logit,0.618421052631579,0.574983108108108,0.6690140845070423,152,61,2.4276315789473686,0.23684210526315788,0.14996621621621622,0.3380281690140845,2.0216265540373954,1.7745520743043908,2.277051890528172,76
test,both_correct,24,answer,logit,0.743421052631579,0.6867449799196788,0.8040540540540541,152,61,2.5789473684210527,0.5,0.39473684210526316,0.6143131868131867,26.414485831009713,22.56684263660952,30.70524438567057,76
test,both_correct,31,answer,logit,0.7960526315789473,0.75,0.8445945945945946,152,61,2.5065789473684212,0.6052631578947368,0.5138795045045045,0.6986301369863014,36.15801921643709,31.270173436498695,41.27121761253289,76
test,both_correct,8,answer,probe,0.5394736842105263,0.4695121951219512,0.6111111111111112,152,61,2.1776315789473686,0.21052631578947367,0.11534810126582279,0.3157894736842105,0.11569570510968524,-0.004760088292631634,0.24664470037405023,76
test,both_correct,16,answer,probe,0.75,0.6710526315789473,0.8214408023483365,152,61,1.0460526315789473,0.5657894736842105,0.4473684210526316,0.6800138888888888,0.6147458979884457,0.46808442455336546,0.7668281532188714,76
test,both_correct,24,answer,probe,0.8618421052631579,0.8051868862844473,0.9156114718614717,152,61,0.21710526315789475,0.7368421052631579,0.6428350970017637,0.8333333333333334,1.376138334799754,1.2139280509159924,1.5325722218031272,76
test,both_correct,31,answer,probe,0.8618421052631579,0.8164556962025317,0.9041095890410958,152,61,0.24342105263157895,0.7236842105263158,0.6329113924050633,0.8082191780821918,1.3182592980171506,1.1826700784384165,1.4526404727396043,76
test,both_correct,8,def_source,gram_random,0.5,0.5,0.5,152,61,5.578947368421052,0.0,0.0,0.0,0.0,0.0,0.0,76
test,both_correct,16,def_source,gram_random,0.5,0.5,0.5,152,61,5.7631578947368425,0.0,0.0,0.0,0.0,0.0,0.0,76
test,both_correct,24,def_source,gram_random,0.5,0.5,0.5,152,61,5.8881578947368425,0.0,0.0,0.0,0.0,0.0,0.0,76
test,both_correct,31,def_source,gram_random,0.5,0.5,0.5,152,61,5.059210526315789,0.0,0.0,0.0,0.0,0.0,0.0,76
test,both_correct,8,def_source,jlens,0.5,0.5,0.5,152,61,4.052631578947368,0.0,0.0,0.0,0.0,0.0,0.0,76
test,both_correct,16,def_source,jlens,0.5,0.5,0.5,152,61,2.1184210526315788,0.0,0.0,0.0,0.0,0.0,0.0,76
test,both_correct,24,def_source,jlens,0.5,0.5,0.5,152,61,3.1842105263157894,0.0,0.0,0.0,0.0,0.0,0.0,76
test,both_correct,31,def_source,jlens,0.5,0.5,0.5,152,61,4.394736842105263,0.0,0.0,0.0,0.0,0.0,0.0,76
test,both_correct,8,def_source,logit,0.5,0.5,0.5,152,61,5.546052631578948,0.0,0.0,0.0,0.0,0.0,0.0,76
test,both_correct,16,def_source,logit,0.5,0.5,0.5,152,61,4.8618421052631575,0.0,0.0,0.0,0.0,0.0,0.0,76
test,both_correct,24,def_source,logit,0.5,0.5,0.5,152,61,4.269736842105263,0.0,0.0,0.0,0.0,0.0,0.0,76
test,both_correct,31,def_source,logit,0.5,0.5,0.5,152,61,4.394736842105263,0.0,0.0,0.0,0.0,0.0,0.0,76
test,both_correct,8,def_source,probe,0.5,0.5,0.5,152,61,1.8157894736842106,0.0,0.0,0.0,0.0,0.0,0.0,76
test,both_correct,16,def_source,probe,0.5,0.5,0.5,152,61,1.743421052631579,0.0,0.0,0.0,0.0,0.0,0.0,76
test,both_correct,24,def_source,probe,0.5,0.5,0.5,152,61,1.75,0.0,0.0,0.0,0.0,0.0,0.0,76
test,both_correct,31,def_source,probe,0.5,0.5,0.5,152,61,1.8157894736842106,0.0,0.0,0.0,0.0,0.0,0.0,76
test,both_correct,8,def_target,gram_random,0.5,0.46,0.5405405405405406,152,61,5.243421052631579,0.039473684210526314,0.0,0.10526315789473684,0.007686874584147805,0.001966972032410873,0.013167935545890148,76
test,both_correct,16,def_target,gram_random,0.5263157894736842,0.4788732394366197,0.5769230769230769,152,61,5.618421052631579,0.09210526315789473,0.013888888888888888,0.18421052631578946,0.004400486028508136,-0.016154915679149427,0.026024979617245293,76
test,both_correct,24,def_target,gram_random,0.5197368421052632,0.47333333333333333,0.5696425673482635,152,61,5.230263157894737,0.09210526315789473,0.02564102564102564,0.18421052631578946,0.04348173757132731,-0.0013816706033404995,0.09340213867850027,76
test,both_correct,31,def_target,gram_random,0.5131578947368421,0.4788656941649899,0.5486282276995305,152,61,4.3881578947368425,0.06578947368421052,0.013157894736842105,0.12658673560349437,-0.00787152781298286,-0.05329928656835983,0.04142732492648065,76
test,both_correct,8,def_target,jlens,0.46710526315789475,0.43055116033755275,0.4936708860759494,152,61,4.782894736842105,0.0,0.0,0.0,-0.0018319605212462576,-0.006899544517220337,0.003262874824926253,76
test,both_correct,16,def_target,jlens,0.4605263157894737,0.42105263157894735,0.49305793378995433,152,61,2.2565789473684212,0.0,0.0,0.0,-0.016653069049904223,-0.03211432780517184,-0.0011690842592484028,76
test,both_correct,24,def_target,jlens,0.5263157894736842,0.4939759036144578,0.5608108108108109,152,61,2.289473684210526,0.06578947368421052,0.013157894736842105,0.13157894736842105,0.1877975832474859,0.12477169432922414,0.2520047205255147,76
test,both_correct,31,def_target,jlens,0.5592105263157895,0.5135135135135135,0.6081081081081081,152,61,2.789473684210526,0.13157894736842105,0.05128205128205128,0.2278747903004421,0.29792104269328873,0.21237737939164444,0.37981903685463797,76
test,both_correct,8,def_target,logit,0.47368421052631576,0.42306338028169016,0.5194805194805194,152,61,5.993421052631579,0.039473684210526314,0.0,0.08536585365853659,-0.0034688975858060936,-0.13847947589540152,0.13478525510709571,76
test,both_correct,16,def_target,logit,0.4473684210526316,0.3961038961038961,0.49367286392405063,152,61,4.993421052631579,0.02631578947368421,0.0,0.06666666666666667,-0.49967043650777715,-0.7904957492354924,-0.184703470995084,76
test,both_correct,24,def_target,logit,0.5328947368421053,0.5,0.568767361111111,152,61,2.6776315789473686,0.07894736842105263,0.025974025974025976,0.14705882352941177,4.61798472153513,3.1829070075280863,6.110371130503512,76
test,both_correct,31,def_target,logit,0.5592105263157895,0.5135135135135135,0.6081081081081081,152,61,2.789473684210526,0.13157894736842105,0.05128205128205128,0.2278747903004421,9.038011651290091,6.443478424484665,11.522253799438475,76
test,both_correct,8,def_target,probe,0.5526315789473685,0.4817016711833785,0.6232876712328768,152,61,1.5592105263157894,0.19736842105263158,0.09522200772200771,0.30556372549019606,0.18471707736362555,0.02555878704901759,0.3450628901085921,76
test,both_correct,16,def_target,probe,0.5986842105263158,0.54,0.6602623456790123,152,61,1.4736842105263157,0.23684210526315788,0.13513513513513514,0.3506669006669006,0.46557248786312383,0.307477500836656,0.6191385405340003,76
test,both_correct,24,def_target,probe,0.5855263157894737,0.5389485514485515,0.6418918918918919,152,61,1.388157894736842,0.18421052631578946,0.09210526315789473,0.2948717948717949,0.4860916322489318,0.3622529650364053,0.6019283084585876,76
test,both_correct,31,def_target,probe,0.5855263157894737,0.5342465753424658,0.6410472972972973,152,61,1.368421052631579,0.18421052631578946,0.09207535885167464,0.29333333333333333,0.5533195661478921,0.4304265220702483,0.6724006569260018,76
test,both_correct,8,mutation,gram_random,0.5526315789473685,0.47435897435897434,0.6298701298701299,152,61,4.256578947368421,0.23684210526315788,0.12983766233766234,0.36,0.006909615580776804,-0.005209138277607659,0.01869606091640888,76
test,both_correct,16,mutation,gram_random,0.47368421052631576,0.4144736842105263,0.5303076496674057,152,61,4.8881578947368425,0.07894736842105263,0.024691358024691357,0.14864864864864866,-0.0020480001051174966,-0.03281502370299354,0.028943347969141435,76
test,both_correct,24,mutation,gram_random,0.506578947368421,0.42857142857142855,0.5844178708615327,152,61,4.506578947368421,0.18421052631578946,0.09210526315789473,0.29333333333333333,0.04605330840537423,-0.023625877077014096,0.1192350855040793,76
test,both_correct,31,mutation,gram_random,0.5197368421052632,0.48570910973084885,0.5602409638554217,152,61,4.453947368421052,0.06578947368421052,0.012345679012345678,0.136986301369863,0.05424039144265024,-0.042280476945049966,0.14840977168579897,76
test,both_correct,8,mutation,jlens,0.5197368421052632,0.4788656941649899,0.5661764705882353,152,61,5.592105263157895,0.09210526315789473,0.02564102564102564,0.17147619047619023,0.0015448996012932376,-0.009430082152220043,0.0124905178918088,76
test,both_correct,16,mutation,jlens,0.4934210526315789,0.4155844155844156,0.5714285714285714,152,61,3.164473684210526,0.17105263157894737,0.07894736842105263,0.27848101265822783,-0.0010228461929057773,-0.036225305863057826,0.036625161752370815,76
test,both_correct,24,mutation,jlens,0.5131578947368421,0.4375,0.5890472113502935,152,61,3.4671052631578947,0.17105263157894737,0.06944444444444445,0.28205128205128205,-0.025718914835076583,-0.10949213984373368,0.053945718321125845,76
test,both_correct,31,mutation,jlens,0.5,0.48051307245386193,0.52,152,61,4.578947368421052,0.013157894736842105,0.0,0.041666666666666664,-0.005795623126782869,-0.14497024898457628,0.13135030838361203,76
test,both_correct,8,mutation,logit,0.4868421052631579,0.40257034632034633,0.5759493670886076,152,61,4.184210526315789,0.21052631578947367,0.11996052631578948,0.32395317853064326,0.009830845814002188,-0.3297425951831111,0.3426764984331875,76
test,both_correct,16,mutation,logit,0.506578947368421,0.4545305023923445,0.5592105263157895,152,61,4.328947368421052,0.09210526315789473,0.025974025974025976,0.17567567567567569,0.0823907240440971,-0.6625611431584989,0.8471334357604189,76
test,both_correct,24,mutation,logit,0.506578947368421,0.4513888888888889,0.564935064935065,152,61,3.901315789473684,0.10526315789473684,0.038461538461538464,0.1917808219178082,0.10226816252658241,-1.603483276495707,1.7026660292943312,76
test,both_correct,31,mutation,logit,0.5,0.48051307245386193,0.52,152,61,4.578947368421052,0.013157894736842105,0.0,0.041666666666666664,-0.1753951624820107,-4.3962504064869865,3.985888843343715,76
test,both_correct,8,mutation,probe,0.4407894736842105,0.33783783783783783,0.5472972972972973,152,61,2.8026315789473686,0.25,0.13580246913580246,0.3717948717948718,-0.07165328037980974,-0.23620306592309323,0.1126385054746332,76
test,both_correct,16,mutation,probe,0.4473684210526316,0.35135135135135137,0.5533513513513513,152,61,2.8026315789473686,0.23684210526315788,0.12987012987012986,0.3561643835616438,-0.07508279256619158,-0.2335321243434822,0.10265255549619122,76
test,both_correct,24,mutation,probe,0.39473684210526316,0.29727227227227226,0.5,152,61,2.9342105263157894,0.18421052631578946,0.08330479452054794,0.3026315789473684,-0.09316828485010008,-0.24778424486480435,0.08196284657396977,76
test,both_correct,31,mutation,probe,0.45394736842105265,0.36707805907172997,0.5466824324324323,152,61,2.776315789473684,0.19736842105263158,0.0945945945945946,0.3157894736842105,-0.09245420660423215,-0.23816731423035806,0.07169450407452523,76
test,both_correct,8,pre_def,gram_random,0.5,0.5,0.5,152,61,3.763157894736842,0.0,0.0,0.0,0.0,0.0,0.0,76
test,both_correct,16,pre_def,gram_random,0.5,0.5,0.5,152,61,4.651315789473684,0.0,0.0,0.0,0.0,0.0,0.0,76
test,both_correct,24,pre_def,gram_random,0.5,0.5,0.5,152,61,4.934210526315789,0.0,0.0,0.0,0.0,0.0,0.0,76
test,both_correct,31,pre_def,gram_random,0.5,0.5,0.5,152,61,5.026315789473684,0.0,0.0,0.0,0.0,0.0,0.0,76
test,both_correct,8,pre_def,jlens,0.5,0.5,0.5,152,61,5.046052631578948,0.0,0.0,0.0,0.0,0.0,0.0,76
test,both_correct,16,pre_def,jlens,0.5,0.5,0.5,152,61,4.118421052631579,0.0,0.0,0.0,0.0,0.0,0.0,76
test,both_correct,24,pre_def,jlens,0.5,0.5,0.5,152,61,4.098684210526316,0.0,0.0,0.0,0.0,0.0,0.0,76
test,both_correct,31,pre_def,jlens,0.5,0.5,0.5,152,61,4.473684210526316,0.0,0.0,0.0,0.0,0.0,0.0,76
test,both_correct,8,pre_def,logit,0.5,0.5,0.5,152,61,4.7368421052631575,0.0,0.0,0.0,0.0,0.0,0.0,76
test,both_correct,16,pre_def,logit,0.5,0.5,0.5,152,61,5.217105263157895,0.0,0.0,0.0,0.0,0.0,0.0,76
test,both_correct,24,pre_def,logit,0.5,0.5,0.5,152,61,4.651315789473684,0.0,0.0,0.0,0.0,0.0,0.0,76
test,both_correct,31,pre_def,logit,0.5,0.5,0.5,152,61,4.480263157894737,0.0,0.0,0.0,0.0,0.0,0.0,76
test,both_correct,8,pre_def,probe,0.5,0.5,0.5,152,61,2.5921052631578947,0.0,0.0,0.0,0.0,0.0,0.0,76
test,both_correct,16,pre_def,probe,0.5,0.5,0.5,152,61,2.6447368421052633,0.0,0.0,0.0,0.0,0.0,0.0,76
test,both_correct,24,pre_def,probe,0.5,0.5,0.5,152,61,2.625,0.0,0.0,0.0,0.0,0.0,0.0,76
test,both_correct,31,pre_def,probe,0.5,0.5,0.5,152,61,2.6710526315789473,0.0,0.0,0.0,0.0,0.0,0.0,76
test,both_correct,8,use,gram_random,0.4934210526315789,0.4236111111111111,0.5555555555555556,152,61,4.6381578947368425,0.14473684210526316,0.0641025641025641,0.23376623376623376,0.0006869319630296607,-0.0081560117167515,0.00979753102930131,76
test,both_correct,16,use,gram_random,0.47368421052631576,0.4246575342465753,0.5202702702702703,152,61,4.625,0.06578947368421052,0.0136986301369863,0.12860389610389591,-0.017219506008060353,-0.0313504052447776,-0.0026805444143530805,76
test,both_correct,24,use,gram_random,0.4868421052631579,0.44926142697881827,0.524699074074074,152,61,5.059210526315789,0.039473684210526314,0.0,0.08571428571428572,-0.034662444830725066,-0.0632551752999756,-0.004707631978447985,76
test,both_correct,31,use,gram_random,0.5131578947368421,0.4857142857142857,0.5460526315789473,152,61,4.3618421052631575,0.05263157894736842,0.012658227848101266,0.10666666666666667,0.027872222622758465,-0.007385254634149318,0.0641832634567311,76
test,both_correct,8,use,jlens,0.5,0.45,0.5533333333333333,152,61,5.5394736842105265,0.09210526315789473,0.02631578947368421,0.17333333333333334,-0.0008345529142963258,-0.012625729746038192,0.011226597750438496,76
test,both_correct,16,use,jlens,0.5855263157894737,0.5333333333333333,0.6400060975609756,152,61,2.486842105263158,0.21052631578947367,0.1232876712328767,0.3037974683544304,0.03814315683159389,0.015987328133487706,0.0607312802371702,76
test,both_correct,24,use,jlens,0.5131578947368421,0.47297297297297297,0.5547945205479452,152,61,3.1052631578947367,0.07894736842105263,0.02564102564102564,0.14285714285714285,0.08654287653534036,0.026569127852051726,0.14756901189331945,76
test,both_correct,31,use,jlens,0.48026315789473684,0.45569620253164556,0.5,152,61,4.309210526315789,0.0,0.0,0.0,0.027079550843489796,-0.034711434569410976,0.09221364240959577,76
test,both_correct,8,use,logit,0.5263157894736842,0.4444444444444444,0.6169124278499277,152,61,3.7828947368421053,0.25,0.14285714285714285,0.3717948717948718,0.061775439271801395,-0.2715868959212968,0.4132983319591249,76
test,both_correct,16,use,logit,0.4868421052631579,0.4342105263157895,0.5347222222222222,152,61,3.1710526315789473,0.07894736842105263,0.026307245386192755,0.14285714285714285,0.4867971476755644,0.06860606613926505,0.9396713175388265,76
test,both_correct,24,use,logit,0.5263157894736842,0.5,0.5588332043343652,152,61,3.3289473684210527,0.06578947368421052,0.013513513513513514,0.128246753246753,1.946646706054085,0.6985711519674326,3.2518726635883013,76
test,both_correct,31,use,logit,0.48026315789473684,0.45569620253164556,0.5,152,61,4.309210526315789,0.0,0.0,0.0,0.8214344225431743,-1.0537639007125092,2.7974013533120767,76
test,both_correct,8,use,probe,0.5855263157894737,0.5185185185185185,0.6554054054054054,152,61,2.2171052631578947,0.23684210526315788,0.13333333333333333,0.35137038446897595,0.1714986251003881,0.05435721015348994,0.3003295561518752,76
test,both_correct,16,use,probe,0.6513157894736842,0.5675675675675675,0.7284143518518518,152,61,1.8486842105263157,0.3815789473684211,0.2530854430379747,0.512828947368421,0.34270965774569623,0.21896077285823604,0.4749639655245484,76
test,both_correct,24,use,probe,0.5657894736842105,0.4868421052631579,0.647887323943662,152,61,2.098684210526316,0.2631578947368421,0.15384615384615385,0.38674025974025933,0.1597017008898547,0.031015541251126707,0.3076254728163145,76
test,both_correct,31,use,probe,0.5394736842105263,0.4691358024691358,0.6118421052631579,152,61,2.263157894736842,0.18421052631578946,0.0958904109589041,0.2911524261603375,0.06018250026681926,-0.07157776667010989,0.2027809197163409,76
