split,position,site_kind,site,variant,n_families,min_family_delta,max_family_delta,all_families_positive,all_families_ci_positive,delta_affine,ci_lo_affine,delta_threshold,ci_lo_threshold
calib,pre_def,band,L12+18+23,gram_random,2,-0.005989583333333334,0.0003906468550364176,False,False,0.0003906468550364176,-0.005468722681204478,-0.005989583333333334,-0.009635416666666667
calib,pre_def,band,L12+18+23,jlens_answer,2,-0.003125,0.003906261920928955,False,False,0.003906261920928955,-0.0010416547705729801,-0.003125,-0.00625
calib,pre_def,band,L12+18+23,jlens_value,2,-0.0015625,0.0009114603201548258,False,False,0.0009114603201548258,-0.004296866158644358,-0.0015625,-0.005208333333333333
calib,pre_def,band,L12+18+23,logit_value,2,-0.0010416666666666667,-0.000651019811630249,False,False,-0.000651019811630249,-0.005468720197677612,-0.0010416666666666667,-0.0046875
calib,pre_def,band,L12+18+23,noop_same_value,2,0.0,0.0,False,False,0.0,0.0,0.0,0.0
calib,pre_def,band,L12+18+23,whole_state,2,0.0,0.0,False,False,0.0,0.0,0.0,0.0
calib,pre_def,band,L6+12+18,gram_random,2,-0.0013020833333333333,0.0009114633003870647,False,False,0.0009114633003870647,-0.0036458224554856617,-0.0013020833333333333,-0.005208333333333333
calib,pre_def,band,L6+12+18,jlens_answer,2,-0.0020833333333333333,0.003385425607363383,False,False,0.003385425607363383,-0.0015624861419200897,-0.0020833333333333333,-0.00625
calib,pre_def,band,L6+12+18,jlens_value,2,0.0005208333333333333,0.0019531418879826863,True,False,0.0019531418879826863,-0.0016926865776379903,0.0005208333333333333,-0.0033854166666666668
calib,pre_def,band,L6+12+18,logit_value,2,-0.00026041666666666666,0.0022135595480600994,False,False,0.0022135595480600994,-0.0020865837732950846,-0.00026041666666666666,-0.0046875
calib,pre_def,band,L6+12+18,noop_same_value,2,0.0,0.0,False,False,0.0,0.0,0.0,0.0
calib,pre_def,band,L6+12+18,whole_state,2,0.0,0.0,False,False,0.0,0.0,0.0,0.0
calib,pre_def,single,L12,gram_random,2,0.00078125,0.0019531349341074624,True,False,0.0019531349341074624,-0.0013020635147889454,0.00078125,-0.0026041666666666665
calib,pre_def,single,L12,jlens_answer,2,0.00078125,0.0020833502213160196,True,False,0.0020833502213160196,-0.0010416467984517416,0.00078125,-0.00234375
calib,pre_def,single,L12,jlens_value,2,-0.0020833333333333333,0.00039062599341074626,False,False,0.00039062599341074626,-0.005338532800475756,-0.0020833333333333333,-0.006510416666666667
calib,pre_def,single,L12,logit_value,2,0.0005208333333333333,0.003385425607363383,True,False,0.003385425607363383,-0.0015624920775492985,0.0005208333333333333,-0.0036458333333333334
calib,pre_def,single,L12,noop_same_value,2,0.0,0.0,False,False,0.0,0.0,0.0,0.0
calib,pre_def,single,L12,whole_state,2,0.0,0.0,False,False,0.0,0.0,0.0,0.0
calib,pre_def,single,L18,gram_random,2,-0.004166666666666667,0.0066406448682149255,False,False,0.0066406448682149255,0.0026041894406080247,-0.004166666666666667,-0.00859375
calib,pre_def,single,L18,jlens_answer,2,-0.0020833333333333333,-0.0020833184321721395,False,False,-0.0020833184321721395,-0.007291647791862488,-0.0020833333333333333,-0.005208333333333333
calib,pre_def,single,L18,jlens_value,2,-0.0033854166666666668,0.002083352208137512,False,False,0.002083352208137512,-0.0023437321434418364,-0.0033854166666666668,-0.0078125
calib,pre_def,single,L18,logit_value,2,-0.0026041666666666665,0.00364584227403005,False,False,0.00364584227403005,0.0005208333333333333,-0.0026041666666666665,-0.006510416666666667
calib,pre_def,single,L18,noop_same_value,2,0.0,0.0,False,False,0.0,0.0,0.0,0.0
calib,pre_def,single,L18,whole_state,2,0.0,0.0,False,False,0.0,0.0,0.0,0.0
calib,pre_def,single,L23,gram_random,2,0.0,0.0,False,False,0.0,0.0,0.0,0.0
calib,pre_def,single,L23,jlens_answer,2,0.0,0.0,False,False,0.0,0.0,0.0,0.0
calib,pre_def,single,L23,jlens_value,2,0.0,0.0,False,False,0.0,0.0,0.0,0.0
calib,pre_def,single,L23,logit_value,2,0.0,0.0,False,False,0.0,0.0,0.0,0.0
calib,pre_def,single,L23,noop_same_value,2,0.0,0.0,False,False,0.0,0.0,0.0,0.0
calib,pre_def,single,L23,whole_state,2,0.0,0.0,False,False,0.0,0.0,0.0,0.0
calib,pre_def,single,L6,gram_random,2,0.00026041666666666666,0.0010416716337203979,True,False,0.0010416716337203979,-0.004687490065892538,0.00026041666666666666,-0.00390625
calib,pre_def,single,L6,jlens_answer,2,0.0010416666666666667,0.005078135927518209,True,False,0.005078135927518209,-0.000520829384525617,0.0010416666666666667,-0.0036458333333333334
calib,pre_def,single,L6,jlens_value,2,-0.00390625,0.0033854246139526367,False,False,0.0033854246139526367,-0.00026041475435098016,-0.00390625,-0.0078125
calib,pre_def,single,L6,logit_value,2,0.0,0.0007812599341074626,False,False,0.0007812599341074626,-0.0036458294341961545,0.0,-0.004166666666666667
calib,pre_def,single,L6,noop_same_value,2,0.0,0.0,False,False,0.0,0.0,0.0,0.0
calib,pre_def,single,L6,whole_state,2,0.0,0.0,False,False,0.0,0.0,0.0,0.0
calib,use,band,L12+18+23,gram_random,2,-0.0010416666666666667,0.0011718918879826863,False,False,0.0011718918879826863,-0.0022135237852732343,-0.0010416666666666667,-0.004427083333333333
calib,use,band,L12+18+23,jlens_answer,2,-0.0046875,-0.0002603977918624878,False,False,-0.0002603977918624878,-0.005208319475253424,-0.0046875,-0.008854166666666666
calib,use,band,L12+18+23,jlens_value,2,-0.0010416666666666667,0.0041666696468989056,False,False,0.0041666696468989056,-0.0005208174635966618,-0.0010416666666666667,-0.005989583333333334
calib,use,band,L12+18+23,logit_value,2,0.0,0.001562514901161194,False,False,0.001562514901161194,-0.002617188890775044,0.0,-0.0046875
calib,use,band,L12+18+23,noop_same_value,2,0.0,0.0,False,False,0.0,0.0,0.0,0.0
calib,use,band,L12+18+23,whole_state,2,-0.002864583333333333,0.05950520932674408,False,False,0.05950520932674408,0.011054696639378867,-0.002864583333333333,-0.009375
calib,use,band,L6+12+18,gram_random,2,-0.005989583333333334,0.0026041706403096515,False,False,0.0026041706403096515,-0.004166659787297249,-0.005989583333333334,-0.010416666666666666
calib,use,band,L6+12+18,jlens_answer,2,0.00026041666666666666,0.002213550607363383,True,False,0.002213550607363383,-0.0036458273977041248,0.00026041666666666666,-0.0036458333333333334
calib,use,band,L6+12+18,jlens_value,2,-0.0033854166666666668,0.009895843267440797,False,False,0.009895843267440797,0.002604172577460607,-0.0033854166666666668,-0.007291666666666667
calib,use,band,L6+12+18,logit_value,2,0.0013020833333333333,0.0067708373069763185,True,False,0.0067708373069763185,0.002604167660077413,0.0013020833333333333,-0.00390625
calib,use,band,L6+12+18,noop_same_value,2,0.0,0.0,False,False,0.0,0.0,0.0,0.0
calib,use,band,L6+12+18,whole_state,2,-0.012239583333333333,0.504296878973643,False,False,0.504296878973643,0.2877571703493595,-0.012239583333333333,-0.03697916666666667
calib,use,single,L12,gram_random,2,-0.0026041666666666665,-0.001302070418993632,False,False,-0.001302070418993632,-0.005468746100862821,-0.0026041666666666665,-0.0067708333333333336
calib,use,single,L12,jlens_answer,2,-0.0013020833333333333,0.004427088300387064,False,False,0.004427088300387064,-0.0005208214372396468,-0.0013020833333333333,-0.00546875
calib,use,single,L12,jlens_value,2,0.0013020833333333333,0.0023437599341074628,True,False,0.0023437599341074628,-0.0015624910593032837,0.0013020833333333333,-0.003125
calib,use,single,L12,logit_value,2,-0.00234375,0.003255215287208557,False,False,0.003255215287208557,-0.0024739414701859157,-0.00234375,-0.0067708333333333336
calib,use,single,L12,noop_same_value,2,0.0,0.0,False,False,0.0,0.0,0.0,0.0
calib,use,single,L12,whole_state,2,-0.004427083333333333,0.05690105656782786,False,False,0.05690105656782786,0.01001629702746868,-0.004427083333333333,-0.010944010416666665
calib,use,single,L18,gram_random,2,-0.003125,0.004427090287208557,False,False,0.004427090287208557,2.9802322387695314e-09,-0.003125,-0.007291666666666667
calib,use,single,L18,jlens_answer,2,-0.0018229166666666667,0.001041687528292338,False,False,0.001041687528292338,-0.002604160780707995,-0.0018229166666666667,-0.00546875
calib,use,single,L18,jlens_value,2,-0.003125,-0.0015624701976776124,False,False,-0.0015624701976776124,-0.005208309516310692,-0.003125,-0.007552083333333333
calib,use,single,L18,logit_value,2,-0.00234375,0.0024739603201548257,False,False,0.0024739603201548257,-0.0011751358707745869,-0.00234375,-0.006510416666666667
calib,use,single,L18,noop_same_value,2,0.0,0.0,False,False,0.0,0.0,0.0,0.0
calib,use,single,L18,whole_state,2,-0.0006510456403096517,0.00026041666666666666,False,False,-0.0006510456403096517,-0.029296883990367256,0.00026041666666666666,-0.004427083333333333
calib,use,single,L23,gram_random,2,0.0,0.0,False,False,0.0,0.0,0.0,0.0
calib,use,single,L23,jlens_answer,2,0.0,0.0,False,False,0.0,0.0,0.0,0.0
calib,use,single,L23,jlens_value,2,0.0,0.0,False,False,0.0,0.0,0.0,0.0
calib,use,single,L23,logit_value,2,0.0,0.0,False,False,0.0,0.0,0.0,0.0
calib,use,single,L23,noop_same_value,2,0.0,0.0,False,False,0.0,0.0,0.0,0.0
calib,use,single,L23,whole_state,2,0.0,0.0,False,False,0.0,0.0,0.0,0.0
calib,use,single,L6,gram_random,2,-0.004427083333333333,0.0011718938748041788,False,False,0.0011718938748041788,-0.003649083897471428,-0.004427083333333333,-0.007552083333333333
calib,use,single,L6,jlens_answer,2,-0.00026041666666666666,0.003906253973642985,False,False,0.003906253973642985,-0.0015624801566203434,-0.00026041666666666666,-0.005208333333333333
calib,use,single,L6,jlens_value,2,-0.0018229166666666667,0.011067719260851542,False,False,0.011067719260851542,0.0036458461731672287,-0.0018229166666666667,-0.00546875
calib,use,single,L6,logit_value,2,0.00026041666666666666,0.005859381953875224,True,False,0.005859381953875224,0.0011686164389053983,0.00026041666666666666,-0.0033854166666666668
calib,use,single,L6,noop_same_value,2,0.0,0.0,False,False,0.0,0.0,0.0,0.0
calib,use,single,L6,whole_state,2,-0.013541666666666667,0.4915364513794581,False,False,0.4915364513794581,0.27548176974058153,-0.013541666666666667,-0.03958984375
test,pre_def,band,L12+18+23,gram_random,2,-0.0050223239830562046,0.0003348214285714286,False,False,-0.0050223239830562046,-0.009598215382014002,0.0003348214285714286,-0.0026785714285714286
test,pre_def,band,L12+18+23,jlens_answer,2,-0.004575893708637782,-0.00011160714285714285,False,False,-0.004575893708637782,-0.008147324887769564,-0.00011160714285714285,-0.0033482142857142855
test,pre_def,band,L12+18+23,jlens_value,2,-0.0031250004257474626,0.00234375,False,False,-0.0031250004257474626,-0.006696433361087526,0.00234375,-0.0003348214285714286
test,pre_def,band,L12+18+23,logit_value,2,-0.002008938789367676,0.0005580355014119829,False,False,-0.002008938789367676,-0.005133943100060736,0.0005580355014119829,-0.002678571433893272
test,pre_def,band,L12+18+23,noop_same_value,2,0.0,0.0,False,False,0.0,0.0,0.0,0.0
test,pre_def,band,L12+18+23,whole_state,2,0.0,0.0,False,False,0.0,0.0,0.0,0.0
test,pre_def,band,L6+12+18,gram_random,2,-0.0031250046832220894,0.0012276785714285714,False,False,-0.0031250046832220894,-0.006587621037449156,0.0012276785714285714,-0.0021233258928571425
test,pre_def,band,L6+12+18,jlens_answer,2,-0.0030133907284055437,0.0015625,False,False,-0.0030133907284055437,-0.007366065500038011,0.0015625,-0.0012276785714285714
test,pre_def,band,L6+12+18,jlens_value,2,-0.0037946420056479318,0.00011160714285714285,False,False,-0.0037946420056479318,-0.008370540120771952,0.00011160714285714285,-0.003125
test,pre_def,band,L6+12+18,logit_value,2,-0.0036830352885382518,0.0011160714285714285,False,False,-0.0036830352885382518,-0.007480478510260582,0.0011160714285714285,-0.0018973214285714286
test,pre_def,band,L6+12+18,noop_same_value,2,0.0,0.0,False,False,0.0,0.0,0.0,0.0
test,pre_def,band,L6+12+18,whole_state,2,0.0,0.0,False,False,0.0,0.0,0.0,0.0
test,pre_def,single,L12,gram_random,2,-0.003794645411627633,-0.0006696430700165885,False,False,-0.003794645411627633,-0.007924108537180083,-0.0006696430700165885,-0.003794642857142857
test,pre_def,single,L12,jlens_answer,2,-0.0031250051089695523,0.0013392857142857143,False,False,-0.0031250051089695523,-0.0068080293387174605,0.0013392857142857143,-0.0018973214285714286
test,pre_def,single,L12,jlens_value,2,-0.002901794229234968,0.0015624997871262686,False,False,-0.002901794229234968,-0.00647321988429342,0.0015624997871262686,-0.0013392857142857143
test,pre_def,single,L12,logit_value,2,-0.00323660671710968,-0.00022321407284055437,False,False,-0.00323660671710968,-0.006361612815942083,-0.00022321407284055437,-0.0034598212210195404
test,pre_def,single,L12,noop_same_value,2,0.0,0.0,False,False,0.0,0.0,0.0,0.0
test,pre_def,single,L12,whole_state,2,0.0,0.0,False,False,0.0,0.0,0.0,0.0
test,pre_def,single,L18,gram_random,2,-0.0034598239830562045,0.00011160714285714285,False,False,-0.0034598239830562045,-0.007477674367172378,0.00011160714285714285,-0.0029017857142857144
test,pre_def,single,L18,jlens_answer,2,-0.004464293803487505,0.0004464285714285714,False,False,-0.004464293803487505,-0.00748048790863582,0.0004464285714285714,-0.0027901785714285715
test,pre_def,single,L18,jlens_value,2,-0.0021205408232552667,-0.0011160714285714285,False,False,-0.0021205408232552667,-0.005133926059518542,-0.0011160714285714285,-0.004464285714285714
test,pre_def,single,L18,logit_value,2,-0.006250002980232238,-0.0003348214285714286,False,False,-0.006250002980232238,-0.009263396816594261,-0.0003348214285714286,-0.0033482142857142855
test,pre_def,single,L18,noop_same_value,2,0.0,0.0,False,False,0.0,0.0,0.0,0.0
test,pre_def,single,L18,whole_state,2,0.0,0.0,False,False,0.0,0.0,0.0,0.0
test,pre_def,single,L23,gram_random,2,0.0,0.0,False,False,0.0,0.0,0.0,0.0
test,pre_def,single,L23,jlens_answer,2,0.0,0.0,False,False,0.0,0.0,0.0,0.0
test,pre_def,single,L23,jlens_value,2,0.0,0.0,False,False,0.0,0.0,0.0,0.0
test,pre_def,single,L23,logit_value,2,0.0,0.0,False,False,0.0,0.0,0.0,0.0
test,pre_def,single,L23,noop_same_value,2,0.0,0.0,False,False,0.0,0.0,0.0,0.0
test,pre_def,single,L23,whole_state,2,0.0,0.0,False,False,0.0,0.0,0.0,0.0
test,pre_def,single,L6,gram_random,2,-0.0030133898769106183,0.00011160692998341152,False,False,-0.0030133898769106183,-0.006919646263122558,0.00011160692998341152,-0.0030133928571428573
test,pre_def,single,L6,jlens_answer,2,-0.0018973231315612793,0.0005580357142857143,False,False,-0.0018973231315612793,-0.006138400627034051,0.0005580357142857143,-0.0025669642857142857
test,pre_def,single,L6,jlens_value,2,-0.001227680274418422,-0.0005580357142857143,False,False,-0.001227680274418422,-0.0053571403665202,-0.0005580357142857143,-0.0034598214285714284
test,pre_def,single,L6,logit_value,2,-0.00479911310332162,-0.00078125,False,False,-0.00479911310332162,-0.008819770280803952,-0.00078125,-0.00390625
test,pre_def,single,L6,noop_same_value,2,0.0,0.0,False,False,0.0,0.0,0.0,0.0
test,pre_def,single,L6,whole_state,2,0.0,0.0,False,False,0.0,0.0,0.0,0.0
test,use,band,L12+18+23,gram_random,2,-0.003571427719933646,0.0007812502128737314,False,False,-0.003571427719933646,-0.007477678603359631,0.0007812502128737314,-0.0024553567224315236
test,use,band,L12+18+23,jlens_answer,2,-0.0031250059604644776,0.0004464285714285714,False,False,-0.0031250059604644776,-0.0069196560553142,0.0004464285714285714,-0.0030133928571428573
test,use,band,L12+18+23,jlens_value,2,-0.00200893155166081,-0.0002232142857142857,False,False,-0.00200893155166081,-0.0061383869605405,-0.0002232142857142857,-0.003236607142857143
test,use,band,L12+18+23,logit_value,2,-0.0032366152320589337,-0.0006696428571428571,False,False,-0.0032366152320589337,-0.00714286995785577,-0.0006696428571428571,-0.0035714285714285713
test,use,band,L12+18+23,noop_same_value,2,0.0,0.0,False,False,0.0,0.0,0.0,0.0
test,use,band,L12+18+23,whole_state,2,-0.006361607142857143,0.0882812397820609,False,False,0.0882812397820609,0.05669083001358168,-0.006361607142857143,-0.011495535714285715
test,use,band,L6+12+18,gram_random,2,-0.0020089302744184224,0.00078125,False,False,-0.0020089302744184224,-0.006473220746432032,0.00078125,-0.002455357142857143
test,use,band,L6+12+18,jlens_answer,2,0.00033482185431889125,0.0006696426442691258,True,False,0.00033482185431889125,-0.004129463923828943,0.0006696426442691258,-0.002455357142857143
test,use,band,L6+12+18,jlens_value,2,0.00022321449858801704,0.008258937086377824,True,False,0.008258937086377824,0.002678583264350891,0.00022321449858801704,-0.0029017857142857144
test,use,band,L6+12+18,logit_value,2,-0.001227677719933646,0.0006696426442691258,False,False,-0.001227677719933646,-0.004799100788576262,0.0006696426442691258,-0.002678571433893272
test,use,band,L6+12+18,noop_same_value,2,0.0,0.0,False,False,0.0,0.0,0.0,0.0
test,use,band,L6+12+18,whole_state,2,-0.0078125,0.4484375021287373,False,False,0.4484375021287373,0.29094865911773277,-0.0078125,-0.021205357142857144
test,use,single,L12,gram_random,2,-0.00334821343421936,-0.00234375,False,False,-0.00334821343421936,-0.0073660570383071895,-0.00234375,-0.005357142857142857
test,use,single,L12,jlens_answer,2,-0.0043526815516608105,-0.0014508930700165884,False,False,-0.0043526815516608105,-0.00859375129852976,-0.0014508930700165884,-0.004913505294493267
test,use,single,L12,jlens_value,2,-0.00033482185431889125,0.00044642388820648193,False,False,0.00044642388820648193,-0.0035714303169931683,-0.00033482185431889125,-0.003571428997176034
test,use,single,L12,logit_value,2,-0.003794639025415693,-0.00022321449858801704,False,False,-0.003794639025415693,-0.007589280232787133,-0.00022321449858801704,-0.0035714285714285713
test,use,single,L12,noop_same_value,2,0.0,0.0,False,False,0.0,0.0,0.0,0.0
test,use,single,L12,whole_state,2,-0.007589285714285714,0.08526785671710968,False,False,0.08526785671710968,0.054461496791669305,-0.007589285714285714,-0.013392857142857142
test,use,single,L18,gram_random,2,-0.0035714230367115568,-0.00011160714285714285,False,False,-0.0035714230367115568,-0.007031245763812746,-0.00011160714285714285,-0.003462611607142857
test,use,single,L18,jlens_answer,2,-0.0033482172659465245,0.0012276785714285714,False,False,-0.0033482172659465245,-0.006808034096445356,0.0012276785714285714,-0.001339285724929401
test,use,single,L18,jlens_value,2,-0.0011160820722579956,0.0003348214285714286,False,False,-0.0011160820722579956,-0.004464293409671102,0.0003348214285714286,-0.0030133928571428573
test,use,single,L18,logit_value,2,-0.003125004257474627,0.0015625002128737313,False,False,-0.003125004257474627,-0.006808034490261759,0.0015625002128737313,-0.0013420758768916128
test,use,single,L18,noop_same_value,2,0.0,0.0,False,False,0.0,0.0,0.0,0.0
test,use,single,L18,whole_state,2,-0.0014508928571428572,0.029799105865614756,False,False,0.029799105865614756,0.005691959453480584,-0.0014508928571428572,-0.004575892857142857
test,use,single,L23,gram_random,2,0.0,0.0,False,False,0.0,0.0,0.0,0.0
test,use,single,L23,jlens_answer,2,0.0,0.0,False,False,0.0,0.0,0.0,0.0
test,use,single,L23,jlens_value,2,0.0,0.0,False,False,0.0,0.0,0.0,0.0
test,use,single,L23,logit_value,2,0.0,0.0,False,False,0.0,0.0,0.0,0.0
test,use,single,L23,noop_same_value,2,0.0,0.0,False,False,0.0,0.0,0.0,0.0
test,use,single,L23,whole_state,2,0.0,0.0,False,False,0.0,0.0,0.0,0.0
test,use,single,L6,gram_random,2,-0.0023437542574746267,0.0011160712156976973,False,False,-0.0023437542574746267,-0.007031255130256925,0.0011160712156976973,-0.002120535927159446
test,use,single,L6,jlens_answer,2,-0.0020089285714285712,0.0015624982970101492,False,False,0.0015624982970101492,-0.0031250078443969998,-0.0020089285714285712,-0.005245535714285714
test,use,single,L6,jlens_value,2,0.0011160714285714285,0.003571427719933646,True,False,0.003571427719933646,-0.0020089316687413625,0.0011160714285714285,-0.0020089285714285712
test,use,single,L6,logit_value,2,-0.004241077814783369,-0.0002232142857142857,False,False,-0.004241077814783369,-0.008373339655143874,-0.0002232142857142857,-0.0030133928571428573
test,use,single,L6,noop_same_value,2,0.0,0.0,False,False,0.0,0.0,0.0,0.0
test,use,single,L6,whole_state,2,-0.0060267857142857146,0.42198659990515025,False,False,0.42198659990515025,0.2662695253108229,-0.0060267857142857146,-0.020873325882213453
