model,layer,site,condition,condition_kind,condition_order,n,sv1_share,sv1_floor,mean_pairwise_cosine,resultant_length,mean_norm,dropped_zero_norm,same_label_unsafe_n,same_label_unsafe_sv1_share,same_label_unsafe_sv1_floor,same_label_unsafe_mean_pairwise_cosine,same_label_unsafe_resultant_length,same_label_unsafe_mean_norm,same_label_unsafe_dropped_zero_norm,same_label_safe_n,same_label_safe_sv1_share,same_label_safe_sv1_floor,same_label_safe_mean_pairwise_cosine,same_label_safe_resultant_length,same_label_safe_mean_norm,same_label_safe_dropped_zero_norm,n_pairs,same_label_sv1_share,sv1_ratio,proj_mean,proj_sign_consistency,proj_ci_lo,proj_ci_hi,same_label_proj_mean,same_label_proj_sign_consistency
deepseek-coder-1.3b,-1,sink_arg,clean_heldout,clean,-1,18,0.20249719497175558,0.05555555555555555,-0.031858753318238044,0.15958299714324087,245.88907316364222,54,43,0.3458934868216941,0.023255813953488372,-0.023742983934648142,0.008061788630636994,223.94617824325445,29,43,0.34322874028724887,0.023255813953488372,-0.023731462047362043,0.008731916876840416,224.77680117466087,29,18,0.3458934868216941,0.5854322289570651,-0.008439762504458204,0.4444444444444444,-0.1344222198677192,0.11072434899796756,0.0003271188498126985,0.5116279069767442
deepseek-coder-1.3b,-1,sink_arg,encode_only,atomic,13,18,0.20249719497175558,0.05555555555555555,-0.031858753318238044,0.15958299714324087,245.88907316364222,54,43,0.3458934868216941,0.023255813953488372,-0.023742983934648142,0.008061788630636994,223.94617824325445,29,43,0.34322874028724887,0.023255813953488372,-0.023731462047362043,0.008731916876840416,224.77680117466087,29,18,0.3458934868216941,0.5854322289570651,-0.008439762504458204,0.4444444444444444,-0.1344222198677192,0.11072434899796756,0.0003271188498126985,0.5116279069767442
deepseek-coder-1.3b,-1,sink_arg,flatten_only,atomic,14,18,0.20249719497175558,0.05555555555555555,-0.031858753318238044,0.15958299714324087,245.88907316364222,54,43,0.3458934868216941,0.023255813953488372,-0.023742983934648142,0.008061788630636994,223.94617824325445,29,43,0.34322874028724887,0.023255813953488372,-0.023731462047362043,0.008731916876840416,224.77680117466087,29,18,0.3458934868216941,0.5854322289570651,-0.008439762504458204,0.4444444444444444,-0.1344222198677192,0.11072434899796756,0.0003271188498126985,0.5116279069767442
deepseek-coder-1.3b,-1,sink_arg,normalize,baseline,0,18,0.20249719497175558,0.05555555555555555,-0.031858753318238044,0.15958299714324087,245.88907316364222,54,43,0.3458934868216941,0.023255813953488372,-0.023742983934648142,0.008061788630636994,223.94617824325445,29,43,0.34322874028724887,0.023255813953488372,-0.023731462047362043,0.008731916876840416,224.77680117466087,29,18,0.3458934868216941,0.5854322289570651,-0.008439762504458204,0.4444444444444444,-0.1344222198677192,0.11072434899796756,0.0003271188498126985,0.5116279069767442
deepseek-coder-1.3b,-1,sink_arg,opaque_only,atomic,12,18,0.20249719497175558,0.05555555555555555,-0.031858753318238044,0.15958299714324087,245.88907316364222,54,43,0.3458934868216941,0.023255813953488372,-0.023742983934648142,0.008061788630636994,223.94617824325445,29,43,0.34322874028724887,0.023255813953488372,-0.023731462047362043,0.008731916876840416,224.77680117466087,29,18,0.3458934868216941,0.5854322289570651,-0.008439762504458204,0.4444444444444444,-0.1344222198677192,0.11072434899796756,0.0003271188498126985,0.5116279069767442
deepseek-coder-1.3b,-1,sink_arg,rename_cumulative,cumulative,21,62,0.1980737808391895,0.016129032258064516,-0.0015405614604489842,0.12088555977910116,189.31383100508012,10,65,0.27126528862238164,0.015384615384615385,-0.015594647157966135,0.005466797529938865,192.993351075441,7,65,0.2170017940959958,0.015384615384615385,-0.015475998736199524,0.01211234645578976,187.98500512506735,7,62,0.27126528862238164,0.7301847643135819,0.0023708379306428442,0.5806451612903226,-0.007787001098953149,0.012489552630816358,-0.00037272124556470297,0.5230769230769231
deepseek-coder-1.3b,-1,sink_arg,rename_only,atomic,11,65,0.20391659368249837,0.015384615384615385,-0.0063259330165981635,0.09568701277825754,188.36631182267635,7,66,0.19889274451023875,0.015151515151515152,-0.01534044064733138,0.006595864089164721,188.47584973174708,6,67,0.1918451893257521,0.014925373134328358,-0.015118934864229822,0.0056651579272576505,188.38437708928006,5,65,0.19889274451023875,1.025259087176008,0.006393485102245856,0.5538461538461539,-0.005894675297000518,0.018193798099198626,0.0002046272925499032,0.49624060150375937
deepseek-coder-1.3b,-1,sink_arg,rename_opaque,cumulative,22,66,0.19800825404645742,0.015151515151515152,0.015236652038030225,0.17365859847797,190.36808435112815,6,66,0.22129748009319666,0.015151515151515152,-0.015352080068221802,0.005660596881450207,185.81604446095974,6,61,0.23958863902951677,0.01639344262295082,-0.01663321224387935,0.005736374257914845,192.44108651600536,11,66,0.23958863902951677,0.8264509320997614,0.01165849658902129,0.5606060606060606,0.0017825947654189602,0.021422840345208707,-0.00033489251533911523,0.5039370078740157
deepseek-coder-1.3b,-1,sink_arg,rename_opaque_encode,cumulative,23,68,0.20086286802204018,0.014705882352941176,-0.007982423475817693,0.0827094157738417,191.72826752788484,4,66,0.18634350911247896,0.015151515151515152,-0.015285201963769778,0.009894804540434596,188.86843973615038,6,67,0.23905571811267443,0.014925373134328358,-0.015062565194312594,0.009360680846018956,190.5199696554979,5,68,0.23905571811267443,0.8402345261089602,0.00048092239837444845,0.5441176470588235,-0.010763376024970952,0.01212831707765966,-7.177643586090893e-05,0.48120300751879697
deepseek-coder-1.3b,-1,sink_arg,rename_opaque_encode_flatten,cumulative,24,67,0.1954870420285249,0.014925373134328358,-0.0062808725175972505,0.09347858034151672,187.99503780423586,5,66,0.23293595238090536,0.015151515151515152,-0.015319192558048719,0.00802692790665787,187.57906107973724,6,62,0.22090014022497265,0.016129032258064516,-0.016332055119033677,0.007771575315611653,188.8660432895297,10,67,0.23293595238090536,0.8392308702473604,-0.005615884406970226,0.43283582089552236,-0.015098283023030623,0.003333971853115972,0.0002838384472840438,0.53125
deepseek-coder-1.3b,-1,last_token,clean_heldout,clean,-1,0,,,,,,72,0,,,,,,72,0,,,,,,72,0,,,,,,,,
deepseek-coder-1.3b,-1,last_token,encode_only,atomic,13,0,,,,,,72,0,,,,,,72,0,,,,,,72,0,,,,,,,,
deepseek-coder-1.3b,-1,last_token,flatten_only,atomic,14,0,,,,,,72,66,0.24301850915852113,0.015151515151515152,-0.015356982135553289,0.005216757946296273,188.9171719675241,6,66,0.24301850915852113,0.015151515151515152,-0.015356982135553289,0.005216757946296273,188.9171719675241,6,0,0.24301850915852113,,,,,,0.0,0.0
deepseek-coder-1.3b,-1,last_token,normalize,baseline,0,0,,,,,,72,0,,,,,,72,0,,,,,,72,0,,,,,,,,
deepseek-coder-1.3b,-1,last_token,opaque_only,atomic,12,0,,,,,,72,22,0.999999999999974,0.045454545454545456,-0.04761904761904762,8.859317712473024e-18,242.8134074907966,50,22,0.999999999999974,0.045454545454545456,-0.04761904761904762,8.859317712473024e-18,242.8134074907966,50,0,0.999999999999974,,,,,,0.0,0.0
deepseek-coder-1.3b,-1,last_token,rename_cumulative,cumulative,21,0,,,,,,72,0,,,,,,72,0,,,,,,72,0,,,,,,,,
deepseek-coder-1.3b,-1,last_token,rename_only,atomic,11,0,,,,,,72,0,,,,,,72,0,,,,,,72,0,,,,,,,,
deepseek-coder-1.3b,-1,last_token,rename_opaque,cumulative,22,0,,,,,,72,42,0.6394285365067899,0.023809523809523808,-0.024297062199253924,0.009537457271437719,237.22622397408966,30,42,0.6394285365067899,0.023809523809523808,-0.024297062199253924,0.009537457271437719,237.22622397408966,30,0,0.6394285365067899,,,,,,0.0,0.0
deepseek-coder-1.3b,-1,last_token,rename_opaque_encode,cumulative,23,0,,,,,,72,34,0.6089808774075633,0.029411764705882353,-0.03009138419255035,0.014332523325555896,231.7154818394701,38,34,0.6089808774075633,0.029411764705882353,-0.03009138419255035,0.014332523325555896,231.7154818394701,38,0,0.6089808774075633,,,,,,0.0,0.0
deepseek-coder-1.3b,-1,last_token,rename_opaque_encode_flatten,cumulative,24,0,,,,,,72,67,0.2299631464602206,0.014925373134328358,-0.01507730604964625,0.008549941715213227,188.11610501417962,5,67,0.2299631464602206,0.014925373134328358,-0.01507730604964625,0.008549941715213227,188.11610501417962,5,0,0.2299631464602206,,,,,,0.0,0.0
deepseek-coder-1.3b,0,sink_arg,clean_heldout,clean,-1,72,0.17960615234254046,0.013888888888888888,0.001904832732315563,0.12556777297950855,67.0464251131886,0,72,0.20900671910584936,0.013888888888888888,-0.01205447283253831,0.044741918713169106,130.99849997781007,0,72,0.20441698237461353,0.013888888888888888,-0.011516894075782658,0.050318502315449334,130.56260589301914,0,72,0.20900671910584936,0.8593319540678532,-0.045845192218771424,0.4027777777777778,-0.09059749883844989,-0.004087683981731998,-0.0003644903129383987,0.4583333333333333
deepseek-coder-1.3b,0,sink_arg,encode_only,atomic,13,72,0.17829775164276238,0.013888888888888888,0.001971712404177417,0.1258301092686637,66.91533527458166,0,72,0.20898242334511952,0.013888888888888888,-0.012030972603224716,0.04500014585949281,130.67251381280357,0,72,0.20442374806478847,0.013888888888888888,-0.011410897206410718,0.051346629547620204,130.30489129255565,0,72,0.20898242334511952,0.8531710408406759,-0.04592091529586934,0.4027777777777778,-0.09066600912957022,-0.004101374570945389,-0.0007646764782459517,0.4652777777777778
deepseek-coder-1.3b,0,sink_arg,flatten_only,atomic,14,72,0.17938185491217945,0.013888888888888888,0.0019886878261828698,0.12589660857552604,66.85215279576963,0,72,0.20967044814487473,0.013888888888888888,-0.01209221079814671,0.04432409573740521,130.5604625221116,0,72,0.20493083279714205,0.013888888888888888,-0.011370963273736653,0.05172867348599611,130.2510166291507,0,72,0.20967044814487473,0.8555419063550294,-0.04454909295233675,0.4166666666666667,-0.08899369802259799,-0.002713819270500304,-0.0003829699776077299,0.4791666666666667
deepseek-coder-1.3b,0,sink_arg,normalize,baseline,0,72,0.1796038029472138,0.013888888888888888,0.0018919345023973987,0.1255171164550773,67.04811583254543,0,72,0.20917921741950504,0.013888888888888888,-0.012049474095057014,0.044796970887635554,130.97632493408477,0,72,0.2045695208622147,0.013888888888888888,-0.011505341527685545,0.05043157514206836,130.56272893518837,0,72,0.20917921741950504,0.8586120799324997,-0.045816794667120166,0.4027777777777778,-0.09048580266903124,-0.00403091768298434,-0.0003831603521648047,0.4583333333333333
deepseek-coder-1.3b,0,sink_arg,opaque_only,atomic,12,72,0.18048251382327757,0.013888888888888888,0.0019518888648271115,0.12575240827176615,66.95188587186388,0,72,0.20976283794077058,0.013888888888888888,-0.012244205944673195,0.04259978122143273,130.52796707024513,0,72,0.2052390208203409,0.013888888888888888,-0.01154818853506298,0.0500109174206727,130.09649360561994,0,72,0.20976283794077058,0.8604122426787498,-0.045520940228924216,0.4027777777777778,-0.08997705153766528,-0.004057504762912208,-0.000703983198532871,0.4722222222222222
deepseek-coder-1.3b,0,sink_arg,rename_cumulative,cumulative,21,72,0.15817353463568926,0.013888888888888888,-0.0024013965550587378,0.1073351995561639,155.1663205169304,0,72,0.21956217820636414,0.013888888888888888,-0.013587673674294564,0.022134428036772912,164.28670681502476,0,72,0.177529276649788,0.013888888888888888,-0.013523156909572846,0.02352771988655319,161.36925672258155,0,72,0.21956217820636414,0.7204042878779588,0.005844020341833466,0.5416666666666666,-0.004525077895631298,0.015669453580085316,-0.00013695292720425375,0.4722222222222222
deepseek-coder-1.3b,0,sink_arg,rename_only,atomic,11,72,0.16828670332904427,0.013888888888888888,-0.005704722395043342,0.09090323838748685,160.41940279073944,0,72,0.16832170632754903,0.013888888888888888,-0.013464580317777211,0.024724818120277523,162.28129677595612,0,72,0.15829862693175387,0.013888888888888888,-0.013615189809913313,0.02151276219936887,164.44843265282964,0,72,0.16832170632754903,0.9997920470314349,0.004406078538982677,0.5277777777777778,-0.0041711640137385,0.013059459724961323,0.0015317036909213563,0.4652777777777778
deepseek-coder-1.3b,0,sink_arg,rename_opaque,cumulative,22,72,0.16511704856098566,0.013888888888888888,0.011120845104556997,0.1576555670169568,162.94022215602365,0,72,0.18080238399925697,0.013888888888888888,-0.013438806920061757,0.02523355038315261,160.08022647651774,0,72,0.1900798171166785,0.013888888888888888,-0.013155184773011596,0.030272347373509985,156.83835381248795,0,72,0.1900798171166785,0.8686721771182592,0.012100244779522828,0.5833333333333334,0.002037327385900381,0.022686297838684293,0.0007286892703143886,0.5069444444444444
deepseek-coder-1.3b,0,sink_arg,rename_opaque_encode,cumulative,23,72,0.1777009072227701,0.013888888888888888,-0.0067623309118581085,0.08497340313118851,168.44499348290503,0,72,0.15605328980941552,0.013888888888888888,-0.013244077154158172,0.02878814427434827,163.9305838529441,0,72,0.20846728259829186,0.013888888888888888,-0.013794165532719208,0.016920667497724806,167.16525940773457,0,72,0.20846728259829186,0.8524162881001939,-0.0010866771531645506,0.5277777777777778,-0.011460175806122685,0.009405431959689268,0.0015212073374982439,0.5
deepseek-coder-1.3b,0,sink_arg,rename_opaque_encode_flatten,cumulative,24,72,0.16842511530285245,0.013888888888888888,-0.005328415102605934,0.09292190027973449,164.6386057451715,0,72,0.1942129025456348,0.013888888888888888,-0.013556594289614568,0.022816236128566973,163.67869522455683,0,72,0.17157481025397725,0.013888888888888888,-0.012637486640502172,0.0377746329720286,156.70834271481192,0,72,0.1942129025456348,0.8672189802800413,0.0022377766842531935,0.5833333333333334,-0.00714678450328731,0.010874902939962953,0.0010907283657582087,0.5069444444444444
deepseek-coder-1.3b,0,last_token,clean_heldout,clean,-1,72,0.27425808567391863,0.013888888888888888,0.0035315741896862506,0.13180065795378915,2.523653911413289,0,72,0.28631886694981057,0.013888888888888888,-0.012578086777095676,0.03854215564125982,7.507750661601861,0,72,0.27056837220029567,0.013888888888888888,-0.012565219987711809,0.038706405741825975,7.392837162975989,0,72,0.28631886694981057,0.9578764005167494,-0.03306724972238385,0.4861111111111111,-0.10173760377945566,0.02894476924377251,0.00347138070813664,0.4583333333333333
deepseek-coder-1.3b,0,last_token,encode_only,atomic,13,72,0.28350461299421437,0.013888888888888888,0.0009955101658762357,0.12194495694649905,10.813677628732568,0,72,0.25862111634743057,0.013888888888888888,-0.013158840666570875,0.030212743970758574,34.284372992489025,0,72,0.23115236237066472,0.013888888888888888,-0.012760768511890758,0.03612967302642819,34.056310250794915,0,72,0.25862111634743057,1.0962160282896445,-0.016167363900305654,0.4444444444444444,-0.05903932759791564,0.02336171858726756,-0.0024083446124719774,0.5208333333333334
deepseek-coder-1.3b,0,last_token,flatten_only,atomic,14,72,0.17992603159059803,0.013888888888888888,-0.00032013727734479715,0.11650406843805211,0.6938031794998709,0,72,0.2021887031376057,0.013888888888888888,-0.013375435071745231,0.026442839270692384,162.45286349698102,0,72,0.2022053748703789,0.013888888888888888,-0.013372883828437855,0.02649036726940992,162.45339974071385,0,72,0.2022053748703789,0.8898182439805927,-0.005294681440267844,0.4583333333333333,-0.016050710815312324,0.004612685338781703,-0.002070478584025615,0.4722222222222222
deepseek-coder-1.3b,0,last_token,normalize,baseline,0,72,0.28427683120002156,0.013888888888888888,0.0007332440930841932,0.12087989508696556,11.792314652157595,0,72,0.2961158564550575,0.013888888888888888,-0.012877672380434668,0.034497435691563924,33.948672158534286,0,72,0.25618971859461875,0.013888888888888888,-0.012765053005598988,0.03607115587481831,33.47413500764325,0,72,0.2961158564550575,0.9600189419210221,-0.01677677709810709,0.4305555555555556,-0.05842144933578838,0.02214108928684282,-0.001091984901013798,0.5208333333333334
deepseek-coder-1.3b,0,last_token,opaque_only,atomic,12,72,0.2490343769625692,0.013888888888888888,-0.0017986646964488358,0.11006909487479852,10.085657277962618,0,72,0.3037775335014563,0.013888888888888888,-0.012924210157476995,0.033825754245334134,91.19028513236486,0,72,0.30487452386207436,0.013888888888888888,-0.012386878964257482,0.0409151550192113,90.84995808852803,0,72,0.30487452386207436,0.8168422005481595,-0.007466142512937871,0.5,-0.043012696091180476,0.026128435672911936,-0.0020061519396127464,0.5138888888888888
deepseek-coder-1.3b,0,last_token,rename_cumulative,cumulative,21,72,0.3136210370874768,0.013888888888888888,-0.006615960380844083,0.08581851109561174,12.941349629093573,0,72,0.23098898464359469,0.013888888888888888,-0.013506372416275125,0.023876871201967877,29.677653689432177,0,72,0.21246340103210148,0.013888888888888888,-0.01348279640591137,0.02435884940161862,29.91337129154206,0,72,0.23098898464359469,1.3577315713620697,0.0024103333935934133,0.5,-0.01728071586822623,0.022172889604830985,-0.0007999058171089324,0.5
deepseek-coder-1.3b,0,last_token,rename_only,atomic,11,72,0.3712845541533306,0.013888888888888888,-0.0010387952247502398,0.11342187344420616,13.426382711218002,0,72,0.20449979369607696,0.013888888888888888,-0.01288250161139059,0.03442834458683475,29.797779959547636,0,72,0.21638802083457415,0.013888888888888888,-0.013006726385329561,0.03260078957837299,29.173984257934396,0,72,0.21638802083457415,1.7158276725363317,0.011811817586082267,0.5694444444444444,-0.0077262814743497546,0.032038802939639184,0.003038957963311958,0.5277777777777778
deepseek-coder-1.3b,0,last_token,rename_opaque,cumulative,22,72,0.2143300043682352,0.013888888888888888,-0.0007067201414605126,0.11485636379821826,9.082637148939568,0,72,0.36867582122362547,0.013888888888888888,-0.011561253294173656,0.049881946204356424,139.7418280365046,0,72,0.36845490012915266,0.013888888888888888,-0.01206134714293456,0.044666099631296044,139.7609691093461,0,72,0.36867582122362547,0.5813508563075265,0.014459667213803299,0.5972222222222222,0.00319702244838497,0.027250231793173266,0.0026970522572481678,0.5277777777777778
deepseek-coder-1.3b,0,last_token,rename_opaque_encode,cumulative,23,72,0.31205136806747535,0.013888888888888888,0.007998272968353719,0.1475671871815755,9.847814411188445,0,72,0.2819166611448778,0.013888888888888888,-0.012198421206524004,0.04312644431346226,114.88622530729728,0,72,0.28243289017098266,0.013888888888888888,-0.011868609507244767,0.046745279765510586,115.0318189892084,0,72,0.28243289017098266,1.1048690819208835,-0.009016304156028087,0.4861111111111111,-0.023841260480624748,0.005067392942119668,0.0018959103767940415,0.5208333333333334
deepseek-coder-1.3b,0,last_token,rename_opaque_encode_flatten,cumulative,24,72,0.11630075749477026,0.013888888888888888,-0.0028179216006973024,0.10540448324526461,0.6145421415414716,0,72,0.20089666122428712,0.013888888888888888,-0.013443422363446214,0.025143204348988306,163.64216344569095,0,72,0.2009405212084184,0.013888888888888888,-0.013443389189554523,0.0251438548770506,163.64327275034896,0,72,0.2009405212084184,0.5787820037260749,0.003726306384736197,0.5555555555555556,-0.004777967567342307,0.01129648334237518,-0.0008151718373692019,0.5
deepseek-coder-1.3b,3,sink_arg,clean_heldout,clean,-1,72,0.17344733540386367,0.013888888888888888,0.017376307537231787,0.17613591008490262,93.0946840423861,0,72,0.19054785383035672,0.013888888888888888,-0.013044156431672047,0.032029693981454506,138.36687682638842,0,72,0.1839525519827298,0.013888888888888888,-0.01306375115335226,0.03172662484062292,140.35384503040564,0,72,0.19054785383035672,0.9102560428640802,0.01871328732566952,0.5833333333333334,-0.02121687041128995,0.05718654407339166,-0.0008494620107272516,0.4930555555555556
deepseek-coder-1.3b,3,sink_arg,encode_only,atomic,13,72,0.16041813134720592,0.013888888888888888,0.018608619502387496,0.1795523749289664,91.21931948680036,0,72,0.18831707035446807,0.013888888888888888,-0.013046034983661572,0.03200076304646416,137.3696903703963,0,72,0.1827032841148117,0.013888888888888888,-0.01306504654917837,0.031706487026478054,139.50759478415134,0,72,0.18831707035446807,0.8518512477135071,0.019732325275142293,0.5972222222222222,-0.01801446635780689,0.056114634562872606,-0.0015851675178021522,0.5
deepseek-coder-1.3b,3,sink_arg,flatten_only,atomic,14,72,0.151310473409287,0.013888888888888888,0.0021441589347085985,0.1265040230126821,112.36924496177636,0,72,0.16798100145295328,0.013888888888888888,-0.013427308133018121,0.025457241535703137,164.04382251974187,0,72,0.1691480883587705,0.013888888888888888,-0.013385142072566346,0.026261217933112105,167.95051617325055,0,72,0.1691480883587705,0.8945443893421419,-0.006404861983216946,0.4722222222222222,-0.03370339669754282,0.02135659532533929,-0.0003532396185515193,0.4722222222222222
deepseek-coder-1.3b,3,sink_arg,normalize,baseline,0,72,0.17373349773064348,0.013888888888888888,0.018671172282233268,0.17972406442618896,93.13919527675426,0,72,0.1906327224669357,0.013888888888888888,-0.013046983936964058,0.03198613859409168,138.66884189525294,0,72,0.18479476856981092,0.013888888888888888,-0.013065042907601751,0.031706543655204436,140.47814343874992,0,72,0.1906327224669357,0.9113519205013542,0.02150242343076446,0.5833333333333334,-0.018197431227764946,0.0608327481378019,-0.0007366100123607896,0.5208333333333334
deepseek-coder-1.3b,3,sink_arg,opaque_only,atomic,12,72,0.147969191738605,0.013888888888888888,0.018572243710871406,0.17945245824574999,94.9795073054046,0,72,0.1916982763191456,0.013888888888888888,-0.01333159931023903,0.027247948182954132,143.30795688375989,0,72,0.1835358642660105,0.013888888888888888,-0.0133509333123583,0.026895821345869007,144.56483857796067,0,72,0.1916982763191456,0.7718858749270183,0.021853311944279145,0.6111111111111112,-0.015507627112643153,0.0582878417516906,-0.001005636839841924,0.5138888888888888
deepseek-coder-1.3b,3,sink_arg,rename_cumulative,cumulative,21,72,0.11517909465301088,0.013888888888888888,-0.00030413876052867223,0.11657175591802676,147.32307224982782,0,72,0.12182557434792783,0.013888888888888888,-0.013984719544827606,0.009919756043455285,155.9962351067544,0,72,0.11972303146231456,0.013888888888888888,-0.013963696966244832,0.01091476789887661,155.24926793638804,0,72,0.12182557434792783,0.9454426565974158,0.038269141095775026,0.7083333333333334,0.02257265108011497,0.052990806818947016,-0.001031869124354194,0.4791666666666667
deepseek-coder-1.3b,3,sink_arg,rename_only,atomic,11,72,0.10901267514285766,0.013888888888888888,0.0001210124145558089,0.11835632883570171,149.65304424628292,0,72,0.10226055523075522,0.013888888888888888,-0.013940688557652963,0.011908862483368183,157.49556704917057,0,72,0.09385567923066827,0.013888888888888888,-0.01395712079172242,0.01120789886872212,155.9956639933776,0,72,0.10226055523075522,1.0660285864560972,0.017491492207264744,0.625,0.0034747170703163465,0.031666443303854076,-0.0008425504979856452,0.5347222222222222
deepseek-coder-1.3b,3,sink_arg,rename_opaque,cumulative,22,72,0.10371070645788232,0.013888888888888888,0.00799587960865523,0.14755919020545816,151.35580255824263,0,72,0.10460083610609686,0.013888888888888888,-0.01397942293311553,0.010179617263049922,157.59308800313147,0,72,0.0992516325821941,0.013888888888888888,-0.013983921307462652,0.00995935292559466,158.81316822586905,0,72,0.10460083610609686,0.9914902243485733,0.035714538658417325,0.6666666666666666,0.017405166906492447,0.05386433283585054,0.00011838123841593357,0.5486111111111112
deepseek-coder-1.3b,3,sink_arg,rename_opaque_encode,cumulative,23,72,0.1268937667400875,0.013888888888888888,-0.0008383433790814103,0.114289934674276,155.60579058369228,0,72,0.1048914003932453,0.013888888888888888,-0.01392297354466431,0.01262101330279626,157.9850776446532,0,72,0.11192726916710037,0.013888888888888888,-0.014004057829270757,0.008906843593689635,163.25335743145672,0,72,0.11192726916710037,1.1337162756168302,0.036254146815180265,0.6805555555555556,0.02049801828948229,0.05178104439301295,-0.00021474229905893503,0.4930555555555556
deepseek-coder-1.3b,3,sink_arg,rename_opaque_encode_flatten,cumulative,24,72,0.09347647653586671,0.013888888888888888,3.1203995109837074e-05,0.11798160659686646,168.8963325055303,0,72,0.1221004513319451,0.013888888888888888,-0.014006795949336362,0.008753957515444102,176.05192810806759,0,72,0.1356387641639177,0.013888888888888888,-0.013901424327263726,0.013436513666268692,177.13590060095893,0,72,0.1356387641639177,0.6891575362844031,0.0020104429275889565,0.4722222222222222,-0.00752819844182095,0.011582122735935937,0.0004264584363953904,0.4722222222222222
deepseek-coder-1.3b,3,last_token,clean_heldout,clean,-1,72,0.1675360963651839,0.013888888888888888,-0.001157293097196281,0.11290557695229872,11.773331719047697,0,72,0.3184123797113456,0.013888888888888888,-0.013583880381959365,0.022218764867438352,77.02084386642916,0,72,0.3232153362122053,0.013888888888888888,-0.013579239497309326,0.022321512944988853,77.32325752799295,0,72,0.3232153362122053,0.518342038866587,-0.029667433619448666,0.4583333333333333,-0.09098650113497617,0.02857803402146477,-0.0002953247758773974,0.5069444444444444
deepseek-coder-1.3b,3,last_token,encode_only,atomic,13,72,0.15412863869218774,0.013888888888888888,0.053165800526043916,0.25751946629087624,35.050892221128734,0,72,0.23368202384655648,0.013888888888888888,-0.013667436519915447,0.020279987085658858,104.21957521903099,0,72,0.2300733735963327,0.013888888888888888,-0.01358343119960709,0.02222873041680538,105.28380979313118,0,72,0.23368202384655648,0.6595656617275525,0.0030209048255707585,0.4861111111111111,-0.03193226958423241,0.03620341530059887,-0.002237462310650651,0.4861111111111111
deepseek-coder-1.3b,3,last_token,flatten_only,atomic,14,72,0.07731273106133008,0.013888888888888888,0.0027726277619893004,0.1289302444423405,3.49757487728657,0,72,0.1247755196623132,0.013888888888888888,-0.013963319985850051,0.01093178406493232,156.32445308942047,0,72,0.12457573621069422,0.013888888888888888,-0.013962595359168219,0.010964418145285728,156.11943210295118,0,72,0.1247755196623132,0.6196145788097356,0.0063631185121997835,0.5555555555555556,-0.003382176297678193,0.016797250288274924,0.0007334858931556802,0.4791666666666667
deepseek-coder-1.3b,3,last_token,normalize,baseline,0,72,0.15660011553489794,0.013888888888888888,0.05331667236680464,0.25780816883346747,35.525732615785884,0,72,0.23069773523927817,0.013888888888888888,-0.013580790942543487,0.022287217026125395,104.5822462280213,0,72,0.2289726109192133,0.013888888888888888,-0.013514423584812493,0.02371003229949792,105.25106843999548,0,72,0.23069773523927817,0.6788108057171577,0.0015965937588825186,0.4861111111111111,-0.03349588992238574,0.0348527841585284,-0.003057362013390947,0.5
deepseek-coder-1.3b,3,last_token,opaque_only,atomic,12,72,0.14115173112894694,0.013888888888888888,0.03702951874148189,0.22450859395346387,30.73769242687633,0,72,0.27045497532756,0.013888888888888888,-0.01335479674718426,0.026824903165901016,135.8260797114102,0,72,0.2709091785075634,0.013888888888888888,-0.013265205985867012,0.028423966560770647,136.53979809707496,0,72,0.2709091785075634,0.5210297115311883,0.0010665071780613215,0.4861111111111111,-0.02862229484901787,0.029350438759702155,-0.0009994664336518365,0.5
deepseek-coder-1.3b,3,last_token,rename_cumulative,cumulative,21,72,0.10655925569924117,0.013888888888888888,0.011708760266561575,0.1594836276395842,43.884018759188585,0,72,0.2229625152536069,0.013888888888888888,-0.013331478818974056,0.02725012840256245,105.43054734056884,0,72,0.217323237860587,0.013888888888888888,-0.013595804146653262,0.02195257058714509,106.547266429779,0,72,0.2229625152536069,0.4779245317448819,0.009548571022629173,0.5833333333333334,-0.006848618143501698,0.025223375106758893,-0.001089876234703257,0.5208333333333334
deepseek-coder-1.3b,3,last_token,rename_only,atomic,11,72,0.09838617239156193,0.013888888888888888,0.013821741600962821,0.1658874975894959,45.22559006762862,0,72,0.21937162591792872,0.013888888888888888,-0.013202037723549163,0.029499369491380965,105.75330299571219,0,72,0.22181812286167343,0.013888888888888888,-0.013444887245794835,0.025114461733720988,106.38466149219546,0,72,0.22181812286167343,0.4435443376865825,0.0003979615048701757,0.4861111111111111,-0.016193628246428178,0.01660921900137839,-0.001297973360281586,0.4791666666666667
deepseek-coder-1.3b,3,last_token,rename_opaque,cumulative,22,72,0.06523346860767382,0.013888888888888888,0.006052605203309326,0.14091639411736714,30.462111460797487,0,72,0.3701255639008919,0.013888888888888888,-0.01295010043702725,0.03344623981752596,161.63315288860395,0,72,0.36891929293039405,0.013888888888888888,-0.012723555915805563,0.0366339873269279,161.29703918258917,0,72,0.3701255639008919,0.17624686044420673,0.020503422195306903,0.5694444444444444,0.006193007807794784,0.0339624201672862,-0.0004944891683471617,0.5277777777777778
deepseek-coder-1.3b,3,last_token,rename_opaque_encode,cumulative,23,72,0.08433304538340118,0.013888888888888888,0.005045217036930173,0.1373463995413524,36.222279694467815,0,72,0.28002126395073096,0.013888888888888888,-0.013248454353708012,0.028713077954984883,149.34994668537013,0,72,0.27889861362583535,0.013888888888888888,-0.013126936795268126,0.03072898729573931,149.84672883961218,0,72,0.28002126395073096,0.3011665764005671,-0.004065791636086413,0.4305555555555556,-0.020547431360385057,0.01335000905509826,0.0008343457139794974,0.4722222222222222
deepseek-coder-1.3b,3,last_token,rename_opaque_encode_flatten,cumulative,24,72,0.1554347384821635,0.013888888888888888,0.0011650904983025513,0.12262869800627835,5.629478903882718,0,72,0.1064981747179386,0.013888888888888888,-0.01395241482739204,0.01141304520126776,156.58521411118997,0,72,0.10646018943241138,0.013888888888888888,-0.013949064754107792,0.01155686571933826,156.51484638377767,0,72,0.1064981747179386,1.459506126690282,0.0007395086039960752,0.5555555555555556,-0.008660193294827454,0.009878971132210092,-0.00018093471383034184,0.4375
deepseek-coder-1.3b,7,sink_arg,clean_heldout,clean,-1,72,0.23567416138144123,0.013888888888888888,0.11158562909671117,0.3520294271527298,111.6260353315882,0,72,0.20699977073904036,0.013888888888888888,-0.013532739958986365,0.02332602948542921,148.45957474105194,0,72,0.18536464592017296,0.013888888888888888,-0.013401718317554259,0.025948131878178213,150.54914378351216,0,72,0.20699977073904036,1.138523779712539,0.3177860665867684,0.9583333333333334,0.2690174025503922,0.3608060510857208,0.0013180741498934959,0.5208333333333334
deepseek-coder-1.3b,7,sink_arg,encode_only,atomic,13,72,0.21543026606608603,0.013888888888888888,0.11469322088514898,0.35635536809883367,109.43638872827152,0,72,0.20619389179476813,0.013888888888888888,-0.013540944113384253,0.023151964144454036,148.89307875184545,0,72,0.1818591843640119,0.013888888888888888,-0.013463038544124842,0.024755544655899332,150.65921523280133,0,72,0.20619389179476813,1.0447946066244833,0.31526822442414726,0.9722222222222222,0.26749011643420345,0.3574060868941215,0.001964666140736701,0.5416666666666666
deepseek-coder-1.3b,7,sink_arg,flatten_only,atomic,14,72,0.13532330223848027,0.013888888888888888,0.00811638271465692,0.14796129245800146,129.0001374844563,0,72,0.16104149292408731,0.013888888888888888,-0.01367865448042054,0.020005392290490236,177.83885945763723,0,72,0.16899217788872722,0.013888888888888888,-0.013815311246664358,0.016292850121905414,182.2746158307442,0,72,0.16899217788872722,0.8007666622746515,0.07918582290356646,0.7361111111111112,0.04934296899216316,0.11244454262700829,-0.0007085263352622364,0.5069444444444444
deepseek-coder-1.3b,7,sink_arg,normalize,baseline,0,72,0.23350818367330803,0.013888888888888888,0.11128038961985784,0.3516016461022392,111.1199596751576,0,72,0.20851893015590406,0.013888888888888888,-0.013522402462578733,0.023543525046682105,148.74358081043246,0,72,0.18606348932302616,0.013888888888888888,-0.013412299319663265,0.025746291076987133,150.43499790652683,0,72,0.20851893015590406,1.1198416541784488,0.3168084997018782,0.9583333333333334,0.26764566091197634,0.3597934439108501,0.0009742061118864614,0.5277777777777778
deepseek-coder-1.3b,7,sink_arg,opaque_only,atomic,12,72,0.19259769642139596,0.013888888888888888,0.11613927212684505,0.3583505484431798,114.26185774920219,0,72,0.20348178003823622,0.013888888888888888,-0.013696258377412781,0.01956671465201831,153.5810665280898,0,72,0.17546158447011934,0.013888888888888888,-0.013668188436034122,0.020261697938604384,155.362054977119,0,72,0.20348178003823622,0.9465107705722102,0.3129945805794285,0.9583333333333334,0.26622721834639274,0.3552602459905692,0.0008444812969545446,0.5138888888888888
deepseek-coder-1.3b,7,sink_arg,rename_cumulative,cumulative,21,72,0.18123622502722153,0.013888888888888888,0.07013720180694011,0.28818737462448774,128.6571040878864,0,72,0.14098045875812706,0.013888888888888888,-0.013934445033741206,0.01216461318536851,145.71617131933388,0,72,0.13512472121106378,0.013888888888888888,-0.013936664880770567,0.01207430321505245,148.22758353483167,0,72,0.14098045875812706,1.285541461729524,0.23410310596158979,0.7916666666666666,0.17802388198858685,0.2834659508961269,0.0001413324919537557,0.5138888888888888
deepseek-coder-1.3b,7,sink_arg,rename_only,atomic,11,72,0.16292564082060182,0.013888888888888888,0.08319416582341481,0.30972177867721623,128.94280028413556,0,72,0.14340405725013708,0.013888888888888888,-0.013893016228768545,0.013741587202839432,146.2457031973576,0,72,0.13699206036029238,0.013888888888888888,-0.013867790012464864,0.014618723304091705,146.0776831598722,0,72,0.14340405725013708,1.1361299250858266,0.245205266306851,0.8472222222222222,0.19562119250496732,0.2897044875689611,-0.00019711702651381094,0.5208333333333334
deepseek-coder-1.3b,7,sink_arg,rename_opaque,cumulative,22,72,0.1630459886378637,0.013888888888888888,0.08582598772232439,0.31388349590884634,130.74917924426842,0,72,0.1317562266760638,0.013888888888888888,-0.013922926051305047,0.012622868553487886,151.11095755041893,0,72,0.13343376606555638,0.013888888888888888,-0.013954157676214931,0.011337502290052264,152.74953404754854,0,72,0.13343376606555638,1.2219245056589256,0.24459377952190633,0.7777777777777778,0.19303692418082236,0.2911613890031062,0.0007731756091455606,0.5208333333333334
deepseek-coder-1.3b,7,sink_arg,rename_opaque_encode,cumulative,23,72,0.1446381630732159,0.013888888888888888,0.07952192463187639,0.3038195884819189,130.53626904181226,0,72,0.13631485539122074,0.013888888888888888,-0.013963585146891121,0.010919817974374744,150.47407624771645,0,72,0.1181357142468241,0.013888888888888888,-0.013996551444984951,0.00931310859761414,153.04233738310361,0,72,0.13631485539122074,1.0610594322834987,0.22805600408621268,0.8472222222222222,0.1796508890706044,0.27183873277118353,0.0005815347136337497,0.5
deepseek-coder-1.3b,7,sink_arg,rename_opaque_encode_flatten,cumulative,24,72,0.13997118360362704,0.013888888888888888,0.007083472437783404,0.14447830205617868,147.3015610056787,0,72,0.21335776381693197,0.013888888888888888,-0.013837919464545625,0.015593676610720397,170.84439767704657,0,72,0.2607455733303881,0.013888888888888888,-0.013844658307493788,0.015379125538616195,175.91724871124202,0,72,0.2607455733303881,0.5368113514482217,0.0721457131571745,0.7361111111111112,0.045781964718541145,0.09825290050644861,-0.00048127735226995285,0.5
deepseek-coder-1.3b,7,last_token,clean_heldout,clean,-1,72,0.22044805350603117,0.013888888888888888,0.16984141815039258,0.4258772105359236,55.20601401774547,0,72,0.32521698382589087,0.013888888888888888,-0.013682903415384865,0.019900396948747127,132.64162611541153,0,72,0.31838859903131744,0.013888888888888888,-0.013529511398440013,0.023394173868353848,136.31678165147093,0,72,0.32521698382589087,0.6778491421716489,0.4040990811821666,1.0,0.37124707636395027,0.4380313578713229,0.0018865782850687478,0.5208333333333334
deepseek-coder-1.3b,7,last_token,encode_only,atomic,13,72,0.26291666258077157,0.013888888888888888,0.23388611023017633,0.49449629009874674,71.87869873407872,0,72,0.2767852291456359,0.013888888888888888,-0.013630482891631173,0.021159353951420167,140.21828255552353,0,72,0.26562392697270654,0.013888888888888888,-0.013616843322940922,0.021474831544803917,143.81696098159634,0,72,0.2767852291456359,0.9498941232967055,0.3243150567507803,1.0,0.29677067256396583,0.3530695700979788,0.002345613190545437,0.5208333333333334
deepseek-coder-1.3b,7,last_token,flatten_only,atomic,14,72,0.08103860156128559,0.013888888888888888,0.010120424395871653,0.15449515149291218,9.65280739387504,0,72,0.1309302511879926,0.013888888888888888,-0.013936325783099727,0.012088142376312084,128.4842012794074,0,72,0.13029695647926018,0.013888888888888888,-0.013939361058089073,0.011963697911503849,128.41666755831972,0,72,0.1309302511879926,0.6189448261649522,-0.0019465111537308362,0.4861111111111111,-0.012392962803066395,0.008485709387482401,-7.508772142133559e-05,0.5486111111111112
deepseek-coder-1.3b,7,last_token,normalize,baseline,0,72,0.25406442065827317,0.013888888888888888,0.2250238264401,0.48557943161362355,70.50642216850987,0,72,0.27530433972308743,0.013888888888888888,-0.013701371845828687,0.019437434868116464,137.78546467209623,0,72,0.2663684649994293,0.013888888888888888,-0.01363754505392829,0.020994146396836912,141.56830233246663,0,72,0.27530433972308743,0.9228493125601352,0.3214605873075213,1.0,0.29340854509887127,0.35134544467320916,0.0016094356328255853,0.5208333333333334
deepseek-coder-1.3b,7,last_token,opaque_only,atomic,12,72,0.21713745093827752,0.013888888888888888,0.16359261279628537,0.4185801978868609,64.84864818822177,0,72,0.2313904559464063,0.013888888888888888,-0.013524806811864163,0.023493118483470674,165.12212206684794,0,72,0.23034508570183077,0.013888888888888888,-0.013516199053286613,0.023673082233910233,168.3011144563849,0,72,0.2313904559464063,0.9384027964773534,0.2641462394087514,0.9722222222222222,0.2280677251585073,0.29824354854997515,0.0018009548274091104,0.5277777777777778
deepseek-coder-1.3b,7,last_token,rename_cumulative,cumulative,21,72,0.1976415131130351,0.013888888888888888,0.09217896095331846,0.3237091078354662,81.80296883604508,0,72,0.2313868915938541,0.013888888888888888,-0.013700157218103448,0.019468221083293415,141.71629007413506,0,72,0.23268112331236723,0.013888888888888888,-0.013711223950096768,0.019185895985480688,148.21147617280442,0,72,0.23268112331236723,0.8494093130524708,0.18243430820691212,0.8611111111111112,0.13994022329753428,0.22243046702685215,0.0019164655047541395,0.5208333333333334
deepseek-coder-1.3b,7,last_token,rename_only,atomic,11,72,0.1929949070954615,0.013888888888888888,0.10802103364434892,0.34700090835513464,83.75656216825459,0,72,0.23724798700407687,0.013888888888888888,-0.013687402670775553,0.01978860866724136,141.3479084958302,0,72,0.22911976635712408,0.013888888888888888,-0.013645551140576294,0.020805270772852498,146.64324963937614,0,72,0.23724798700407687,0.8134733176562002,0.19589264622233782,0.9027777777777778,0.15770822123375625,0.2304285499797091,-0.0009919835965200166,0.5763888888888888
deepseek-coder-1.3b,7,last_token,rename_opaque,cumulative,22,72,0.12587151432808655,0.013888888888888888,0.047683459555733644,0.24679967214932663,56.12779107668023,0,72,0.34413437106950023,0.013888888888888888,-0.01325079238188714,0.028672901668361183,179.94057643976214,0,72,0.33976966521344165,0.013888888888888888,-0.013357103125791012,0.026782477187321945,183.75782808390724,0,72,0.34413437106950023,0.3657626930344193,0.12796787037512625,0.8194444444444444,0.09464024595558002,0.15899941965498232,0.0016329332996234168,0.4444444444444444
deepseek-coder-1.3b,7,last_token,rename_opaque_encode,cumulative,23,72,0.1252864636725837,0.013888888888888888,0.05274372701797775,0.2567100779921351,62.2898111397724,0,72,0.2644167909265336,0.013888888888888888,-0.013668368585897329,0.02025731363171004,173.10769402519654,0,72,0.2626714685306129,0.013888888888888888,-0.013536982901570118,0.023236170913673946,175.89616305334087,0,72,0.2644167909265336,0.473821890181678,0.13304845229368956,0.7916666666666666,0.09890810913332793,0.16625632831281156,0.0004436060508931284,0.4861111111111111
deepseek-coder-1.3b,7,last_token,rename_opaque_encode_flatten,cumulative,24,72,0.08769854305066545,0.013888888888888888,0.004662450576588377,0.13596537503154651,12.13926772832247,0,72,0.11441836425498796,0.013888888888888888,-0.01388020747950989,0.014193733434746322,119.99363776394239,0,72,0.11411841442419707,0.013888888888888888,-0.013879554452798386,0.01421639988579045,120.25463445568418,0,72,0.11441836425498796,0.7664726167140806,-0.005877353204990259,0.4166666666666667,-0.014898796068072071,0.0027946623713129286,0.0007252729049383825,0.5277777777777778
deepseek-coder-1.3b,11,sink_arg,clean_heldout,clean,-1,72,0.25140071031889455,0.013888888888888888,0.20765548738154643,0.4676112405396441,116.68677346377285,0,72,0.1904125770326322,0.013888888888888888,-0.013585578918447482,0.022181040699907558,146.4327906587957,0,72,0.1772918460037377,0.013888888888888888,-0.013573701469775398,0.02244350798422897,144.8956814994782,0,72,0.1904125770326322,1.3202946687487478,0.44658617190193706,1.0,0.4090774185637651,0.48064962877831086,-0.00016641624839920964,0.5138888888888888
deepseek-coder-1.3b,11,sink_arg,encode_only,atomic,13,72,0.25293398535602346,0.013888888888888888,0.2094004956565587,0.4694475948686875,116.1542427383978,0,72,0.19022749491425645,0.013888888888888888,-0.013553572173733312,0.022881450415655383,147.40075122230337,0,72,0.1765915445784494,0.013888888888888888,-0.013598893444841626,0.02188307483226495,146.5209612324136,0,72,0.19022749491425645,1.3296394691526137,0.4409994858461091,1.0,0.4032098885923353,0.47566846320191886,-0.00022036673207970667,0.5
deepseek-coder-1.3b,11,sink_arg,flatten_only,atomic,14,72,0.142684680214889,0.013888888888888888,0.013068796301860967,0.16363426942728646,127.6467030646317,0,72,0.15944349279436876,0.013888888888888888,-0.013694551852982252,0.019609669680436644,172.23185111257783,0,72,0.17259760718616327,0.013888888888888888,-0.013786339323660813,0.017147200945895537,179.94914539527667,0,72,0.17259760718616327,0.8266897933352559,0.09513500958831972,0.7222222222222222,0.06455394570160805,0.1293449202111484,-0.0010350213386535656,0.4930555555555556
deepseek-coder-1.3b,11,sink_arg,normalize,baseline,0,72,0.24814940408633784,0.013888888888888888,0.20489535614569632,0.4646918077599693,116.05445360728056,0,72,0.19112767755309618,0.013888888888888888,-0.013579815508059773,0.022308785927346392,146.54194946526246,0,72,0.17798818271627467,0.013888888888888888,-0.013567733364649028,0.022574238977550093,144.90636400451478,0,72,0.19112767755309618,1.2983436374221664,0.4436865849806668,1.0,0.4060528329396316,0.47803022835186276,-0.00014802643818015592,0.5
deepseek-coder-1.3b,11,sink_arg,opaque_only,atomic,12,72,0.2562516209338348,0.013888888888888888,0.21800571092038745,0.4784001909627126,118.70583106865992,0,72,0.1833792260835592,0.013888888888888888,-0.013714465038061922,0.019102422147758154,148.26891674943477,0,72,0.16825929869146852,0.013888888888888888,-0.013757671347438907,0.01795261290632678,148.71061681971995,0,72,0.1833792260835592,1.3973863147239498,0.4441978035995606,1.0,0.40789889795155343,0.4785725873609416,0.0013849953038673915,0.5277777777777778
deepseek-coder-1.3b,11,sink_arg,rename_cumulative,cumulative,21,72,0.20996145568708646,0.013888888888888888,0.14943296770042797,0.4015549759430067,118.73185894506378,0,72,0.1675864202799361,0.013888888888888888,-0.013845278968728043,0.015359214217959686,141.41488615606528,0,72,0.1717252412865148,0.013888888888888888,-0.013801230173715977,0.016713541443561075,136.77575787235492,0,72,0.1717252412865148,1.2226592556465037,0.35068116149996187,0.9861111111111112,0.3012203195399387,0.39298519338745175,-0.0006354625733548052,0.4861111111111111
deepseek-coder-1.3b,11,sink_arg,rename_only,atomic,11,72,0.20908950093598674,0.013888888888888888,0.15490306061648051,0.4082162638944195,119.65262829893138,0,72,0.16550252823221817,0.013888888888888888,-0.013786697986860401,0.017136884737683804,141.60371656682446,0,72,0.16901401627285673,0.013888888888888888,-0.013754031711954646,0.018052296118661437,135.9525861520096,0,72,0.16901401627285673,1.2371133799840128,0.3468196915783419,1.0,0.29928674903276864,0.38951632750599713,0.0006081491076731358,0.5069444444444444
deepseek-coder-1.3b,11,sink_arg,rename_opaque,cumulative,22,72,0.2308319218467872,0.013888888888888888,0.1662919065249951,0.4217477748619865,122.10270789625133,0,72,0.1737931107316502,0.013888888888888888,-0.013857000643547912,0.014978203751200504,145.9461330204308,0,72,0.1785911594017892,0.013888888888888888,-0.013779618417680278,0.017339378891501916,140.62909650930573,0,72,0.1785911594017892,1.2925159488296296,0.36139061815156226,0.9444444444444444,0.31265943744054653,0.4044430961997621,0.00023963833485093398,0.5347222222222222
deepseek-coder-1.3b,11,sink_arg,rename_opaque_encode,cumulative,23,72,0.21987673578700273,0.013888888888888888,0.17374426199200207,0.43037197414678624,120.3633886670566,0,72,0.15735064581674385,0.013888888888888888,-0.013868876220241251,0.014582042020386567,145.32919006338932,0,72,0.17787562120707556,0.013888888888888888,-0.01381680896249865,0.016247462905616544,142.64333165861893,0,72,0.17787562120707556,1.236126312840989,0.353330490357147,1.0,0.3136075453887456,0.3913130193463326,0.00024095242076713672,0.4930555555555556
deepseek-coder-1.3b,11,sink_arg,rename_opaque_encode_flatten,cumulative,24,72,0.168109304977468,0.013888888888888888,0.013265302921630393,0.1642253071002253,126.75551690929832,0,72,0.257233856048423,0.013888888888888888,-0.013585538023028922,0.022181949733005635,157.83789683695602,0,72,0.31361501602631253,0.013888888888888888,-0.0136287117042337,0.021200586011098643,160.80592844089682,0,72,0.31361501602631253,0.5360371678228683,0.09907022198146283,0.7222222222222222,0.06475204250141788,0.13443037662815494,0.00026872549524570066,0.5277777777777778
deepseek-coder-1.3b,11,last_token,clean_heldout,clean,-1,72,0.21449696640453553,0.013888888888888888,0.14987063783441545,0.40209201693979857,85.48232985781159,0,72,0.27857474881068406,0.013888888888888888,-0.013676189765210994,0.020066046041765984,144.70557809257193,0,72,0.2809162671443478,0.013888888888888888,-0.013549242382728243,0.022974560455925646,145.43802200658763,0,72,0.2809162671443478,0.7635619274917854,0.38266831938307067,1.0,0.36026114994813363,0.4063713956290474,0.0015232281193867257,0.5069444444444444
deepseek-coder-1.3b,11,last_token,encode_only,atomic,13,72,0.21776129393951196,0.013888888888888888,0.19488531247983054,0.4539465397132252,71.3867850028291,0,72,0.3112757887135534,0.013888888888888888,-0.013417839326707058,0.025639977412615433,151.3260334218614,0,72,0.3054377468836839,0.013888888888888888,-0.013326450742225219,0.027340953536877485,153.14476584568624,0,72,0.3112757887135534,0.6995767156818719,0.2417000159244092,1.0,0.22280460458637943,0.261197799457786,-2.188533653871861e-06,0.5138888888888888
deepseek-coder-1.3b,11,last_token,flatten_only,atomic,14,72,0.0896949815334262,0.013888888888888888,0.028555922438615104,0.2050565807128226,19.35144080228194,0,72,0.1567270536822668,0.013888888888888888,-0.013938678370995225,0.011991800242097825,114.73560060088701,0,72,0.15690072136331898,0.013888888888888888,-0.01393689644157303,0.01206484369765386,115.05597942025841,0,72,0.15690072136331898,0.571667107417108,0.0625538393637964,0.8194444444444444,0.04674989595781685,0.0790237007590647,0.0003682999668276,0.4861111111111111
deepseek-coder-1.3b,11,last_token,normalize,baseline,0,72,0.21416587681011404,0.013888888888888888,0.18904028840759496,0.4475529217145915,68.79757350572021,0,72,0.3117758740753282,0.013888888888888888,-0.01343471234225822,0.025313430696104307,148.08013607248787,0,72,0.30736587118924913,0.013888888888888888,-0.013417531253993316,0.02564590095211087,150.47514167406888,0,72,0.3117758740753282,0.6869225447456188,0.2453347146662808,1.0,0.2259492470623898,0.26528854617875536,0.00019545640734671625,0.5555555555555556
deepseek-coder-1.3b,11,last_token,opaque_only,atomic,12,72,0.18013040950739587,0.013888888888888888,0.1307484196973147,0.3779171315415984,62.12112044442803,0,72,0.238730564482782,0.013888888888888888,-0.0133034079546987,0.027753386984592666,167.7853143879345,0,72,0.23164393959851848,0.013888888888888888,-0.013340895141460259,0.027079216342551084,169.60286009659063,0,72,0.238730564482782,0.7545343425030415,0.1779096859636199,0.9027777777777778,0.1487637616925902,0.20410222667790798,0.0007158005609453815,0.5
deepseek-coder-1.3b,11,last_token,rename_cumulative,cumulative,21,72,0.14706157097396305,0.013888888888888888,0.08575876065377955,0.3137778762830472,69.82541293432222,0,72,0.30120350310041494,0.013888888888888888,-0.013579580720455921,0.022313974460348295,148.74723452048758,0,72,0.29795869195258856,0.013888888888888888,-0.013560664994792906,0.02272809854493129,151.34598508144234,0,72,0.30120350310041494,0.4882465491277364,0.14560243187631952,0.875,0.11841620719245953,0.171859314876959,0.0006100851712958789,0.4861111111111111
deepseek-coder-1.3b,11,last_token,rename_only,atomic,11,72,0.1468062838080857,0.013888888888888888,0.100790704323299,0.3365705309720516,70.80238870144245,0,72,0.2996013192784582,0.013888888888888888,-0.013523095194319507,0.023529013178566493,148.68302116338435,0,72,0.29575064975434745,0.013888888888888888,-0.013345771055314773,0.02699029019662316,150.66307514113916,0,72,0.2996013192784582,0.4900054651349504,0.16224461446741556,0.9583333333333334,0.13947760867586967,0.18457096355796992,0.0018051523001515355,0.4791666666666667
deepseek-coder-1.3b,11,last_token,rename_opaque,cumulative,22,72,0.09913737891083925,0.013888888888888888,0.04961416371290822,0.25062714736172015,48.06842378296902,0,72,0.32813046460785533,0.013888888888888888,-0.013314693336972633,0.027552165945041333,176.55137534878648,0,72,0.3264516382405125,0.013888888888888888,-0.01324333972645677,0.028800771455130943,177.70931204147004,0,72,0.32813046460785533,0.3021279326481225,0.09920844402232237,0.8333333333333334,0.07526294441487996,0.12038547447704195,0.0010300334407534527,0.5138888888888888
deepseek-coder-1.3b,11,last_token,rename_opaque_encode,cumulative,23,72,0.10875709580414589,0.013888888888888888,0.05639605519494379,0.26363168538599163,52.342777700839406,0,72,0.2599657320440224,0.013888888888888888,-0.013446137476752896,0.025089904773341404,169.53044842667595,0,72,0.26119792447107354,0.013888888888888888,-0.01354364241387465,0.02309442832484465,171.4367591968184,0,72,0.26119792447107354,0.4163781011061986,0.10142990779353435,0.8611111111111112,0.07766246769116117,0.12530528564948176,-0.00018980649569653042,0.5625
deepseek-coder-1.3b,11,last_token,rename_opaque_encode_flatten,cumulative,24,72,0.09782888817777476,0.013888888888888888,0.015608905986719105,0.17111693228515215,15.787109684075489,0,72,0.14262000752582343,0.013888888888888888,-0.013889683363117215,0.013860656359056586,101.42901038409215,0,72,0.14116697460227723,0.013888888888888888,-0.013892910308196909,0.013745387164639036,101.63901140492395,0,72,0.14262000752582343,0.6859408429077625,0.043443274969377034,0.7222222222222222,0.02591475225744416,0.05843300561978439,4.523286788680475e-05,0.4861111111111111
deepseek-coder-1.3b,15,sink_arg,clean_heldout,clean,-1,72,0.24408696773232816,0.013888888888888888,0.2031874633843582,0.4628761218411321,98.4365427316857,0,72,0.1824777116467527,0.013888888888888888,-0.01364829694865356,0.020740096915823153,133.51536048527777,0,72,0.1684876809248872,0.013888888888888888,-0.0137182693249149,0.019003975436091926,132.63395845315532,0,72,0.1824777116467527,1.3376261984523403,0.44553447236327326,1.0,0.41492461855144014,0.4779090838684201,-0.00042889469387751087,0.5
deepseek-coder-1.3b,15,sink_arg,encode_only,atomic,13,72,0.24904035601277968,0.013888888888888888,0.20940363574653303,0.4694508928584639,98.56460161301149,0,72,0.18038374208989255,0.013888888888888888,-0.013626105918147766,0.02126110161366315,134.59720918995546,0,72,0.1582276249214022,0.013888888888888888,-0.0137172039846303,0.019031595473510386,133.30752141897818,0,72,0.18038374208989255,1.3806142012990992,0.4443703635998273,1.0,0.41344183884626445,0.47735608304767047,-0.0009573397494742327,0.5347222222222222
deepseek-coder-1.3b,15,sink_arg,flatten_only,atomic,14,72,0.14329786067827568,0.013888888888888888,0.015945357124342304,0.17208365035597528,107.55295106844892,0,72,0.1565535169336661,0.013888888888888888,-0.013688216130764298,0.019768330001592862,154.62907562251272,0,72,0.16430611897796585,0.013888888888888888,-0.013769610877566703,0.017621651649148706,161.30541820026394,0,72,0.16430611897796585,0.8721395257196267,0.11057588270206443,0.75,0.0758089049756126,0.1486576165290142,-0.0011304179841546494,0.4861111111111111
deepseek-coder-1.3b,15,sink_arg,normalize,baseline,0,72,0.2418094377113417,0.013888888888888888,0.20157480596875543,0.46115512007864007,97.77143707377535,0,72,0.18303374878414921,0.013888888888888888,-0.013648748797996947,0.020729352291368776,133.28623428650235,0,72,0.16900309677043596,0.013888888888888888,-0.013718750373126387,0.018991490604722366,132.5246034546139,0,72,0.18303374878414921,1.3211194073094485,0.44383649704410094,1.0,0.4132886316187359,0.47636418200906816,-0.0004674367960312857,0.5347222222222222
deepseek-coder-1.3b,15,sink_arg,opaque_only,atomic,12,72,0.2556317807857492,0.013888888888888888,0.2214446215148203,0.4819314169676509,98.95831278676756,0,72,0.17539697503600568,0.013888888888888888,-0.013709934938483315,0.019218993559498906,132.19749372448067,0,72,0.16975456661052618,0.013888888888888888,-0.01379500722636858,0.01689612337516389,132.90303346260998,0,72,0.17539697503600568,1.4574469185302246,0.45303294868702854,1.0,0.4243073353173263,0.4833510786072062,0.0009054326234233146,0.5
deepseek-coder-1.3b,15,sink_arg,rename_cumulative,cumulative,21,72,0.21193115658263295,0.013888888888888888,0.14977719272711426,0.40197741581850904,102.17475662569694,0,72,0.19929731223253042,0.013888888888888888,-0.013715980986216203,0.019063253620312533,129.89839227105847,0,72,0.19064430378148012,0.013888888888888888,-0.013806899087288648,0.016545461278661626,125.20229901073009,0,72,0.19929731223253042,1.063391945473715,0.3506308606998567,0.9722222222222222,0.30726223937554853,0.38982686409798223,-0.0018027655514318652,0.4791666666666667
deepseek-coder-1.3b,15,sink_arg,rename_only,atomic,11,72,0.20259341648393805,0.013888888888888888,0.15545150975618868,0.4088781602121393,102.5671627257347,0,72,0.19291330407148208,0.013888888888888888,-0.013651690272107404,0.020659269738214643,130.61033672589727,0,72,0.18858007719733877,0.013888888888888888,-0.013721227193585145,0.0189270783591829,123.55828893067557,0,72,0.19291330407148208,1.0501785631584493,0.35008915102765,1.0,0.30940950658803995,0.38839656100286246,-0.0009295935380921262,0.4861111111111111
deepseek-coder-1.3b,15,sink_arg,rename_opaque,cumulative,22,72,0.22533555613952505,0.013888888888888888,0.16972926183279,0.4257473427549374,104.46120654499234,0,72,0.20884428213164388,0.013888888888888888,-0.01381856850243828,0.01619397878794687,134.3240305578492,0,72,0.19790746960935873,0.013888888888888888,-0.013736638145543231,0.018521268429996348,127.7977827450423,0,72,0.20884428213164388,1.078964450640243,0.36428954656973694,1.0,0.32409200300929075,0.4029331715206956,0.0005649289903455278,0.5
deepseek-coder-1.3b,15,sink_arg,rename_opaque_encode,cumulative,23,72,0.21565078718178743,0.013888888888888888,0.1683995135653244,0.42420457366860337,103.8461224613115,0,72,0.20003383768933253,0.013888888888888888,-0.013785841038996306,0.01716152278567046,134.18919080539996,0,72,0.1890995838442219,0.013888888888888888,-0.013798596372942366,0.01679105975788742,130.8729106793777,0,72,0.20003383768933253,1.07807153865992,0.34847061390660333,1.0,0.3099134881190819,0.384966513959612,-0.000744180031375094,0.4861111111111111
deepseek-coder-1.3b,15,sink_arg,rename_opaque_encode_flatten,cumulative,24,72,0.15064569137743683,0.013888888888888888,0.012583917941782074,0.16216667411213273,108.11533183477516,0,72,0.21965566628761235,0.013888888888888888,-0.013701536162625956,0.019433266314048625,148.73582121134055,0,72,0.2713929290297949,0.013888888888888888,-0.013664838827750686,0.020343045231759276,151.0267388334566,0,72,0.2713929290297949,0.5550833321854829,0.10039951698621653,0.7361111111111112,0.06592615029402327,0.13517678089262838,0.00045677992680503965,0.5
deepseek-coder-1.3b,15,last_token,clean_heldout,clean,-1,72,0.23315297805750626,0.013888888888888888,0.12887221790971276,0.3754613360696264,66.96400934475112,0,72,0.2650975988731441,0.013888888888888888,-0.013694127675986779,0.01962033207221913,117.94117163293797,0,72,0.2684491145319815,0.013888888888888888,-0.013595993241329103,0.02194832310274943,119.76230917345664,0,72,0.2684491145319815,0.8685183352680783,0.35223031288553414,1.0,0.326399658878447,0.37574365882252975,0.0030625115273936127,0.5138888888888888
deepseek-coder-1.3b,15,last_token,encode_only,atomic,13,72,0.1912036612689197,0.013888888888888888,0.15963457840587714,0.4138916770997723,63.34589756810916,0,72,0.32005945825107235,0.013888888888888888,-0.013364556466109859,0.026644910631978304,135.20225335087378,0,72,0.31307385055202375,0.013888888888888888,-0.013116152903717843,0.03090153354609545,135.80855504282658,0,72,0.32005945825107235,0.5974004402610997,0.20065272143677923,1.0,0.18141967928676656,0.22029217087243247,0.00037270585281288105,0.4513888888888889
deepseek-coder-1.3b,15,last_token,flatten_only,atomic,14,72,0.13253759396756648,0.013888888888888888,0.037659327944852626,0.22588751761061354,23.477207755168145,0,72,0.15982458397632018,0.013888888888888888,-0.01392889500522183,0.012387524318425578,103.99129912285859,0,72,0.1574601486568681,0.013888888888888888,-0.013930762009491851,0.012312988470896307,103.90818870659905,0,72,0.15982458397632018,0.8292691316324866,0.05201843254275196,0.7222222222222222,0.03563967604415018,0.06798739234971071,-0.00010794623459579636,0.4722222222222222
deepseek-coder-1.3b,15,last_token,normalize,baseline,0,72,0.1860131694014404,0.013888888888888888,0.1504279836311508,0.4027748688406553,60.69004937618451,0,72,0.32397423499110867,0.013888888888888888,-0.013352545175034149,0.02686625634833895,131.68170787276233,0,72,0.3140334499206635,0.013888888888888888,-0.013330291199677427,0.02727160835998338,133.77429357911743,0,72,0.32397423499110867,0.5741603785453663,0.1984218438430655,1.0,0.18024186710014722,0.21725832586869495,0.0010690583515064916,0.4583333333333333
deepseek-coder-1.3b,15,last_token,opaque_only,atomic,12,72,0.16417137500279194,0.013888888888888888,0.11522996027542182,0.35709723192622805,53.08402488280405,0,72,0.25633230086774045,0.013888888888888888,-0.013168933445765663,0.030047583871862925,149.88787672453498,0,72,0.24923603959122437,0.013888888888888888,-0.013275499956675308,0.028244838042663537,151.06225523059675,0,72,0.25633230086774045,0.6404630803337551,0.1468967973054599,0.9305555555555556,0.12163008911657255,0.16999006021535681,0.002895228436237302,0.5138888888888888
deepseek-coder-1.3b,15,last_token,rename_cumulative,cumulative,21,72,0.17463973678956854,0.013888888888888888,0.0762032297766988,0.2983852216083174,60.333644437384834,0,72,0.32042357204902483,0.013888888888888888,-0.013363392927712952,0.026666432845948947,132.35031622766002,0,72,0.32180631599887366,0.013888888888888888,-0.013576787061165625,0.022375618755330444,133.71283096885756,0,72,0.32180631599887366,0.542685858254503,0.1293215377722352,0.9027777777777778,0.10533883037445915,0.15215064220392852,0.0012794581095730139,0.4930555555555556
deepseek-coder-1.3b,15,last_token,rename_only,atomic,11,72,0.155976594570957,0.013888888888888888,0.08339003242467234,0.31003342790540206,59.94749631338531,0,72,0.3213090731069841,0.013888888888888888,-0.013374994691939715,0.026451049357539766,131.17013310125333,0,72,0.318718938567442,0.013888888888888888,-0.013344010301678073,0.02702243630065596,132.1161619892456,0,72,0.3213090731069841,0.4854409900806708,0.14260600179074656,0.9444444444444444,0.12154973266691173,0.16362919185276212,0.003928392963805921,0.5277777777777778
deepseek-coder-1.3b,15,last_token,rename_opaque,cumulative,22,72,0.10138437887720556,0.013888888888888888,0.04283533414390498,0.23691620425025964,40.885656794185444,0,72,0.3421219898755352,0.013888888888888888,-0.013101218400117541,0.031138912239184708,161.85693523636488,0,72,0.3408468400068363,0.013888888888888888,-0.013014361923985774,0.03248510414982747,161.27047321704293,0,72,0.3421219898755352,0.29633984916926687,0.09451259686976085,0.875,0.07398051887069243,0.11393977545531729,0.0006552436502034162,0.4791666666666667
deepseek-coder-1.3b,15,last_token,rename_opaque_encode,cumulative,23,72,0.1118113263068662,0.013888888888888888,0.053785528418240684,0.25870329738737086,45.75705612802976,0,72,0.27197637573970457,0.013888888888888888,-0.013371700250337763,0.026512387625100765,157.36494461110934,0,72,0.2709742684249325,0.013888888888888888,-0.013502409868927008,0.02395855776885673,157.86627603731145,0,72,0.27197637573970457,0.41110675882333036,0.09315101449863164,0.8333333333333334,0.07081737482924422,0.11590367479126695,0.00044466126824630234,0.4930555555555556
deepseek-coder-1.3b,15,last_token,rename_opaque_encode_flatten,cumulative,24,72,0.16665615148955293,0.013888888888888888,0.01969825347680486,0.1825200140035312,18.633543755688727,0,72,0.14852097655339416,0.013888888888888888,-0.013924761891264984,0.012550954877455252,98.35884713510161,0,72,0.14811548504405908,0.013888888888888888,-0.013914007819650565,0.012966540704620553,98.23645461008896,0,72,0.14852097655339416,1.1221051420277934,0.03269380827232367,0.7361111111111112,0.017639417911762666,0.04681387958140585,0.0005692893799531394,0.4791666666666667
deepseek-coder-1.3b,19,sink_arg,clean_heldout,clean,-1,72,0.18544455586004863,0.013888888888888888,0.13927429671064967,0.3888814991323786,73.79404357615816,0,72,0.17684944850038228,0.013888888888888888,-0.013536294914832644,0.023250764935708823,108.48777823205425,0,72,0.17475523095709417,0.013888888888888888,-0.013673607841392823,0.02012938815551569,110.24419337556114,0,72,0.17684944850038228,1.0486012675332022,0.3660124437547889,1.0,0.3355262261975498,0.3997422665353177,0.000367579832006142,0.4930555555555556
deepseek-coder-1.3b,19,sink_arg,encode_only,atomic,13,72,0.18585383309529885,0.013888888888888888,0.14572664764668422,0.39697802876010413,73.01688704791032,0,72,0.16378387403701633,0.013888888888888888,-0.013513472624059173,0.023729799506281454,107.93950505495458,0,72,0.160979589416956,0.013888888888888888,-0.01362249194594758,0.021344746893986802,109.69141371058537,0,72,0.16378387403701633,1.1347505008539152,0.36695573941350257,1.0,0.3365224348018396,0.40041064337969196,0.00017773852857963128,0.4930555555555556
deepseek-coder-1.3b,19,sink_arg,flatten_only,atomic,14,72,0.13519312127356065,0.013888888888888888,0.008363570617347603,0.1487827234702261,81.54158189675098,0,72,0.14538698860954938,0.013888888888888888,-0.01353023302506047,0.02337895992028427,120.72431549494439,0,72,0.1545522642050161,0.013888888888888888,-0.013647011012724645,0.02077064504981537,124.45234512889562,0,72,0.1545522642050161,0.8747404767504716,0.08484534012295056,0.7777777777777778,0.05651079425478999,0.11483524850090968,-0.0009538360736783415,0.5277777777777778
deepseek-coder-1.3b,19,sink_arg,normalize,baseline,0,72,0.18296140251568227,0.013888888888888888,0.1375128864699365,0.38664179049587233,73.4663205901779,0,72,0.17667192382133537,0.013888888888888888,-0.013543589522949472,0.023095557494470332,108.19045636255477,0,72,0.17120453275443415,0.013888888888888888,-0.013673042526956955,0.020143230385464315,110.1040072190003,0,72,0.17667192382133537,1.035599763438968,0.3640367376796961,1.0,0.3335698707433872,0.3978414860999397,0.00027963327860417814,0.4861111111111111
deepseek-coder-1.3b,19,sink_arg,opaque_only,atomic,12,72,0.1880807870166944,0.013888888888888888,0.1502757549849918,0.40258847550594423,73.69110050065518,0,72,0.16384976881042854,0.013888888888888888,-0.013634405573715442,0.021067749268795333,107.1191135507963,0,72,0.16027254113056494,0.013888888888888888,-0.013728853340064146,0.018727361464892577,109.49506598569018,0,72,0.16384976881042854,1.147885580688861,0.3694923786730377,1.0,0.3408097441229364,0.40016063396033785,0.001644138047101131,0.4930555555555556
deepseek-coder-1.3b,19,sink_arg,rename_cumulative,cumulative,21,72,0.17116749119394917,0.013888888888888888,0.10917826393420922,0.3486413458645347,77.95880750918565,0,72,0.2034149015058008,0.013888888888888888,-0.013742474506626903,0.018365241183902616,105.98746390235357,0,72,0.1960336114600045,0.013888888888888888,-0.013809683965338911,0.016462262594650907,105.9268832375649,0,72,0.2034149015058008,0.8414697739785203,0.287589205062241,0.9861111111111112,0.2485009187207115,0.32298938438899866,-0.0021013908830364125,0.4861111111111111
deepseek-coder-1.3b,19,sink_arg,rename_only,atomic,11,72,0.1551569204145189,0.013888888888888888,0.11132858707137523,0.3516692275196578,79.13021767807041,0,72,0.1969046919576045,0.013888888888888888,-0.013707320933546865,0.019285938212915577,106.66005430211447,0,72,0.19675304271976385,0.013888888888888888,-0.013722300582009916,0.0188990956122891,106.15545215833204,0,72,0.1969046919576045,0.7879798031827789,0.284964084580716,0.9861111111111112,0.24826222298344844,0.3185308546229879,-0.0010080665652666468,0.4930555555555556
deepseek-coder-1.3b,19,sink_arg,rename_opaque,cumulative,22,72,0.17941243341264818,0.013888888888888888,0.12825668278515062,0.37465214380486206,78.48535281953124,0,72,0.19880220098511414,0.013888888888888888,-0.013822814015214294,0.016064196265723425,105.88065835650121,0,72,0.19342661163296931,0.013888888888888888,-0.013710836742324359,0.019195844202648908,106.12807179440672,0,72,0.19880220098511414,0.9024670377069023,0.29933164560267334,0.9722222222222222,0.2631553535453866,0.3329446723081761,0.0003636431825398859,0.5
deepseek-coder-1.3b,19,sink_arg,rename_opaque_encode,cumulative,23,72,0.16891763910310043,0.013888888888888888,0.12440390788332904,0.3695469722758973,77.69721925638221,0,72,0.1906693704771178,0.013888888888888888,-0.013793146043400007,0.01695034861924322,105.43416266674745,0,72,0.1929843972632193,0.013888888888888888,-0.013773623807036318,0.017509009466724564,107.29328489387245,0,72,0.1929843972632193,0.8752916893727256,0.28727431567754436,1.0,0.2538560539722225,0.32006218075069603,-0.00032209002578031324,0.4652777777777778
deepseek-coder-1.3b,19,sink_arg,rename_opaque_encode_flatten,cumulative,24,72,0.1285359281044545,0.013888888888888888,0.007057699457208728,0.1443903208062274,80.73376689591352,0,72,0.18699619011391855,0.013888888888888888,-0.013792783410107829,0.016960893697932192,111.97007765922922,0,72,0.21694275856059253,0.013888888888888888,-0.013766019658962686,0.017721849435422817,113.1342380010897,0,72,0.21694275856059253,0.5924877555595116,0.07383563936078459,0.6944444444444444,0.048429075266150236,0.10010378801424039,0.00041895757017644964,0.5208333333333334
deepseek-coder-1.3b,19,last_token,clean_heldout,clean,-1,72,0.23030642674381868,0.013888888888888888,0.10533400159230434,0.3431616503003441,37.959125495530806,0,72,0.2549556597920521,0.013888888888888888,-0.013680329468328391,0.019964067634365024,72.90172151080777,0,72,0.26250757298849026,0.013888888888888888,-0.013619446104091357,0.021414989107292687,75.13905394286206,0,72,0.26250757298849026,0.8773325055803878,0.31608366071069904,1.0,0.28770031509745986,0.3437215700078421,0.0030008762882440545,0.5347222222222222
deepseek-coder-1.3b,19,last_token,encode_only,atomic,13,72,0.16104900258463706,0.013888888888888888,0.12454822316880568,0.36973946993091567,41.19221189978025,0,72,0.32124863614846844,0.013888888888888888,-0.013395528278781293,0.02606548702747665,119.0623790506187,0,72,0.3146481641448624,0.013888888888888888,-0.013131958810112069,0.030648301675360947,121.80774897723904,0,72,0.32124863614846844,0.5013219807420648,0.14090788250262887,1.0,0.12646801031871358,0.1556308324228673,0.0020475257564210956,0.5208333333333334
deepseek-coder-1.3b,19,last_token,flatten_only,atomic,14,72,0.15210920130043798,0.013888888888888888,0.03316689369170248,0.21585905419814505,17.3372843831678,0,72,0.1492329286762043,0.013888888888888888,-0.013951392082873595,0.011457143644890215,75.26732016256678,0,72,0.148473095982586,0.013888888888888888,-0.013923072142978552,0.01261716084926195,75.19598083536756,0,72,0.1492329286762043,1.0192737129114073,0.021054601920575487,0.6944444444444444,0.009093571795949332,0.03290586717224443,-0.0005623008002922157,0.4513888888888889
deepseek-coder-1.3b,19,last_token,normalize,baseline,0,72,0.15707113194403596,0.013888888888888888,0.11900674815843036,0.3622744340208384,39.72379199749608,0,72,0.32309763241194894,0.013888888888888888,-0.013413252220473437,0.02572803603356164,115.65687187514521,0,72,0.3154297596829063,0.013888888888888888,-0.013340127858940218,0.02709318334092666,119.05632950990064,0,72,0.32309763241194894,0.4861413894354092,0.14208034636386171,1.0,0.12813085670272692,0.15641430659284625,0.0018964737559240144,0.5069444444444444
deepseek-coder-1.3b,19,last_token,opaque_only,atomic,12,72,0.143977738656552,0.013888888888888888,0.0942501334399805,0.32684857762847697,33.97868336703873,0,72,0.2482108476002245,0.013888888888888888,-0.013359983762925777,0.02672939310952916,125.36892729836634,0,72,0.24597406636350172,0.013888888888888888,-0.013299917102650053,0.027815334927140015,128.01399455583558,0,72,0.2482108476002245,0.580062233575088,0.11260412102982012,0.9583333333333334,0.09685631347597433,0.12692667907142122,0.0016983331066375246,0.5208333333333334
deepseek-coder-1.3b,19,last_token,rename_cumulative,cumulative,21,72,0.16248729029909276,0.013888888888888888,0.0614476320023507,0.27291588733137834,40.7185605616513,0,72,0.3241103109506691,0.013888888888888888,-0.013327285546968439,0.027325894863165796,117.11988322141332,0,72,0.319830783516001,0.013888888888888888,-0.013501439521336511,0.023978518738743463,120.05365420148165,0,72,0.3241103109506691,0.5013332955143904,0.08884686649798298,0.9305555555555556,0.07279248120980186,0.10324949100011671,0.0010366906828864072,0.4861111111111111
deepseek-coder-1.3b,19,last_token,rename_only,atomic,11,72,0.14204207937008315,0.013888888888888888,0.061942880235769826,0.2738091513145723,40.39447162920189,0,72,0.31852008001936105,0.013888888888888888,-0.01341617441891096,0.02567197354696627,116.74840111313516,0,72,0.3136833165914382,0.013888888888888888,-0.013410827585483991,0.025774460181500047,119.41879898774424,0,72,0.31852008001936105,0.44594387694945076,0.08945991353479049,0.9305555555555556,0.07324976516391003,0.10493121111787918,0.0023528021538232694,0.5069444444444444
deepseek-coder-1.3b,19,last_token,rename_opaque,cumulative,22,72,0.09262148930346216,0.013888888888888888,0.03523246501085627,0.22052667436826706,25.780590797560947,0,72,0.3177058585015272,0.013888888888888888,-0.013089344507884465,0.03132636002638698,125.65837722617526,0,72,0.3131779320741836,0.013888888888888888,-0.013146831499150089,0.030408095495631327,127.2370962969941,0,72,0.3177058585015272,0.2915322044746522,0.06632570487462927,0.9027777777777778,0.05404926800196091,0.07904153247232606,0.00027229993946157097,0.4722222222222222
deepseek-coder-1.3b,19,last_token,rename_opaque_encode,cumulative,23,72,0.10026278119505877,0.013888888888888888,0.042255238960846875,0.23570585383234569,28.96535500342884,0,72,0.259534729293051,0.013888888888888888,-0.013161723657410522,0.030165658437077133,128.29087437966857,0,72,0.25780884918842667,0.013888888888888888,-0.013317501915229015,0.027501859537821333,129.2694610221921,0,72,0.259534729293051,0.38631739755278793,0.06321441186843152,0.8055555555555556,0.04701106081676557,0.07888902602109565,0.002525204821341778,0.4930555555555556
deepseek-coder-1.3b,19,last_token,rename_opaque_encode_flatten,cumulative,24,72,0.1914054500195313,0.013888888888888888,0.017097572348150715,0.17535391342774873,13.214618774162197,0,72,0.12595339004373005,0.013888888888888888,-0.013921483247657806,0.01267909993754801,73.12360452709089,0,72,0.12643643020169248,0.013888888888888888,-0.013914262125648532,0.012956867054746149,73.38406801380714,0,72,0.12643643020169248,1.5138473121567864,0.02122605525676167,0.5833333333333334,0.01040256701857358,0.03095795396928575,0.00037397076848845196,0.5208333333333334
deepseek-coder-1.3b,23,sink_arg,clean_heldout,clean,-1,72,0.23352873431089438,0.013888888888888888,0.13489653277647007,0.3832908278450323,45.020375504265544,0,72,0.18905248194057825,0.013888888888888888,-0.013570571350906483,0.022512167724008363,73.65652561827298,0,72,0.231606479043213,0.013888888888888888,-0.013650921139144966,0.020677617770828667,75.29360228991459,0,72,0.231606479043213,1.008299661026852,0.36290995296291406,0.9861111111111112,0.33272455084670616,0.39421478853356334,0.00018865189320923172,0.5069444444444444
deepseek-coder-1.3b,23,sink_arg,encode_only,atomic,13,72,0.20685949448135058,0.013888888888888888,0.15218538469065934,0.4049204708100923,43.722544299288316,0,72,0.17120905917671003,0.013888888888888888,-0.013616015647327942,0.021493826322831793,71.86705904094127,0,72,0.20175083006656924,0.013888888888888888,-0.013667039632312432,0.020289634089102768,72.33692130433808,0,72,0.20175083006656924,1.025321652521061,0.3789748391033317,1.0,0.34863607656068124,0.40964493468779767,0.000669845528587124,0.4861111111111111
deepseek-coder-1.3b,23,sink_arg,flatten_only,atomic,14,72,0.24298350290366588,0.013888888888888888,0.0034813817923351888,0.1316127583341772,55.58823985398015,0,72,0.2581440523533228,0.013888888888888888,-0.012780937261812767,0.035853377032035644,91.7801207229461,0,72,0.2796909848916469,0.013888888888888888,-0.013577014455148702,0.02237060747835393,95.33450034547678,0,72,0.2796909848916469,0.8687570069439257,0.06698971100616709,0.6388888888888888,0.029351615656910798,0.10500860660921206,-0.005643218249030822,0.4791666666666667
deepseek-coder-1.3b,23,sink_arg,normalize,baseline,0,72,0.23459684718391893,0.013888888888888888,0.132206868329198,0.37981515334898724,44.93573236047287,0,72,0.18057996113591973,0.013888888888888888,-0.013580704751138411,0.022289123739434955,73.11342482725213,0,72,0.22395437534911772,0.013888888888888888,-0.013639120034239257,0.020957124739510405,75.08467371254953,0,72,0.22395437534911772,1.0475207140660274,0.35937129321845224,0.9861111111111112,0.32886533009973995,0.3906609132907691,0.000629273996316293,0.5069444444444444
deepseek-coder-1.3b,23,sink_arg,opaque_only,atomic,12,72,0.2196147263569519,0.013888888888888888,0.14509086511742988,0.39618758574936447,43.18282510284051,0,72,0.1868045570786984,0.013888888888888888,-0.013596374686945967,0.02193975248861336,71.19415153941856,0,72,0.21749927662932825,0.013888888888888888,-0.013655473278538806,0.020568786095462706,72.29964974894092,0,72,0.21749927662932825,1.0097262379921792,0.3670949993553575,1.0,0.3362121592592726,0.3980667263243589,0.0014546433095285975,0.5069444444444444
deepseek-coder-1.3b,23,sink_arg,rename_cumulative,cumulative,21,72,0.1787395791089865,0.013888888888888888,0.09406929191236507,0.3265756617661926,44.18684766495169,0,72,0.22521222431321591,0.013888888888888888,-0.013595568400275789,0.021957864821193867,68.93575801850835,0,72,0.23135107062032942,0.013888888888888888,-0.013756120901490136,0.017995144404579555,70.75446454720652,0,72,0.23135107062032942,0.7725902397154508,0.2495044482046525,0.9027777777777778,0.20668772044509492,0.29217729499759787,0.0004197331803081604,0.5
deepseek-coder-1.3b,23,sink_arg,rename_only,atomic,11,72,0.15435634566060175,0.013888888888888888,0.09958771687614616,0.33480358873620836,44.83409465653725,0,72,0.21308146425375632,0.013888888888888888,-0.013741410017481137,0.018393797550185522,68.6151459587508,0,72,0.23018694520267644,0.013888888888888888,-0.013790359002988905,0.017031225728948197,70.8882612332467,0,72,0.23018694520267644,0.6705695039512042,0.26360264892033036,0.9166666666666666,0.21970310235393714,0.3009619135359032,0.0016618502107987796,0.4930555555555556
deepseek-coder-1.3b,23,sink_arg,rename_opaque,cumulative,22,72,0.1701104458327368,0.013888888888888888,0.11526978000811218,0.35715220807132314,42.00111612522943,0,72,0.2080392418023429,0.013888888888888888,-0.013823032155323397,0.016057499533810346,63.76655777230954,0,72,0.23706441067194403,0.013888888888888888,-0.013701329302427111,0.019438514006303673,66.28997108085144,0,72,0.23706441067194403,0.7175705764967821,0.2727859765289156,0.9444444444444444,0.2336964277553084,0.311604848400506,-0.0019237464378391088,0.4791666666666667
deepseek-coder-1.3b,23,sink_arg,rename_opaque_encode,cumulative,23,72,0.17174302035320416,0.013888888888888888,0.1215376100033217,0.36570271605643473,41.23784509885841,0,72,0.18444437058878052,0.013888888888888888,-0.01376506417281434,0.017748412969028855,62.31363030915809,0,72,0.23368290048786436,0.013888888888888888,-0.013847216061911732,0.01529690400968393,65.9306686142711,0,72,0.23368290048786436,0.7349404684495652,0.27707168157541684,0.9583333333333334,0.2378338497788075,0.3120427734833517,0.0019262485144705332,0.4513888888888889
deepseek-coder-1.3b,23,sink_arg,rename_opaque_encode_flatten,cumulative,24,72,0.21769870709687822,0.013888888888888888,0.005432404780889047,0.13872938983278454,48.42742374930489,0,72,0.32790047506559106,0.013888888888888888,-0.01363413424720705,0.02107409825680555,79.17493015996789,0,72,0.3521808492889141,0.013888888888888888,-0.013424975268567755,0.025502384401509377,82.19672752595626,0,72,0.3521808492889141,0.6181446479456001,0.03941369473035473,0.5833333333333334,0.007404185169684525,0.0722766047968779,-0.0008743053332941847,0.4791666666666667
deepseek-coder-1.3b,23,last_token,clean_heldout,clean,-1,72,0.3900194458223642,0.013888888888888888,0.10155674531203457,0.3376908702487638,21.94792193759336,0,72,0.30528400728937555,0.013888888888888888,-0.013529447203224316,0.023395526807452865,46.66137669373729,0,72,0.3554751192059171,0.013888888888888888,-0.013506373296059694,0.023876853034477157,51.6031398094164,0,72,0.3554751192059171,1.0971779028968733,0.2991977701669976,0.9027777777777778,0.2537647501168642,0.3422804862226388,0.0057427281243073655,0.5416666666666666
deepseek-coder-1.3b,23,last_token,encode_only,atomic,13,72,0.17095945527600392,0.013888888888888888,0.11240680872153591,0.3531777058843562,27.24997015789933,0,72,0.2954817365138531,0.013888888888888888,-0.013558030962932111,0.022785168675106725,83.30995761536187,0,72,0.29135467854644753,0.013888888888888888,-0.01338724227659851,0.026221756859499196,86.57460109163823,0,72,0.2954817365138531,0.578578755130569,0.11503164510508175,0.9722222222222222,0.09721806244409906,0.13333844936357347,0.0022644223481500586,0.5138888888888888
deepseek-coder-1.3b,23,last_token,flatten_only,atomic,14,72,0.24416473660242122,0.013888888888888888,0.02902237576935016,0.2061751102967741,12.299465876746066,0,72,0.2237143034231245,0.013888888888888888,-0.013842579402902231,0.015445631526395684,53.039266033062084,0,72,0.22558354602413574,0.013888888888888888,-0.013800783747728227,0.01672670598810312,52.40589507198087,0,72,0.22558354602413574,1.0823694409710956,-0.02556846439271546,0.4027777777777778,-0.05367133119235933,0.00299191253456701,-0.0015797336703624783,0.4930555555555556
deepseek-coder-1.3b,23,last_token,normalize,baseline,0,72,0.17113289671742624,0.013888888888888888,0.10855535770702907,0.347759303677747,25.894521058882926,0,72,0.29859512658420767,0.013888888888888888,-0.013712191902704328,0.01916100456511458,80.69816680897947,0,72,0.2929924404100788,0.013888888888888888,-0.01363968448034902,0.020943840879049318,83.94570620851388,0,72,0.29859512658420767,0.5731268915039193,0.10987191955449616,0.9166666666666666,0.09229924854622856,0.12813388941205586,0.002494443331692652,0.5347222222222222
deepseek-coder-1.3b,23,last_token,opaque_only,atomic,12,72,0.1367430046169105,0.013888888888888888,0.07890410793897466,0.3028153008680741,21.86341482217036,0,72,0.24054536854846809,0.013888888888888888,-0.013614898050303722,0.0215194480607516,92.40225296598781,0,72,0.2379929984139032,0.013888888888888888,-0.013542297510487257,0.023123123574142427,94.67457895991478,0,72,0.24054536854846809,0.5684707439684411,0.08676925266448768,0.8333333333333334,0.06349310547885048,0.10843513810984093,0.0018447800867619822,0.5208333333333334
deepseek-coder-1.3b,23,last_token,rename_cumulative,cumulative,21,72,0.20295862956283783,0.013888888888888888,0.0499333088738264,0.2512542130669895,25.026701826190887,0,72,0.29928988839093246,0.013888888888888888,-0.013583565239449797,0.022225757079676462,76.39396729645713,0,72,0.3030127311625352,0.013888888888888888,-0.01359409614471862,0.02199089891453142,78.74909437855338,0,72,0.3030127311625352,0.6698023174939517,0.06094019793356445,0.6805555555555556,0.03669945626397083,0.08588159054496376,0.0006426685717143958,0.5069444444444444
deepseek-coder-1.3b,23,last_token,rename_only,atomic,11,72,0.19598991107993127,0.013888888888888888,0.05448112341697011,0.2600256334213588,24.91074641745687,0,72,0.292613453517631,0.013888888888888888,-0.013549547280032225,0.02296801614253562,74.61850969240858,0,72,0.2882796114037233,0.013888888888888888,-0.013661771017125082,0.020417264543667397,77.78052417632742,0,72,0.292613453517631,0.6697911826126005,0.06864861656587336,0.7083333333333334,0.041481560321582164,0.09609718453253452,0.0029048960465145697,0.5
deepseek-coder-1.3b,23,last_token,rename_opaque,cumulative,22,72,0.14222704059592195,0.013888888888888888,0.02640334876742013,0.19981372445100898,16.147985794120544,0,72,0.3050147170257547,0.013888888888888888,-0.01351650091911873,0.023666794231631046,86.16034804000181,0,72,0.3028551293754748,0.013888888888888888,-0.013340257571510559,0.027090822662632453,87.56292135520519,0,72,0.3050147170257547,0.4662956659363838,0.061779069904212704,0.6805555555555556,0.035469517327996476,0.08829859875218372,0.0038523776203468496,0.4861111111111111
deepseek-coder-1.3b,23,last_token,rename_opaque_encode,cumulative,23,72,0.1395401768902704,0.013888888888888888,0.04429854006337622,0.23994201685279065,18.40406020013828,0,72,0.25180168072192455,0.013888888888888888,-0.013481040868813216,0.024394357929840845,88.51947974527843,0,72,0.24931877700703892,0.013888888888888888,-0.013574291959825527,0.022430531911631427,90.94721009124588,0,72,0.25180168072192455,0.5541669797048362,0.0750880253027702,0.75,0.049055733233483695,0.09911573312102474,0.00033893700457184,0.4861111111111111
deepseek-coder-1.3b,23,last_token,rename_opaque_encode_flatten,cumulative,24,72,0.22419292600567067,0.013888888888888888,0.02444411662288404,0.19491922401859355,8.76109081132278,0,72,0.154700377688941,0.013888888888888888,-0.013799014699274104,0.01677877145529868,48.26250279540209,0,72,0.15625893534984137,0.013888888888888888,-0.013801177418823588,0.016715097659636538,48.57622232181883,0,72,0.15625893534984137,1.4347526783267455,0.022297588288220774,0.6805555555555556,0.007628067971975976,0.03720052923709756,-0.000495617608669184,0.4513888888888889
