layer,arm,example,rho,abs_error
-1,all,0,1.0,0.0
-1,all,1,1.0,0.0
-1,all,2,0.9999997019767761,2.980232238769531e-07
-1,all,3,0.9999999403953552,5.960464477539063e-08
-1,all,4,1.0,0.0
-1,all,5,0.9999997615814209,2.384185791015625e-07
-1,all,6,1.0000003576278687,3.5762786865234375e-07
-1,all,7,0.9999998211860657,1.7881393432617188e-07
-1,all,8,1.0000005960464478,5.960464477539062e-07
-1,all,9,1.0000003576278687,3.5762786865234375e-07
-1,no_attn,0,2.0106470584869385,1.0106470584869385
-1,no_attn,1,2.6148478984832764,1.6148478984832764
-1,no_attn,2,2.9067840576171875,1.9067840576171875
-1,no_attn,3,3.125438928604126,2.125438928604126
-1,no_attn,4,2.7726128101348877,1.7726128101348877
-1,no_attn,5,2.5153331756591797,1.5153331756591797
-1,no_attn,6,-1.8103008270263672,2.810300827026367
-1,no_attn,7,13.608198165893555,12.608198165893555
-1,no_attn,8,5.185610294342041,4.185610294342041
-1,no_attn,9,2.4092893600463867,1.4092893600463867
-1,no_ln,0,-0.021770449355244637,1.0217704493552446
-1,no_ln,1,-0.02082902193069458,1.0208290219306946
-1,no_ln,2,-0.023847995325922966,1.023847995325923
-1,no_ln,3,-0.05903047323226929,1.0590304732322693
-1,no_ln,4,-0.030993351712822914,1.030993351712823
-1,no_ln,5,-0.04490894451737404,1.044908944517374
-1,no_ln,6,0.1222749873995781,0.8777250126004219
-1,no_ln,7,0.11928001791238785,0.8807199820876122
-1,no_ln,8,0.014421854168176651,0.9855781458318233
-1,no_ln,9,-0.01894344761967659,1.0189434476196766
-1,no_identity,0,0.8874385952949524,0.11256140470504761
-1,no_identity,1,0.686302900314331,0.31369709968566895
-1,no_identity,2,0.6932371854782104,0.30676281452178955
-1,no_identity,3,0.6790935397148132,0.32090646028518677
-1,no_identity,4,0.6975255608558655,0.3024744391441345
-1,no_identity,5,0.6657575964927673,0.33424240350723267
-1,no_identity,6,0.8479989767074585,0.1520010232925415
-1,no_identity,7,1.0961309671401978,0.09613096714019775
-1,no_identity,8,0.7733837962150574,0.22661620378494263
-1,no_identity,9,0.6979859471321106,0.3020140528678894
-1,no_half,0,17.249954223632812,16.249954223632812
-1,no_half,1,12.73286247253418,11.73286247253418
-1,no_half,2,12.679369926452637,11.679369926452637
-1,no_half,3,14.941739082336426,13.941739082336426
-1,no_half,4,13.509082794189453,12.509082794189453
-1,no_half,5,13.592205047607422,12.592205047607422
-1,no_half,6,23.996034622192383,22.996034622192383
-1,no_half,7,19.410329818725586,18.410329818725586
-1,no_half,8,17.969009399414062,16.969009399414062
-1,no_half,9,18.346654891967773,17.346654891967773
-1,none,0,-0.23051652312278748,1.2305165231227875
-1,none,1,-0.05855536460876465,1.0585553646087646
-1,none,2,-0.09623327851295471,1.0962332785129547
-1,none,3,-0.14474913477897644,1.1447491347789764
-1,none,4,-0.006397019140422344,1.0063970191404223
-1,none,5,0.009026942774653435,0.9909730572253466
-1,none,6,0.5364052057266235,0.46359479427337646
-1,none,7,-1.2317315340042114,2.2317315340042114
-1,none,8,-0.019539987668395042,1.019539987668395
-1,none,9,-0.6846422553062439,1.684642255306244
0,all,0,1.0000001192092896,1.1920928955078125e-07
0,all,1,1.0,0.0
0,all,2,0.9999997615814209,2.384185791015625e-07
0,all,3,1.0000001192092896,1.1920928955078125e-07
0,all,4,1.0,0.0
0,all,5,0.9999997615814209,2.384185791015625e-07
0,all,6,1.0000005960464478,5.960464477539062e-07
0,all,7,0.9999998807907104,1.1920928955078125e-07
0,all,8,1.0000007152557373,7.152557373046875e-07
0,all,9,1.0000003576278687,3.5762786865234375e-07
0,no_attn,0,1.7592829465866089,0.7592829465866089
0,no_attn,1,2.2808704376220703,1.2808704376220703
0,no_attn,2,2.563854694366455,1.563854694366455
0,no_attn,3,2.78684663772583,1.78684663772583
0,no_attn,4,2.4345626831054688,1.4345626831054688
0,no_attn,5,2.2545523643493652,1.2545523643493652
0,no_attn,6,-1.1521782875061035,2.1521782875061035
0,no_attn,7,12.787561416625977,11.787561416625977
0,no_attn,8,4.780453205108643,3.7804532051086426
0,no_attn,9,2.2371349334716797,1.2371349334716797
0,no_ln,0,-0.009978837333619595,1.0099788373336196
0,no_ln,1,0.02023407444357872,0.9797659255564213
0,no_ln,2,0.013375876471400261,0.9866241235285997
0,no_ln,3,-0.00582470465451479,1.0058247046545148
0,no_ln,4,0.0022610416635870934,0.9977389583364129
0,no_ln,5,-0.005677887704223394,1.0056778877042234
0,no_ln,6,-0.013750255107879639,1.0137502551078796
0,no_ln,7,-0.0437549464404583,1.0437549464404583
0,no_ln,8,-0.046421173959970474,1.0464211739599705
0,no_ln,9,-0.034043096005916595,1.0340430960059166
0,no_identity,0,0.8714869618415833,0.12851303815841675
0,no_identity,1,0.689227283000946,0.31077271699905396
0,no_identity,2,0.6968858242034912,0.3031141757965088
0,no_identity,3,0.6855702996253967,0.31442970037460327
0,no_identity,4,0.700794517993927,0.299205482006073
0,no_identity,5,0.6706268787384033,0.3293731212615967
0,no_identity,6,0.8341206908226013,0.16587930917739868
0,no_identity,7,1.0774056911468506,0.07740569114685059
0,no_identity,8,0.7676253318786621,0.2323746681213379
0,no_identity,9,0.6941925287246704,0.3058074712753296
0,no_half,0,9.936657905578613,8.936657905578613
0,no_half,1,7.986249923706055,6.986249923706055
0,no_half,2,8.082390785217285,7.082390785217285
0,no_half,3,9.806329727172852,8.806329727172852
0,no_half,4,8.614862442016602,7.614862442016602
0,no_half,5,8.78232192993164,7.782321929931641
0,no_half,6,13.782150268554688,12.782150268554688
0,no_half,7,11.670599937438965,10.670599937438965
0,no_half,8,11.008392333984375,10.008392333984375
0,no_half,9,11.113608360290527,10.113608360290527
0,none,0,-0.05739259347319603,1.057392593473196
0,none,1,0.10102879256010056,0.8989712074398994
0,none,2,0.021016385406255722,0.9789836145937443
0,none,3,-0.18375325202941895,1.183753252029419
0,none,4,0.06557188928127289,0.9344281107187271
0,none,5,0.05498739704489708,0.9450126029551029
0,none,6,0.5501459836959839,0.4498540163040161
0,none,7,-0.14509040117263794,1.145090401172638
0,none,8,-0.20973509550094604,1.209735095500946
0,none,9,-0.3996470868587494,1.3996470868587494
3,all,0,1.0,0.0
3,all,1,0.9999998807907104,1.1920928955078125e-07
3,all,2,0.9999997615814209,2.384185791015625e-07
3,all,3,1.0000001192092896,1.1920928955078125e-07
3,all,4,0.9999998807907104,1.1920928955078125e-07
3,all,5,0.9999997615814209,2.384185791015625e-07
3,all,6,1.0000003576278687,3.5762786865234375e-07
3,all,7,0.9999998807907104,1.1920928955078125e-07
3,all,8,1.0000004768371582,4.76837158203125e-07
3,all,9,1.000000238418579,2.384185791015625e-07
3,no_attn,0,1.536003828048706,0.536003828048706
3,no_attn,1,1.8854432106018066,0.8854432106018066
3,no_attn,2,2.0563032627105713,1.0563032627105713
3,no_attn,3,2.2244205474853516,1.2244205474853516
3,no_attn,4,1.9967159032821655,0.9967159032821655
3,no_attn,5,1.940453052520752,0.940453052520752
3,no_attn,6,-0.20211419463157654,1.2021141946315765
3,no_attn,7,9.890677452087402,8.890677452087402
3,no_attn,8,3.9101529121398926,2.9101529121398926
3,no_attn,9,1.6080443859100342,0.6080443859100342
3,no_ln,0,0.024660440161824226,0.9753395598381758
3,no_ln,1,0.0449165403842926,0.9550834596157074
3,no_ln,2,0.036189399659633636,0.9638106003403664
3,no_ln,3,0.032837770879268646,0.9671622291207314
3,no_ln,4,0.02760794758796692,0.9723920524120331
3,no_ln,5,0.03650166094303131,0.9634983390569687
3,no_ln,6,-0.2823764681816101,1.28237646818161
3,no_ln,7,-0.41554561257362366,1.4155456125736237
3,no_ln,8,-0.2071489542722702,1.2071489542722702
3,no_ln,9,-0.1423291116952896,1.1423291116952896
3,no_identity,0,0.8484529852867126,0.15154701471328735
3,no_identity,1,0.7186786532402039,0.28132134675979614
3,no_identity,2,0.728786826133728,0.271213173866272
3,no_identity,3,0.7249696254730225,0.27503037452697754
3,no_identity,4,0.7288023233413696,0.27119767665863037
3,no_identity,5,0.7037200927734375,0.2962799072265625
3,no_identity,6,0.7718333601951599,0.2281666398048401
3,no_identity,7,1.0038386583328247,0.003838658332824707
3,no_identity,8,0.7643381953239441,0.2356618046760559
3,no_identity,9,0.7067152261734009,0.2932847738265991
3,no_half,0,6.067435264587402,5.067435264587402
3,no_half,1,5.397873401641846,4.397873401641846
3,no_half,2,5.487615585327148,4.487615585327148
3,no_half,3,6.63066291809082,5.63066291809082
3,no_half,4,5.796850681304932,4.796850681304932
3,no_half,5,5.965856552124023,4.965856552124023
3,no_half,6,8.638568878173828,7.638568878173828
3,no_half,7,7.464603900909424,6.464603900909424
3,no_half,8,7.363083839416504,6.363083839416504
3,no_half,9,7.628196716308594,6.628196716308594
3,none,0,0.006653856951743364,0.9933461430482566
3,none,1,-0.008537709712982178,1.0085377097129822
3,none,2,-0.06289175152778625,1.0628917515277863
3,none,3,-0.1615329533815384,1.1615329533815384
3,none,4,-0.04894593730568886,1.0489459373056889
3,none,5,-0.08242815732955933,1.0824281573295593
3,none,6,0.7508749961853027,0.24912500381469727
3,none,7,-1.9387712478637695,2.9387712478637695
3,none,8,-0.15356984734535217,1.1535698473453522
3,none,9,-0.4823838770389557,1.4823838770389557
7,all,0,0.9999998807907104,1.1920928955078125e-07
7,all,1,0.9999998807907104,1.1920928955078125e-07
7,all,2,0.9999997615814209,2.384185791015625e-07
7,all,3,1.0,0.0
7,all,4,0.9999997615814209,2.384185791015625e-07
7,all,5,0.9999998807907104,1.1920928955078125e-07
7,all,6,1.0000003576278687,3.5762786865234375e-07
7,all,7,0.9999998211860657,1.7881393432617188e-07
7,all,8,1.0000004768371582,4.76837158203125e-07
7,all,9,1.0000001192092896,1.1920928955078125e-07
7,no_attn,0,1.3547896146774292,0.3547896146774292
7,no_attn,1,1.6953608989715576,0.6953608989715576
7,no_attn,2,1.6608725786209106,0.6608725786209106
7,no_attn,3,1.7676736116409302,0.7676736116409302
7,no_attn,4,1.5389593839645386,0.5389593839645386
7,no_attn,5,1.5768786668777466,0.5768786668777466
7,no_attn,6,0.6835431456565857,0.3164568543434143
7,no_attn,7,5.848945140838623,4.848945140838623
7,no_attn,8,2.973701238632202,1.9737012386322021
7,no_attn,9,1.503423810005188,0.503423810005188
7,no_ln,0,0.04040614515542984,0.9595938548445702
7,no_ln,1,0.054265644401311874,0.9457343555986881
7,no_ln,2,0.04487764462828636,0.9551223553717136
7,no_ln,3,0.05089976266026497,0.949100237339735
7,no_ln,4,0.040913697332143784,0.9590863026678562
7,no_ln,5,0.0387125238776207,0.9612874761223793
7,no_ln,6,-0.2445390671491623,1.2445390671491623
7,no_ln,7,-0.47198691964149475,1.4719869196414948
7,no_ln,8,-0.21895445883274078,1.2189544588327408
7,no_ln,9,-0.13540169596672058,1.1354016959667206
7,no_identity,0,0.83589768409729,0.16410231590270996
7,no_identity,1,0.7531505227088928,0.24684947729110718
7,no_identity,2,0.7676973938941956,0.23230260610580444
7,no_identity,3,0.7561483383178711,0.2438516616821289
7,no_identity,4,0.7706614136695862,0.22933858633041382
7,no_identity,5,0.7442458271980286,0.25575417280197144
7,no_identity,6,0.7486079931259155,0.2513920068740845
7,no_identity,7,0.9200122356414795,0.07998776435852051
7,no_identity,8,0.774700403213501,0.22529959678649902
7,no_identity,9,0.7350100874900818,0.2649899125099182
7,no_half,0,5.738487720489502,4.738487720489502
7,no_half,1,5.016880989074707,4.016880989074707
7,no_half,2,5.074753761291504,4.074753761291504
7,no_half,3,5.91109561920166,4.91109561920166
7,no_half,4,5.162467002868652,4.162467002868652
7,no_half,5,5.39123010635376,4.39123010635376
7,no_half,6,7.392655849456787,6.392655849456787
7,no_half,7,7.097103118896484,6.097103118896484
7,no_half,8,6.476834774017334,5.476834774017334
7,no_half,9,7.336282253265381,6.336282253265381
7,none,0,0.1201838031411171,0.8798161968588829
7,none,1,0.18479669094085693,0.8152033090591431
7,none,2,0.05911017581820488,0.9408898241817951
7,none,3,0.3067319691181183,0.6932680308818817
7,none,4,0.11741172522306442,0.8825882747769356
7,none,5,0.12290386855602264,0.8770961314439774
7,none,6,0.4393889605998993,0.5606110394001007
7,none,7,-1.6406830549240112,2.6406830549240112
7,none,8,-0.1972607970237732,1.1972607970237732
7,none,9,-0.240966334939003,1.240966334939003
11,all,0,1.0000001192092896,1.1920928955078125e-07
11,all,1,0.9999998807907104,1.1920928955078125e-07
11,all,2,0.9999997615814209,2.384185791015625e-07
11,all,3,1.0000001192092896,1.1920928955078125e-07
11,all,4,1.0,0.0
11,all,5,0.9999998807907104,1.1920928955078125e-07
11,all,6,1.000000238418579,2.384185791015625e-07
11,all,7,0.9999996423721313,3.5762786865234375e-07
11,all,8,1.0000004768371582,4.76837158203125e-07
11,all,9,1.000000238418579,2.384185791015625e-07
11,no_attn,0,1.354665756225586,0.35466575622558594
11,no_attn,1,1.4690922498703003,0.4690922498703003
11,no_attn,2,1.3813899755477905,0.3813899755477905
11,no_attn,3,1.4035061597824097,0.40350615978240967
11,no_attn,4,1.3139069080352783,0.3139069080352783
11,no_attn,5,1.4098836183547974,0.40988361835479736
11,no_attn,6,0.7915847301483154,0.20841526985168457
11,no_attn,7,4.819852828979492,3.819852828979492
11,no_attn,8,2.765442132949829,1.765442132949829
11,no_attn,9,1.5000091791152954,0.5000091791152954
11,no_ln,0,0.024738987907767296,0.9752610120922327
11,no_ln,1,0.011907382868230343,0.9880926171317697
11,no_ln,2,0.01284672413021326,0.9871532758697867
11,no_ln,3,0.004764399025589228,0.9952356009744108
11,no_ln,4,0.010226483456790447,0.9897735165432096
11,no_ln,5,0.013250311836600304,0.9867496881633997
11,no_ln,6,-0.08396098017692566,1.0839609801769257
11,no_ln,7,-0.24978546798229218,1.2497854679822922
11,no_ln,8,-0.15220732986927032,1.1522073298692703
11,no_ln,9,-0.1030568778514862,1.1030568778514862
11,no_identity,0,0.8656241297721863,0.13437587022781372
11,no_identity,1,0.784125030040741,0.21587496995925903
11,no_identity,2,0.785936176776886,0.214063823223114
11,no_identity,3,0.7722691297531128,0.2277308702468872
11,no_identity,4,0.7905317544937134,0.20946824550628662
11,no_identity,5,0.7623305320739746,0.2376694679260254
11,no_identity,6,0.7379421591758728,0.2620578408241272
11,no_identity,7,0.9382705688476562,0.06172943115234375
11,no_identity,8,0.788144588470459,0.21185541152954102
11,no_identity,9,0.7287463545799255,0.27125364542007446
11,no_half,0,4.785514831542969,3.7855148315429688
11,no_half,1,4.455448150634766,3.4554481506347656
11,no_half,2,4.455970764160156,3.4559707641601562
11,no_half,3,5.246111869812012,4.246111869812012
11,no_half,4,4.562001705169678,3.5620017051696777
11,no_half,5,4.731661319732666,3.731661319732666
11,no_half,6,6.44099235534668,5.44099235534668
11,no_half,7,5.665863990783691,4.665863990783691
11,no_half,8,5.573838710784912,4.573838710784912
11,no_half,9,6.328566551208496,5.328566551208496
11,none,0,0.04600765183568001,0.95399234816432
11,none,1,0.02717236801981926,0.9728276319801807
11,none,2,0.05774379149079323,0.9422562085092068
11,none,3,-0.2852841913700104,1.2852841913700104
11,none,4,0.05387567728757858,0.9461243227124214
11,none,5,-0.12446120381355286,1.1244612038135529
11,none,6,1.2120780944824219,0.21207809448242188
11,none,7,0.10240613669157028,0.8975938633084297
11,none,8,-0.6977593898773193,1.6977593898773193
11,none,9,-0.27623623609542847,1.2762362360954285
15,all,0,1.0,0.0
15,all,1,0.9999998807907104,1.1920928955078125e-07
15,all,2,0.9999998807907104,1.1920928955078125e-07
15,all,3,1.0,0.0
15,all,4,1.0,0.0
15,all,5,0.9999998807907104,1.1920928955078125e-07
15,all,6,1.000000238418579,2.384185791015625e-07
15,all,7,0.9999996423721313,3.5762786865234375e-07
15,all,8,1.0000003576278687,3.5762786865234375e-07
15,all,9,1.0000001192092896,1.1920928955078125e-07
15,no_attn,0,1.2184462547302246,0.2184462547302246
15,no_attn,1,1.2745912075042725,0.27459120750427246
15,no_attn,2,1.2011569738388062,0.20115697383880615
15,no_attn,3,1.0687000751495361,0.06870007514953613
15,no_attn,4,1.1655676364898682,0.16556763648986816
15,no_attn,5,1.1952892541885376,0.1952892541885376
15,no_attn,6,2.1439623832702637,1.1439623832702637
15,no_attn,7,4.013291358947754,3.013291358947754
15,no_attn,8,2.3009021282196045,1.3009021282196045
15,no_attn,9,1.6781240701675415,0.6781240701675415
15,no_ln,0,0.0010753977112472057,0.9989246022887528
15,no_ln,1,0.029021751135587692,0.9709782488644123
15,no_ln,2,0.02413589507341385,0.9758641049265862
15,no_ln,3,0.03499825671315193,0.9650017432868481
15,no_ln,4,0.027799291536211967,0.972200708463788
15,no_ln,5,0.028300611302256584,0.9716993886977434
15,no_ln,6,-0.19717766344547272,1.1971776634454727
15,no_ln,7,-0.436898797750473,1.436898797750473
15,no_ln,8,-0.11520159989595413,1.1152015998959541
15,no_ln,9,-0.10199598968029022,1.1019959896802902
15,no_identity,0,0.8915153741836548,0.10848462581634521
15,no_identity,1,0.8104111552238464,0.18958884477615356
15,no_identity,2,0.8026419878005981,0.19735801219940186
15,no_identity,3,0.7958492636680603,0.2041507363319397
15,no_identity,4,0.8059872388839722,0.19401276111602783
15,no_identity,5,0.7948085069656372,0.2051914930343628
15,no_identity,6,0.7220702767372131,0.27792972326278687
15,no_identity,7,0.9517847895622253,0.04821521043777466
15,no_identity,8,0.7998404502868652,0.20015954971313477
15,no_identity,9,0.7219889163970947,0.2780110836029053
15,no_half,0,3.5808348655700684,2.5808348655700684
15,no_half,1,3.3842613697052,2.3842613697052
15,no_half,2,3.4081993103027344,2.4081993103027344
15,no_half,3,3.9201016426086426,2.9201016426086426
15,no_half,4,3.41068434715271,2.41068434715271
15,no_half,5,3.5706675052642822,2.5706675052642822
15,no_half,6,5.0336456298828125,4.0336456298828125
15,no_half,7,4.971362590789795,3.971362590789795
15,no_half,8,4.081976413726807,3.0819764137268066
15,no_half,9,4.78725528717041,3.78725528717041
15,none,0,-0.008353895507752895,1.008353895507753
15,none,1,0.07641811668872833,0.9235818833112717
15,none,2,0.08305668085813522,0.9169433191418648
15,none,3,-0.3274382948875427,1.3274382948875427
15,none,4,0.09866765886545181,0.9013323411345482
15,none,5,-0.11441303044557571,1.1144130304455757
15,none,6,0.6543776392936707,0.34562236070632935
15,none,7,-0.7923270463943481,1.7923270463943481
15,none,8,-0.21586281061172485,1.2158628106117249
15,none,9,-0.13933202624320984,1.1393320262432098
19,all,0,1.0000001192092896,1.1920928955078125e-07
19,all,1,0.9999998807907104,1.1920928955078125e-07
19,all,2,0.9999998807907104,1.1920928955078125e-07
19,all,3,1.0,0.0
19,all,4,0.9999998807907104,1.1920928955078125e-07
19,all,5,0.9999998211860657,1.7881393432617188e-07
19,all,6,1.0000003576278687,3.5762786865234375e-07
19,all,7,0.999999463558197,5.364418029785156e-07
19,all,8,1.0000003576278687,3.5762786865234375e-07
19,all,9,1.0000001192092896,1.1920928955078125e-07
19,no_attn,0,1.0521905422210693,0.052190542221069336
19,no_attn,1,0.984343409538269,0.015656590461730957
19,no_attn,2,0.9454308152198792,0.05456918478012085
19,no_attn,3,0.7830789089202881,0.21692109107971191
19,no_attn,4,0.9370013475418091,0.06299865245819092
19,no_attn,5,0.9592360258102417,0.0407639741897583
19,no_attn,6,3.203545093536377,2.203545093536377
19,no_attn,7,3.81874680519104,2.81874680519104
19,no_attn,8,2.295109272003174,1.2951092720031738
19,no_attn,9,2.0489180088043213,1.0489180088043213
19,no_ln,0,0.042144425213336945,0.957855574786663
19,no_ln,1,0.018616188317537308,0.9813838116824627
19,no_ln,2,0.030078783631324768,0.9699212163686752
19,no_ln,3,0.0296640545129776,0.9703359454870224
19,no_ln,4,0.03996804356575012,0.9600319564342499
19,no_ln,5,0.038874171674251556,0.9611258283257484
19,no_ln,6,0.10424621403217316,0.8957537859678268
19,no_ln,7,0.03131218999624252,0.9686878100037575
19,no_ln,8,0.10721974819898605,0.892780251801014
19,no_ln,9,0.023740775883197784,0.9762592241168022
19,no_identity,0,0.9449945688247681,0.055005431175231934
19,no_identity,1,0.9083518385887146,0.0916481614112854
19,no_identity,2,0.8976498246192932,0.10235017538070679
19,no_identity,3,0.9011668562889099,0.09883314371109009
19,no_identity,4,0.8999388813972473,0.10006111860275269
19,no_identity,5,0.895931601524353,0.10406839847564697
19,no_identity,6,0.7704887390136719,0.22951126098632812
19,no_identity,7,0.9412583708763123,0.058741629123687744
19,no_identity,8,0.881606936454773,0.11839306354522705
19,no_identity,9,0.8129202723503113,0.18707972764968872
19,no_half,0,2.388962507247925,1.3889625072479248
19,no_half,1,2.3779709339141846,1.3779709339141846
19,no_half,2,2.3700780868530273,1.3700780868530273
19,no_half,3,2.4626944065093994,1.4626944065093994
19,no_half,4,2.3402631282806396,1.3402631282806396
19,no_half,5,2.2922985553741455,1.2922985553741455
19,no_half,6,2.402704954147339,1.4027049541473389
19,no_half,7,2.6876933574676514,1.6876933574676514
19,no_half,8,2.4215590953826904,1.4215590953826904
19,no_half,9,2.6456809043884277,1.6456809043884277
19,none,0,0.19001024961471558,0.8099897503852844
19,none,1,0.136028453707695,0.863971546292305
19,none,2,0.1519395262002945,0.8480604737997055
19,none,3,-0.04586457833647728,1.0458645783364773
19,none,4,0.16331948339939117,0.8366805166006088
19,none,5,0.1303422451019287,0.8696577548980713
19,none,6,0.7334403991699219,0.2665596008300781
19,none,7,2.221654176712036,1.2216541767120361
19,none,8,0.547009289264679,0.45299071073532104
19,none,9,0.25427675247192383,0.7457232475280762
23,all,0,1.0,0.0
23,all,1,1.0,0.0
23,all,2,1.0,0.0
23,all,3,1.0,0.0
23,all,4,1.0,0.0
23,all,5,1.0,0.0
23,all,6,1.0,0.0
23,all,7,1.0,0.0
23,all,8,1.0,0.0
23,all,9,1.0,0.0
23,no_attn,0,1.0,0.0
23,no_attn,1,1.0,0.0
23,no_attn,2,1.0,0.0
23,no_attn,3,1.0,0.0
23,no_attn,4,1.0,0.0
23,no_attn,5,1.0,0.0
23,no_attn,6,1.0,0.0
23,no_attn,7,1.0,0.0
23,no_attn,8,1.0,0.0
23,no_attn,9,1.0,0.0
23,no_ln,0,1.0,0.0
23,no_ln,1,1.0,0.0
23,no_ln,2,1.0,0.0
23,no_ln,3,1.0,0.0
23,no_ln,4,1.0,0.0
23,no_ln,5,1.0,0.0
23,no_ln,6,1.0,0.0
23,no_ln,7,1.0,0.0
23,no_ln,8,1.0,0.0
23,no_ln,9,1.0,0.0
23,no_identity,0,1.0,0.0
23,no_identity,1,1.0,0.0
23,no_identity,2,1.0,0.0
23,no_identity,3,1.0,0.0
23,no_identity,4,1.0,0.0
23,no_identity,5,1.0,0.0
23,no_identity,6,1.0,0.0
23,no_identity,7,1.0,0.0
23,no_identity,8,1.0,0.0
23,no_identity,9,1.0,0.0
23,no_half,0,1.0,0.0
23,no_half,1,1.0,0.0
23,no_half,2,1.0,0.0
23,no_half,3,1.0,0.0
23,no_half,4,1.0,0.0
23,no_half,5,1.0,0.0
23,no_half,6,1.0,0.0
23,no_half,7,1.0,0.0
23,no_half,8,1.0,0.0
23,no_half,9,1.0,0.0
23,none,0,1.0,0.0
23,none,1,1.0,0.0
23,none,2,1.0,0.0
23,none,3,1.0,0.0
23,none,4,1.0,0.0
23,none,5,1.0,0.0
23,none,6,1.0,0.0
23,none,7,1.0,0.0
23,none,8,1.0,0.0
23,none,9,1.0,0.0
