layer,task,accuracy,f1,auc,control_accuracy,selectivity,n_train,n_test,n_groups,pos_frac,converged,control_converged,notes,tag,tag_value,features
-1,binding,0.7978987550839003,0.7396938760109177,0.9050531469356649,0.5448718795636038,0.25302687552029646,16063,4015,423,0.17550674834404104,True,True,,,,surface
-1,binding,0.926822241428983,,,,,16063,4015,423,0.17550674834404104,True,True,,stratum,positive,surface
-1,binding,0.8826638477801269,,,,,16063,4015,423,0.17550674834404104,True,True,,stratum,same_name_diff_binding,surface
-1,binding,0.7292748605501058,,,,,16063,4015,423,0.17550674834404104,True,True,,stratum,diff_name,surface
-1,binding,0.8153704837721985,,,,,16063,4015,423,0.17550674834404104,True,True,,stratum,distance_matched,surface
-1,binding,0.5,,,,,16063,4015,423,0.17550674834404104,True,True,,stratum,context_matched,surface
-1,binding,0.7790163440536265,,,,,16063,4015,423,0.17550674834404104,True,True,,distance,dist_10_50,surface
-1,binding,0.6555023923444976,,,,,16063,4015,423,0.17550674834404104,True,True,,distance,dist_50_200,surface
-1,binding,0.883873384528938,,,,,16063,4015,423,0.17550674834404104,True,True,,distance,dist_0_10,surface
-1,defuse_edge,0.682132963348282,0.6299669368090868,0.7703872248091079,0.5348054548516521,0.1473275084966299,16036,4009,607,0.20093784296118927,True,True,,,,surface
-1,defuse_edge,0.7731984829329962,,,,,16036,4009,607,0.20093784296118927,True,True,,stratum,positive,surface
-1,defuse_edge,0.7762345679012346,,,,,16036,4009,607,0.20093784296118927,True,True,,stratum,same_name_diff_binding,surface
-1,defuse_edge,0.6486214161399652,,,,,16036,4009,607,0.20093784296118927,True,True,,stratum,diff_name,surface
-1,defuse_edge,0.6332684824902723,,,,,16036,4009,607,0.20093784296118927,True,True,,stratum,distance_matched,surface
-1,defuse_edge,0.5,,,,,16036,4009,607,0.20093784296118927,True,True,,stratum,context_matched,surface
-1,defuse_edge,0.7975589225589226,,,,,16036,4009,607,0.20093784296118927,True,True,,distance,dist_0_10,surface
-1,defuse_edge,0.6359390552025113,,,,,16036,4009,607,0.20093784296118927,True,True,,distance,dist_10_50,surface
-1,defuse_edge,0.7066726377071205,,,,,16036,4009,607,0.20093784296118927,True,True,,distance,dist_50_200,surface
-1,control_dep,0.926874435829103,0.9132738217416392,0.9896971962474144,0.5670591572176914,0.3598152786114116,2450,612,289,0.27685275873326803,True,True,,,,surface
-1,control_dep,0.9587264150943396,,,,,2450,612,289,0.27685275873326803,True,True,,stratum,positive,surface
-1,control_dep,1.0,,,,,2450,612,289,0.27685275873326803,True,True,,stratum,non_dependent,surface
-1,control_dep,0.6763698630136986,,,,,2450,612,289,0.27685275873326803,True,True,,stratum,indent_matched,surface
-1,control_dep,0.8439226519337016,,,,,2450,612,289,0.27685275873326803,True,True,,distance,dist_0_10,surface
-1,control_dep,0.9441649899396378,,,,,2450,612,289,0.27685275873326803,True,True,,distance,dist_10_50,surface
-1,control_dep,1.0,,,,,2450,612,289,0.27685275873326803,True,True,,distance,dist_50_200,surface
-1,lexical_token_type,1.0,1.0,0.0,0.16040625718923904,0.8395937428107609,16020,4005,347,0.0,True,False,,,,hidden
-1,binding,0.8444723739838882,0.7943926293382457,0.932104429798763,0.5531597217289493,0.29131265225493885,16063,4015,423,0.17550674834404104,True,True,,,,hidden
-1,binding,0.9997118985883031,,,,,16063,4015,423,0.17550674834404104,True,True,,stratum,positive,hidden
-1,binding,0.0007047216349541931,,,,,16063,4015,423,0.17550674834404104,True,True,,stratum,same_name_diff_binding,hidden
-1,binding,1.0,,,,,16063,4015,423,0.17550674834404104,True,True,,stratum,diff_name,hidden
-1,binding,0.9286589099816289,,,,,16063,4015,423,0.17550674834404104,True,True,,stratum,distance_matched,hidden
-1,binding,0.5,,,,,16063,4015,423,0.17550674834404104,True,True,,stratum,context_matched,hidden
-1,binding,0.8291029600060255,,,,,16063,4015,423,0.17550674834404104,True,True,,distance,dist_10_50,hidden
-1,binding,0.8940533151059467,,,,,16063,4015,423,0.17550674834404104,True,True,,distance,dist_50_200,hidden
-1,binding,0.8690766061060123,,,,,16063,4015,423,0.17550674834404104,True,True,,distance,dist_0_10,hidden
-1,defuse_edge,0.8812653873917495,0.8458615290656741,0.9513936710864046,0.5351615684785602,0.3461038189131893,16036,4009,607,0.20093784296118927,True,True,,,,hidden
-1,defuse_edge,0.9997471554993679,,,,,16036,4009,607,0.20093784296118927,True,True,,stratum,positive,hidden
-1,defuse_edge,0.00051440329218107,,,,,16036,4009,607,0.20093784296118927,True,True,,stratum,same_name_diff_binding,hidden
-1,defuse_edge,1.0,,,,,16036,4009,607,0.20093784296118927,True,True,,stratum,diff_name,hidden
-1,defuse_edge,0.882295719844358,,,,,16036,4009,607,0.20093784296118927,True,True,,stratum,distance_matched,hidden
-1,defuse_edge,0.5,,,,,16036,4009,607,0.20093784296118927,True,True,,stratum,context_matched,hidden
-1,defuse_edge,0.8345959595959596,,,,,16036,4009,607,0.20093784296118927,True,True,,distance,dist_0_10,hidden
-1,defuse_edge,0.8910496899165454,,,,,16036,4009,607,0.20093784296118927,True,True,,distance,dist_10_50,hidden
-1,defuse_edge,0.9234214061800269,,,,,16036,4009,607,0.20093784296118927,True,True,,distance,dist_50_200,hidden
-1,control_dep,0.8028102638853877,0.7235176262400078,0.7427006786138609,0.6637608121902245,0.13904945169516314,2450,612,289,0.27685275873326803,True,True,,,,hidden
-1,control_dep,0.4834905660377358,,,,,2450,612,289,0.27685275873326803,True,True,,stratum,positive,hidden
-1,control_dep,0.8982219497240956,,,,,2450,612,289,0.27685275873326803,True,True,,stratum,non_dependent,hidden
-1,control_dep,1.0,,,,,2450,612,289,0.27685275873326803,True,True,,stratum,indent_matched,hidden
-1,control_dep,0.6132596685082873,,,,,2450,612,289,0.27685275873326803,True,True,,distance,dist_0_10,hidden
-1,control_dep,0.8395372233400402,,,,,2450,612,289,0.27685275873326803,True,True,,distance,dist_10_50,hidden
-1,control_dep,0.9857549857549858,,,,,2450,612,289,0.27685275873326803,True,True,,distance,dist_50_200,hidden
-1,taint_state,0.75,0.7333333333333334,0.875,0.5,0.25,320,80,200,0.5,True,True,,,,hidden
0,lexical_token_type,1.0,1.0,0.0,0.15711751328571882,0.8428824867142812,16020,4005,347,0.0,True,False,,,,hidden
0,binding,0.975445567384995,0.9594048303608844,0.9977273971586966,0.5845907513999852,0.3908548159850098,16063,4015,423,0.17550674834404104,True,True,,,,hidden
0,binding,0.989628349178911,,,,,16063,4015,423,0.17550674834404104,True,True,,stratum,positive,hidden
0,binding,0.8886539816772375,,,,,16063,4015,423,0.17550674834404104,True,True,,stratum,same_name_diff_binding,hidden
0,binding,0.996537795729948,,,,,16063,4015,423,0.17550674834404104,True,True,,stratum,diff_name,hidden
0,binding,0.983159828536436,,,,,16063,4015,423,0.17550674834404104,True,True,,stratum,distance_matched,hidden
0,binding,0.5283018867924528,,,,,16063,4015,423,0.17550674834404104,True,True,,stratum,context_matched,hidden
0,binding,0.9737892596219025,,,,,16063,4015,423,0.17550674834404104,True,True,,distance,dist_10_50,hidden
0,binding,0.924812030075188,,,,,16063,4015,423,0.17550674834404104,True,True,,distance,dist_50_200,hidden
0,binding,0.9934444652556659,,,,,16063,4015,423,0.17550674834404104,True,True,,distance,dist_0_10,hidden
0,defuse_edge,0.9745057444727682,0.9619551180152731,0.9974820196138307,0.5664992098998125,0.40800653457295566,16036,4009,607,0.20093784296118927,True,True,,,,hidden
0,defuse_edge,0.9989886219974715,,,,,16036,4009,607,0.20093784296118927,True,True,,stratum,positive,hidden
0,defuse_edge,0.8101851851851852,,,,,16036,4009,607,0.20093784296118927,True,True,,stratum,same_name_diff_binding,hidden
0,defuse_edge,0.998351195383347,,,,,16036,4009,607,0.20093784296118927,True,True,,stratum,diff_name,hidden
0,defuse_edge,0.9844357976653697,,,,,16036,4009,607,0.20093784296118927,True,True,,stratum,distance_matched,hidden
0,defuse_edge,0.5068493150684932,,,,,16036,4009,607,0.20093784296118927,True,True,,stratum,context_matched,hidden
0,defuse_edge,0.9816919191919192,,,,,16036,4009,607,0.20093784296118927,True,True,,distance,dist_0_10,hidden
0,defuse_edge,0.9764183446902993,,,,,16036,4009,607,0.20093784296118927,True,True,,distance,dist_10_50,hidden
0,defuse_edge,0.948051948051948,,,,,16036,4009,607,0.20093784296118927,True,True,,distance,dist_50_200,hidden
0,control_dep,0.8576364523092719,0.8415256729136811,0.9654314257245836,0.5830661411559618,0.2745703111533101,2450,612,289,0.27685275873326803,True,True,,,,hidden
0,control_dep,0.972877358490566,,,,,2450,612,289,0.27685275873326803,True,True,,stratum,positive,hidden
0,control_dep,0.9950950337216432,,,,,2450,612,289,0.27685275873326803,True,True,,stratum,non_dependent,hidden
0,control_dep,0.3065068493150685,,,,,2450,612,289,0.27685275873326803,True,True,,stratum,indent_matched,hidden
0,control_dep,0.8370165745856354,,,,,2450,612,289,0.27685275873326803,True,True,,distance,dist_0_10,hidden
0,control_dep,0.8621730382293763,,,,,2450,612,289,0.27685275873326803,True,True,,distance,dist_10_50,hidden
0,control_dep,0.8746438746438746,,,,,2450,612,289,0.27685275873326803,True,True,,distance,dist_50_200,hidden
0,taint_state,1.0,1.0,1.0,0.47750000000000004,0.5225,320,80,200,0.5,True,True,,,,hidden
3,lexical_token_type,1.0,1.0,0.0,0.17497867280430185,0.8250213271956981,16020,4005,347,0.0,True,False,,,,hidden
3,binding,0.9874519624543737,0.9789106134488265,0.9997279525668066,0.6296242139922277,0.35782774846214604,16063,4015,423,0.17550674834404104,True,True,,,,hidden
3,binding,0.9997118985883031,,,,,16063,4015,423,0.17550674834404104,True,True,,stratum,positive,hidden
3,binding,0.96723044397463,,,,,16063,4015,423,0.17550674834404104,True,True,,stratum,same_name_diff_binding,hidden
3,binding,0.991825351029044,,,,,16063,4015,423,0.17550674834404104,True,True,,stratum,diff_name,hidden
3,binding,0.9807103490508267,,,,,16063,4015,423,0.17550674834404104,True,True,,stratum,distance_matched,hidden
3,binding,0.9056603773584906,,,,,16063,4015,423,0.17550674834404104,True,True,,stratum,context_matched,hidden
3,binding,0.9871959026888605,,,,,16063,4015,423,0.17550674834404104,True,True,,distance,dist_10_50,hidden
3,binding,0.9678742310321258,,,,,16063,4015,423,0.17550674834404104,True,True,,distance,dist_50_200,hidden
3,binding,0.9934444652556659,,,,,16063,4015,423,0.17550674834404104,True,True,,distance,dist_0_10,hidden
3,defuse_edge,0.9899233198470405,0.9845913313687245,0.9993630951448539,0.5812351344334574,0.4086881854135831,16036,4009,607,0.20093784296118927,True,True,,,,hidden
3,defuse_edge,0.9987357774968394,,,,,16036,4009,607,0.20093784296118927,True,True,,stratum,positive,hidden
3,defuse_edge,0.9331275720164609,,,,,16036,4009,607,0.20093784296118927,True,True,,stratum,same_name_diff_binding,hidden
3,defuse_edge,0.9963359897407713,,,,,16036,4009,607,0.20093784296118927,True,True,,stratum,diff_name,hidden
3,defuse_edge,0.995136186770428,,,,,16036,4009,607,0.20093784296118927,True,True,,stratum,distance_matched,hidden
3,defuse_edge,0.9178082191780822,,,,,16036,4009,607,0.20093784296118927,True,True,,stratum,context_matched,hidden
3,defuse_edge,0.9947390572390572,,,,,16036,4009,607,0.20093784296118927,True,True,,distance,dist_0_10,hidden
3,defuse_edge,0.9890513743204962,,,,,16036,4009,607,0.20093784296118927,True,True,,distance,dist_10_50,hidden
3,defuse_edge,0.9847738468428123,,,,,16036,4009,607,0.20093784296118927,True,True,,distance,dist_50_200,hidden
3,control_dep,0.9141402797799089,0.8982284569769465,0.9796271726615997,0.6013325794527076,0.3128077003272013,2450,612,289,0.27685275873326803,True,True,,,,hidden
3,control_dep,0.9375,,,,,2450,612,289,0.27685275873326803,True,True,,stratum,positive,hidden
3,control_dep,1.0,,,,,2450,612,289,0.27685275873326803,True,True,,stratum,non_dependent,hidden
3,control_dep,0.6404109589041096,,,,,2450,612,289,0.27685275873326803,True,True,,stratum,indent_matched,hidden
3,control_dep,0.8715469613259669,,,,,2450,612,289,0.27685275873326803,True,True,,distance,dist_0_10,hidden
3,control_dep,0.9220321931589537,,,,,2450,612,289,0.27685275873326803,True,True,,distance,dist_10_50,hidden
3,control_dep,0.9572649572649573,,,,,2450,612,289,0.27685275873326803,True,True,,distance,dist_50_200,hidden
3,taint_state,1.0,1.0,1.0,0.5050000000000001,0.4949999999999999,320,80,200,0.5,True,True,,,,hidden
7,lexical_token_type,1.0,1.0,0.0,0.18882446403000894,0.811175535969991,16020,4005,347,0.0,True,False,,,,hidden
7,binding,0.9877014901705163,0.979328057481677,0.9998155526734862,0.6300506384969792,0.35765085167353716,16063,4015,423,0.17550674834404104,True,True,,,,hidden
7,binding,0.9991356957649092,,,,,16063,4015,423,0.17550674834404104,True,True,,stratum,positive,hidden
7,binding,0.9760394644115574,,,,,16063,4015,423,0.17550674834404104,True,True,,stratum,same_name_diff_binding,hidden
7,binding,0.9878822850548182,,,,,16063,4015,423,0.17550674834404104,True,True,,stratum,diff_name,hidden
7,binding,0.9856093080220453,,,,,16063,4015,423,0.17550674834404104,True,True,,stratum,distance_matched,hidden
7,binding,0.9716981132075472,,,,,16063,4015,423,0.17550674834404104,True,True,,stratum,context_matched,hidden
7,binding,0.9876478120057242,,,,,16063,4015,423,0.17550674834404104,True,True,,distance,dist_10_50,hidden
7,binding,0.9719753930280246,,,,,16063,4015,423,0.17550674834404104,True,True,,distance,dist_50_200,hidden
7,binding,0.992133358306799,,,,,16063,4015,423,0.17550674834404104,True,True,,distance,dist_0_10,hidden
7,defuse_edge,0.988825098423353,0.9829471049100601,0.9997135284496735,0.5962295630757094,0.3925955353476436,16036,4009,607,0.20093784296118927,True,True,,,,hidden
7,defuse_edge,0.9974715549936789,,,,,16036,4009,607,0.20093784296118927,True,True,,stratum,positive,hidden
7,defuse_edge,0.9418724279835391,,,,,16036,4009,607,0.20093784296118927,True,True,,stratum,same_name_diff_binding,hidden
7,defuse_edge,0.9941375835852341,,,,,16036,4009,607,0.20093784296118927,True,True,,stratum,diff_name,hidden
7,defuse_edge,0.9899481193255513,,,,,16036,4009,607,0.20093784296118927,True,True,,stratum,distance_matched,hidden
7,defuse_edge,0.958904109589041,,,,,16036,4009,607,0.20093784296118927,True,True,,stratum,context_matched,hidden
7,defuse_edge,0.9941077441077442,,,,,16036,4009,607,0.20093784296118927,True,True,,distance,dist_0_10,hidden
7,defuse_edge,0.9894341934001991,,,,,16036,4009,607,0.20093784296118927,True,True,,distance,dist_10_50,hidden
7,defuse_edge,0.974025974025974,,,,,16036,4009,607,0.20093784296118927,True,True,,distance,dist_50_200,hidden
7,control_dep,0.9582118874044729,0.9490190242947365,0.9944260773932576,0.600679444059318,0.357532443345155,2450,612,289,0.27685275873326803,True,True,,,,hidden
7,control_dep,0.9622641509433962,,,,,2450,612,289,0.27685275873326803,True,True,,stratum,positive,hidden
7,control_dep,1.0,,,,,2450,612,289,0.27685275873326803,True,True,,stratum,non_dependent,hidden
7,control_dep,0.8356164383561644,,,,,2450,612,289,0.27685275873326803,True,True,,stratum,indent_matched,hidden
7,control_dep,0.9599447513812155,,,,,2450,612,289,0.27685275873326803,True,True,,distance,dist_0_10,hidden
7,control_dep,0.9552313883299799,,,,,2450,612,289,0.27685275873326803,True,True,,distance,dist_10_50,hidden
7,control_dep,0.9715099715099715,,,,,2450,612,289,0.27685275873326803,True,True,,distance,dist_50_200,hidden
7,taint_state,1.0,1.0,1.0,0.52,0.48,320,80,200,0.5,True,True,,,,hidden
11,lexical_token_type,1.0,1.0,0.0,0.20537553741167117,0.7946244625883289,16020,4005,347,0.0,True,False,,,,hidden
11,binding,0.9886472837844884,0.9808363713205273,0.9997383671565891,0.6345511450683897,0.3540961387160987,16063,4015,423,0.17550674834404104,True,True,,,,hidden
11,binding,0.9974070872947277,,,,,16063,4015,423,0.17550674834404104,True,True,,stratum,positive,hidden
11,binding,0.9827343199436223,,,,,16063,4015,423,0.17550674834404104,True,True,,stratum,same_name_diff_binding,hidden
11,binding,0.9874014233506444,,,,,16063,4015,423,0.17550674834404104,True,True,,stratum,diff_name,hidden
11,binding,0.9883649724433557,,,,,16063,4015,423,0.17550674834404104,True,True,,stratum,distance_matched,hidden
11,binding,0.9905660377358491,,,,,16063,4015,423,0.17550674834404104,True,True,,stratum,context_matched,hidden
11,binding,0.9884009942004971,,,,,16063,4015,423,0.17550674834404104,True,True,,distance,dist_10_50,hidden
11,binding,0.9630895420369104,,,,,16063,4015,423,0.17550674834404104,True,True,,distance,dist_50_200,hidden
11,binding,0.9962539801460948,,,,,16063,4015,423,0.17550674834404104,True,True,,distance,dist_0_10,hidden
11,defuse_edge,0.9863301423907718,0.9791533207647699,0.9995231494241107,0.5983247219149886,0.3880054204757831,16036,4009,607,0.20093784296118927,True,True,,,,hidden
11,defuse_edge,0.9936788874841972,,,,,16036,4009,607,0.20093784296118927,True,True,,stratum,positive,hidden
11,defuse_edge,0.9490740740740741,,,,,16036,4009,607,0.20093784296118927,True,True,,stratum,same_name_diff_binding,hidden
11,defuse_edge,0.9901071723000825,,,,,16036,4009,607,0.20093784296118927,True,True,,stratum,diff_name,hidden
11,defuse_edge,0.9876783398184177,,,,,16036,4009,607,0.20093784296118927,True,True,,stratum,distance_matched,hidden
11,defuse_edge,0.9726027397260274,,,,,16036,4009,607,0.20093784296118927,True,True,,stratum,context_matched,hidden
11,defuse_edge,0.9955808080808081,,,,,16036,4009,607,0.20093784296118927,True,True,,distance,dist_0_10,hidden
11,defuse_edge,0.9866013322103974,,,,,16036,4009,607,0.20093784296118927,True,True,,distance,dist_10_50,hidden
11,defuse_edge,0.9650694133452754,,,,,16036,4009,607,0.20093784296118927,True,True,,distance,dist_50_200,hidden
11,control_dep,0.972273908930835,0.9660751127093388,0.9981632484966301,0.6101828286292024,0.3620910803016326,2450,612,289,0.27685275873326803,True,True,,,,hidden
11,control_dep,0.9823113207547169,,,,,2450,612,289,0.27685275873326803,True,True,,stratum,positive,hidden
11,control_dep,1.0,,,,,2450,612,289,0.27685275873326803,True,True,,stratum,non_dependent,hidden
11,control_dep,0.8801369863013698,,,,,2450,612,289,0.27685275873326803,True,True,,stratum,indent_matched,hidden
11,control_dep,0.9682320441988951,,,,,2450,612,289,0.27685275873326803,True,True,,distance,dist_0_10,hidden
11,control_dep,0.9723340040241448,,,,,2450,612,289,0.27685275873326803,True,True,,distance,dist_10_50,hidden
11,control_dep,0.98005698005698,,,,,2450,612,289,0.27685275873326803,True,True,,distance,dist_50_200,hidden
11,taint_state,1.0,1.0,1.0,0.5375,0.4625,320,80,200,0.5,True,True,,,,hidden
15,lexical_token_type,0.9999002738491043,0.9999340185298904,0.0,0.19949776097917876,0.8004025128699255,16020,4005,347,0.0,True,False,,,,hidden
15,binding,0.9846662441603872,0.9743177198206936,0.9994682853093491,0.629378529242292,0.3552877149180952,16063,4015,423,0.17550674834404104,True,True,,,,hidden
15,binding,0.9959665802362432,,,,,16063,4015,423,0.17550674834404104,True,True,,stratum,positive,hidden
15,binding,0.9820295983086681,,,,,16063,4015,423,0.17550674834404104,True,True,,stratum,same_name_diff_binding,hidden
15,binding,0.982400461627236,,,,,16063,4015,423,0.17550674834404104,True,True,,stratum,diff_name,hidden
15,binding,0.9828536436007348,,,,,16063,4015,423,0.17550674834404104,True,True,,stratum,distance_matched,hidden
15,binding,0.9622641509433962,,,,,16063,4015,423,0.17550674834404104,True,True,,stratum,context_matched,hidden
15,binding,0.9847104014461098,,,,,16063,4015,423,0.17550674834404104,True,True,,distance,dist_10_50,hidden
15,binding,0.9658236500341764,,,,,16063,4015,423,0.17550674834404104,True,True,,distance,dist_50_200,hidden
15,binding,0.9896984454017607,,,,,16063,4015,423,0.17550674834404104,True,True,,distance,dist_0_10,hidden
15,defuse_edge,0.9842807925524616,0.9761127106840822,0.9992756046558451,0.6021655700919591,0.38211522246050245,16036,4009,607,0.20093784296118927,True,True,,,,hidden
15,defuse_edge,0.9919089759797725,,,,,16036,4009,607,0.20093784296118927,True,True,,stratum,positive,hidden
15,defuse_edge,0.9444444444444444,,,,,16036,4009,607,0.20093784296118927,True,True,,stratum,same_name_diff_binding,hidden
15,defuse_edge,0.9898323715306403,,,,,16036,4009,607,0.20093784296118927,True,True,,stratum,diff_name,hidden
15,defuse_edge,0.980544747081712,,,,,16036,4009,607,0.20093784296118927,True,True,,stratum,distance_matched,hidden
15,defuse_edge,0.9726027397260274,,,,,16036,4009,607,0.20093784296118927,True,True,,stratum,context_matched,hidden
15,defuse_edge,0.9861111111111112,,,,,16036,4009,607,0.20093784296118927,True,True,,distance,dist_0_10,hidden
15,defuse_edge,0.9864482045785162,,,,,16036,4009,607,0.20093784296118927,True,True,,distance,dist_10_50,hidden
15,defuse_edge,0.967756381549485,,,,,16036,4009,607,0.20093784296118927,True,True,,distance,dist_50_200,hidden
15,control_dep,0.9840132802923562,0.9803453474080273,0.9988148994760844,0.596476145575421,0.3875371347169353,2450,612,289,0.27685275873326803,True,True,,,,hidden
15,control_dep,0.9952830188679245,,,,,2450,612,289,0.27685275873326803,True,True,,stratum,positive,hidden
15,control_dep,1.0,,,,,2450,612,289,0.27685275873326803,True,True,,stratum,non_dependent,hidden
15,control_dep,0.922945205479452,,,,,2450,612,289,0.27685275873326803,True,True,,stratum,indent_matched,hidden
15,control_dep,0.9765193370165746,,,,,2450,612,289,0.27685275873326803,True,True,,distance,dist_0_10,hidden
15,control_dep,0.9859154929577465,,,,,2450,612,289,0.27685275873326803,True,True,,distance,dist_10_50,hidden
15,control_dep,0.9886039886039886,,,,,2450,612,289,0.27685275873326803,True,True,,distance,dist_50_200,hidden
15,taint_state,1.0,1.0,1.0,0.5375,0.4625,320,80,200,0.5,True,True,,,,hidden
19,lexical_token_type,0.9998503113210004,0.9999010427322567,0.0,0.19525382494736468,0.8045964863736358,16020,4005,347,0.0,True,False,,,,hidden
19,binding,0.9867060524427821,0.9776343915788166,0.9997504599385547,0.6401213865151729,0.34658466592760917,16063,4015,423,0.17550674834404104,True,True,,,,hidden
19,binding,0.996542783059637,,,,,16063,4015,423,0.17550674834404104,True,True,,stratum,positive,hidden
19,binding,0.9704016913319239,,,,,16063,4015,423,0.17550674834404104,True,True,,stratum,same_name_diff_binding,hidden
19,binding,0.9881708020773226,,,,,16063,4015,423,0.17550674834404104,True,True,,stratum,diff_name,hidden
19,binding,0.9862216778934476,,,,,16063,4015,423,0.17550674834404104,True,True,,stratum,distance_matched,hidden
19,binding,0.9716981132075472,,,,,16063,4015,423,0.17550674834404104,True,True,,stratum,context_matched,hidden
19,binding,0.9862920840551329,,,,,16063,4015,423,0.17550674834404104,True,True,,distance,dist_10_50,hidden
19,binding,0.9733424470266575,,,,,16063,4015,423,0.17550674834404104,True,True,,distance,dist_50_200,hidden
19,binding,0.991384154336018,,,,,16063,4015,423,0.17550674834404104,True,True,,distance,dist_0_10,hidden
19,defuse_edge,0.9875779941468504,0.9809938942568124,0.9993160216394694,0.5890514975654811,0.3985264965813693,16036,4009,607,0.20093784296118927,True,True,,,,hidden
19,defuse_edge,0.9924146649810367,,,,,16036,4009,607,0.20093784296118927,True,True,,stratum,positive,hidden
19,defuse_edge,0.9423868312757202,,,,,16036,4009,607,0.20093784296118927,True,True,,stratum,same_name_diff_binding,hidden
19,defuse_edge,0.993496381789869,,,,,16036,4009,607,0.20093784296118927,True,True,,stratum,diff_name,hidden
19,defuse_edge,0.9912451361867705,,,,,16036,4009,607,0.20093784296118927,True,True,,stratum,distance_matched,hidden
19,defuse_edge,0.9383561643835616,,,,,16036,4009,607,0.20093784296118927,True,True,,stratum,context_matched,hidden
19,defuse_edge,0.9915824915824916,,,,,16036,4009,607,0.20093784296118927,True,True,,distance,dist_0_10,hidden
19,defuse_edge,0.9875200980016844,,,,,16036,4009,607,0.20093784296118927,True,True,,distance,dist_10_50,hidden
19,defuse_edge,0.9793999104343932,,,,,16036,4009,607,0.20093784296118927,True,True,,distance,dist_50_200,hidden
19,control_dep,0.9807532373067602,0.9763607990402339,0.9988346366569376,0.6003865032134075,0.38036673409335275,2450,612,289,0.27685275873326803,True,True,,,,hidden
19,control_dep,0.9893867924528302,,,,,2450,612,289,0.27685275873326803,True,True,,stratum,positive,hidden
19,control_dep,1.0,,,,,2450,612,289,0.27685275873326803,True,True,,stratum,non_dependent,hidden
19,control_dep,0.9143835616438356,,,,,2450,612,289,0.27685275873326803,True,True,,stratum,indent_matched,hidden
19,control_dep,0.9709944751381215,,,,,2450,612,289,0.27685275873326803,True,True,,distance,dist_0_10,hidden
19,control_dep,0.9839034205231388,,,,,2450,612,289,0.27685275873326803,True,True,,distance,dist_10_50,hidden
19,control_dep,0.9829059829059829,,,,,2450,612,289,0.27685275873326803,True,True,,distance,dist_50_200,hidden
19,taint_state,1.0,1.0,1.0,0.5425000000000001,0.4574999999999999,320,80,200,0.5,True,True,,,,hidden
23,lexical_token_type,0.9998503113210004,0.9999010427322567,0.0,0.19999472741953972,0.7998555839014607,16020,4005,347,0.0,True,False,,,,hidden
23,binding,0.986756151387433,0.9777235915235168,0.9996651573970137,0.6327460685047404,0.35401008288269264,16063,4015,423,0.17550674834404104,True,True,,,,hidden
23,binding,0.996542783059637,,,,,16063,4015,423,0.17550674834404104,True,True,,stratum,positive,hidden
23,binding,0.9686398872445384,,,,,16063,4015,423,0.17550674834404104,True,True,,stratum,same_name_diff_binding,hidden
23,binding,0.9893248701673398,,,,,16063,4015,423,0.17550674834404104,True,True,,stratum,diff_name,hidden
23,binding,0.9843845682792407,,,,,16063,4015,423,0.17550674834404104,True,True,,stratum,distance_matched,hidden
23,binding,0.9716981132075472,,,,,16063,4015,423,0.17550674834404104,True,True,,stratum,context_matched,hidden
23,binding,0.986066129396701,,,,,16063,4015,423,0.17550674834404104,True,True,,distance,dist_10_50,hidden
23,binding,0.9801777170198223,,,,,16063,4015,423,0.17550674834404104,True,True,,distance,dist_50_200,hidden
23,binding,0.9902603483798464,,,,,16063,4015,423,0.17550674834404104,True,True,,distance,dist_0_10,hidden
23,defuse_edge,0.9867797980453364,0.9798300006623446,0.9994010980165271,0.6039640622806022,0.38281573576473427,16036,4009,607,0.20093784296118927,True,True,,,,hidden
23,defuse_edge,0.9944374209860936,,,,,16036,4009,607,0.20093784296118927,True,True,,stratum,positive,hidden
23,defuse_edge,0.9233539094650206,,,,,16036,4009,607,0.20093784296118927,True,True,,stratum,same_name_diff_binding,hidden
23,defuse_edge,0.9952367866630026,,,,,16036,4009,607,0.20093784296118927,True,True,,stratum,diff_name,hidden
23,defuse_edge,0.9886511024643321,,,,,16036,4009,607,0.20093784296118927,True,True,,stratum,distance_matched,hidden
23,defuse_edge,0.952054794520548,,,,,16036,4009,607,0.20093784296118927,True,True,,stratum,context_matched,hidden
23,defuse_edge,0.9896885521885522,,,,,16036,4009,607,0.20093784296118927,True,True,,distance,dist_0_10,hidden
23,defuse_edge,0.9861419493147539,,,,,16036,4009,607,0.20093784296118927,True,True,,distance,dist_10_50,hidden
23,defuse_edge,0.9843260188087775,,,,,16036,4009,607,0.20093784296118927,True,True,,distance,dist_50_200,hidden
23,control_dep,0.9778141947475767,0.9728481466231715,0.9980784972683221,0.6049778840118264,0.3728363107357503,2450,612,289,0.27685275873326803,True,True,,,,hidden
23,control_dep,0.9905660377358491,,,,,2450,612,289,0.27685275873326803,True,True,,stratum,positive,hidden
23,control_dep,1.0,,,,,2450,612,289,0.27685275873326803,True,True,,stratum,non_dependent,hidden
23,control_dep,0.8972602739726028,,,,,2450,612,289,0.27685275873326803,True,True,,stratum,indent_matched,hidden
23,control_dep,0.9668508287292817,,,,,2450,612,289,0.27685275873326803,True,True,,distance,dist_0_10,hidden
23,control_dep,0.9813883299798792,,,,,2450,612,289,0.27685275873326803,True,True,,distance,dist_10_50,hidden
23,control_dep,0.98005698005698,,,,,2450,612,289,0.27685275873326803,True,True,,distance,dist_50_200,hidden
23,taint_state,1.0,1.0,1.0,0.5575000000000001,0.4424999999999999,320,80,200,0.5,True,True,,,,hidden
27,lexical_token_type,0.9998503113210004,0.9999010427322567,0.0,0.19892816640774003,0.8009221449132604,16020,4005,347,0.0,True,False,,,,hidden
27,binding,0.9849114011212434,0.9747027214353619,0.9994598150969924,0.6337581619030309,0.3511532392182125,16063,4015,423,0.17550674834404104,True,True,,,,hidden
27,binding,0.996542783059637,,,,,16063,4015,423,0.17550674834404104,True,True,,stratum,positive,hidden
27,binding,0.9665257223396758,,,,,16063,4015,423,0.17550674834404104,True,True,,stratum,same_name_diff_binding,hidden
27,binding,0.9872090786689748,,,,,16063,4015,423,0.17550674834404104,True,True,,stratum,diff_name,hidden
27,binding,0.983159828536436,,,,,16063,4015,423,0.17550674834404104,True,True,,stratum,distance_matched,hidden
27,binding,0.9245283018867925,,,,,16063,4015,423,0.17550674834404104,True,True,,stratum,context_matched,hidden
27,binding,0.983957219251337,,,,,16063,4015,423,0.17550674834404104,True,True,,distance,dist_10_50,hidden
27,binding,0.9726589200273411,,,,,16063,4015,423,0.17550674834404104,True,True,,distance,dist_50_200,hidden
27,binding,0.990634950365237,,,,,16063,4015,423,0.17550674834404104,True,True,,distance,dist_0_10,hidden
27,defuse_edge,0.9833360634415114,0.9746914819076302,0.9991972223224652,0.6068232648030232,0.3765127986384882,16036,4009,607,0.20093784296118927,True,True,,,,hidden
27,defuse_edge,0.9921618204804046,,,,,16036,4009,607,0.20093784296118927,True,True,,stratum,positive,hidden
27,defuse_edge,0.9140946502057613,,,,,16036,4009,607,0.20093784296118927,True,True,,stratum,same_name_diff_binding,hidden
27,defuse_edge,0.993496381789869,,,,,16036,4009,607,0.20093784296118927,True,True,,stratum,diff_name,hidden
27,defuse_edge,0.9850843060959793,,,,,16036,4009,607,0.20093784296118927,True,True,,stratum,distance_matched,hidden
27,defuse_edge,0.8698630136986302,,,,,16036,4009,607,0.20093784296118927,True,True,,stratum,context_matched,hidden
27,defuse_edge,0.9873737373737373,,,,,16036,4009,607,0.20093784296118927,True,True,,distance,dist_0_10,hidden
27,defuse_edge,0.9846872368118827,,,,,16036,4009,607,0.20093784296118927,True,True,,distance,dist_10_50,hidden
27,defuse_edge,0.9668607254814151,,,,,16036,4009,607,0.20093784296118927,True,True,,distance,dist_50_200,hidden
27,control_dep,0.9748500540114735,0.9691425362769792,0.9969310406971641,0.6085328325206861,0.3663172214907874,2450,612,289,0.27685275873326803,True,True,,,,hidden
27,control_dep,0.9846698113207547,,,,,2450,612,289,0.27685275873326803,True,True,,stratum,positive,hidden
27,control_dep,1.0,,,,,2450,612,289,0.27685275873326803,True,True,,stratum,non_dependent,hidden
27,control_dep,0.8904109589041096,,,,,2450,612,289,0.27685275873326803,True,True,,stratum,indent_matched,hidden
27,control_dep,0.9668508287292817,,,,,2450,612,289,0.27685275873326803,True,True,,distance,dist_0_10,hidden
27,control_dep,0.9763581488933601,,,,,2450,612,289,0.27685275873326803,True,True,,distance,dist_10_50,hidden
27,control_dep,0.9829059829059829,,,,,2450,612,289,0.27685275873326803,True,True,,distance,dist_50_200,hidden
27,taint_state,1.0,1.0,1.0,0.5675,0.4325,320,80,200,0.5,True,True,,,,hidden
31,lexical_token_type,0.9999000749437922,0.999782574412033,0.0,0.18665727435682217,0.8132428005869701,16020,4005,347,0.0,True,False,,,,hidden
31,binding,0.9800361780692224,0.9667472368215982,0.9985174505727992,0.632606360578129,0.34742981749109336,16063,4015,423,0.17550674834404104,True,True,,,,hidden
31,binding,0.989628349178911,,,,,16063,4015,423,0.17550674834404104,True,True,,stratum,positive,hidden
31,binding,0.9626497533474278,,,,,16063,4015,423,0.17550674834404104,True,True,,stratum,same_name_diff_binding,hidden
31,binding,0.9818234275822274,,,,,16063,4015,423,0.17550674834404104,True,True,,stratum,diff_name,hidden
31,binding,0.9807103490508267,,,,,16063,4015,423,0.17550674834404104,True,True,,stratum,distance_matched,hidden
31,binding,0.9339622641509434,,,,,16063,4015,423,0.17550674834404104,True,True,,stratum,context_matched,hidden
31,binding,0.9795134443021767,,,,,16063,4015,423,0.17550674834404104,True,True,,distance,dist_10_50,hidden
31,binding,0.963773069036227,,,,,16063,4015,423,0.17550674834404104,True,True,,distance,dist_50_200,hidden
31,binding,0.9857651245551602,,,,,16063,4015,423,0.17550674834404104,True,True,,distance,dist_0_10,hidden
31,defuse_edge,0.980195880159853,0.9699840747983434,0.998304092450217,0.5951489042723095,0.38504697588754355,16036,4009,607,0.20093784296118927,True,True,,,,hidden
31,defuse_edge,0.988621997471555,,,,,16036,4009,607,0.20093784296118927,True,True,,stratum,positive,hidden
31,defuse_edge,0.9182098765432098,,,,,16036,4009,607,0.20093784296118927,True,True,,stratum,same_name_diff_binding,hidden
31,defuse_edge,0.9897407712741596,,,,,16036,4009,607,0.20093784296118927,True,True,,stratum,diff_name,hidden
31,defuse_edge,0.9795719844357976,,,,,16036,4009,607,0.20093784296118927,True,True,,stratum,distance_matched,hidden
31,defuse_edge,0.8767123287671232,,,,,16036,4009,607,0.20093784296118927,True,True,,stratum,context_matched,hidden
31,defuse_edge,0.9844276094276094,,,,,16036,4009,607,0.20093784296118927,True,True,,distance,dist_0_10,hidden
31,defuse_edge,0.9817012479901999,,,,,16036,4009,607,0.20093784296118927,True,True,,distance,dist_10_50,hidden
31,defuse_edge,0.9623824451410659,,,,,16036,4009,607,0.20093784296118927,True,True,,distance,dist_50_200,hidden
31,control_dep,0.9726007601163446,0.9663090352611828,0.9964392706040387,0.5850433911317738,0.3875573689845707,2450,612,289,0.27685275873326803,True,True,,,,hidden
31,control_dep,0.972877358490566,,,,,2450,612,289,0.27685275873326803,True,True,,stratum,positive,hidden
31,control_dep,0.9987737584304108,,,,,2450,612,289,0.27685275873326803,True,True,,stratum,non_dependent,hidden
31,control_dep,0.898972602739726,,,,,2450,612,289,0.27685275873326803,True,True,,stratum,indent_matched,hidden
31,control_dep,0.9668508287292817,,,,,2450,612,289,0.27685275873326803,True,True,,distance,dist_0_10,hidden
31,control_dep,0.9728370221327968,,,,,2450,612,289,0.27685275873326803,True,True,,distance,dist_10_50,hidden
31,control_dep,0.9829059829059829,,,,,2450,612,289,0.27685275873326803,True,True,,distance,dist_50_200,hidden
31,taint_state,1.0,1.0,1.0,0.555,0.44499999999999995,320,80,200,0.5,True,True,,,,hidden
