model,lens,layer,is_control,next_token_top1,next_token_mrr,n_eval,final_layer_rank_agreement,relevance_conservation,n_candidates,n_lens_samples,weak_fidelity,warnings
starcoder2-3b,gram_random,-1,1,,,0,-0.11077138235223805,,196,0,1,final-layer rank agreement -0.111 < 0.3
starcoder2-3b,gram_random,0,1,,,0,0.10911334858035367,,196,0,1,final-layer rank agreement 0.109 < 0.3
starcoder2-3b,gram_random,3,1,,,0,-0.040279626102686296,,196,0,1,final-layer rank agreement -0.040 < 0.3
starcoder2-3b,gram_random,7,1,,,0,-0.06147487030735762,,196,0,1,final-layer rank agreement -0.061 < 0.3
starcoder2-3b,gram_random,11,1,,,0,-0.11109806437217604,,196,0,1,final-layer rank agreement -0.111 < 0.3
starcoder2-3b,gram_random,15,1,,,0,-0.09989592713305549,,196,0,1,final-layer rank agreement -0.100 < 0.3
starcoder2-3b,gram_random,19,1,,,0,-0.053895401190542605,,196,0,1,final-layer rank agreement -0.054 < 0.3
starcoder2-3b,gram_random,23,1,,,0,-0.0634385882427942,,196,0,1,final-layer rank agreement -0.063 < 0.3
starcoder2-3b,gram_random,27,1,,,0,-0.11639430547697409,,196,0,1,final-layer rank agreement -0.116 < 0.3
starcoder2-3b,gram_random,29,1,,,0,-0.013368861015706552,,196,0,1,final-layer rank agreement -0.013 < 0.3
starcoder2-3b,clens,-1,0,,,0,-0.05022966156396179,,196,120,1,final-layer rank agreement -0.050 < 0.3
starcoder2-3b,clens,0,0,,,0,0.01536624724079402,,196,120,1,final-layer rank agreement 0.015 < 0.3
starcoder2-3b,clens,3,0,,,0,0.06052980739347673,,196,120,1,final-layer rank agreement 0.061 < 0.3
starcoder2-3b,clens,7,0,,,0,0.22712086318322725,,196,120,1,final-layer rank agreement 0.227 < 0.3
starcoder2-3b,clens,11,0,,,0,0.2752842878658687,,196,120,1,final-layer rank agreement 0.275 < 0.3
starcoder2-3b,clens,15,0,,,0,0.32776741387691355,,196,120,0,
starcoder2-3b,clens,19,0,,,0,0.4475660814892143,,196,120,0,
starcoder2-3b,clens,23,0,,,0,0.5922729880706676,,196,120,0,
starcoder2-3b,clens,27,0,,,0,0.805660814892142,,196,120,0,
starcoder2-3b,clens,29,0,,,0,0.9820118894883219,,196,120,0,
starcoder2-3b,logit,-1,0,,,0,0.2734071113802804,,196,0,1,final-layer rank agreement 0.273 < 0.3
starcoder2-3b,logit,0,0,,,0,0.16600937133932062,,196,0,1,final-layer rank agreement 0.166 < 0.3
starcoder2-3b,logit,3,0,,,0,0.07760170214122356,,196,0,1,final-layer rank agreement 0.078 < 0.3
starcoder2-3b,logit,7,0,,,0,0.14961721744535378,,196,0,1,final-layer rank agreement 0.150 < 0.3
starcoder2-3b,logit,11,0,,,0,0.11955777000374537,,196,0,1,final-layer rank agreement 0.120 < 0.3
starcoder2-3b,logit,15,0,,,0,0.1827864593709409,,196,0,1,final-layer rank agreement 0.183 < 0.3
starcoder2-3b,logit,19,0,,,0,0.27663360932033887,,196,0,1,final-layer rank agreement 0.277 < 0.3
starcoder2-3b,logit,23,0,,,0,0.41525285084748464,,196,0,0,
starcoder2-3b,logit,27,0,,,0,0.5606250348636136,,196,0,0,
starcoder2-3b,logit,29,0,,,0,0.9820012909498045,,196,0,0,
starcoder2-3b,random,-1,1,,,0,-0.002548430539728584,,196,0,1,final-layer rank agreement -0.003 < 0.3
starcoder2-3b,random,0,1,,,0,0.022309485293531706,,196,0,1,final-layer rank agreement 0.022 < 0.3
starcoder2-3b,random,3,1,,,0,0.028685661691463,,196,0,1,final-layer rank agreement 0.029 < 0.3
starcoder2-3b,random,7,1,,,0,0.024842456310911715,,196,0,1,final-layer rank agreement 0.025 < 0.3
starcoder2-3b,random,11,1,,,0,0.039431105515224454,,196,0,1,final-layer rank agreement 0.039 < 0.3
starcoder2-3b,random,15,1,,,0,0.04069229175465579,,196,0,1,final-layer rank agreement 0.041 < 0.3
starcoder2-3b,random,19,1,,,0,0.04168939110200894,,196,0,1,final-layer rank agreement 0.042 < 0.3
starcoder2-3b,random,23,1,,,0,0.03622170070683487,,196,0,1,final-layer rank agreement 0.036 < 0.3
starcoder2-3b,random,27,1,,,0,0.028538995449800385,,196,0,1,final-layer rank agreement 0.029 < 0.3
starcoder2-3b,random,29,1,,,0,0.029275075903067205,,196,0,1,final-layer rank agreement 0.029 < 0.3
starcoder2-3b,clrp,-1,0,,,0,-0.0031829084620962843,-0.0119391173357144,196,120,1,final-layer rank agreement -0.003 < 0.3; relevance conservation -0.012 is 1.012 from 1
starcoder2-3b,clrp,0,0,,,0,-0.07065535624636424,-0.10840441787149757,196,120,1,final-layer rank agreement -0.071 < 0.3; relevance conservation -0.108 is 1.108 from 1
starcoder2-3b,clrp,3,0,,,0,0.07817637402481493,-0.1645430214703083,196,120,1,final-layer rank agreement 0.078 < 0.3; relevance conservation -0.165 is 1.165 from 1
starcoder2-3b,clrp,7,0,,,0,0.13920112519822456,-0.014465037733316422,196,120,1,final-layer rank agreement 0.139 < 0.3; relevance conservation -0.014 is 1.014 from 1
starcoder2-3b,clrp,11,0,,,0,0.21936974555538735,0.008006978780031204,196,120,1,final-layer rank agreement 0.219 < 0.3; relevance conservation 0.008 is 0.992 from 1
starcoder2-3b,clrp,15,0,,,0,0.30552793471937784,0.15367943793535233,196,120,1,relevance conservation 0.154 is 0.846 from 1
starcoder2-3b,clrp,19,0,,,0,0.49385352501016033,0.05378579534590244,196,120,1,relevance conservation 0.054 is 0.946 from 1
starcoder2-3b,clrp,23,0,,,0,0.6263446995354176,0.069574817083776,196,120,1,relevance conservation 0.070 is 0.930 from 1
starcoder2-3b,clrp,27,0,,,0,0.8106962363235025,0.1253214180469513,196,120,1,relevance conservation 0.125 is 0.875 from 1
starcoder2-3b,clrp,29,0,,,0,0.9820118894883219,0.9999828636646271,196,120,0,
