model,layer,site,condition,lens_a,lens_b,cosine,spearman,n_tokens
deepseek-coder-1.3b,-1,last_token,clean_heldout,clens,logit,,,196
deepseek-coder-1.3b,-1,last_token,clean_heldout,clens,clrp,,,196
deepseek-coder-1.3b,-1,last_token,clean_heldout,logit,clrp,,,196
deepseek-coder-1.3b,-1,last_token,encode_only,clens,logit,,,196
deepseek-coder-1.3b,-1,last_token,encode_only,clens,clrp,,,196
deepseek-coder-1.3b,-1,last_token,encode_only,logit,clrp,,,196
deepseek-coder-1.3b,-1,last_token,flatten_only,clens,logit,,,196
deepseek-coder-1.3b,-1,last_token,flatten_only,clens,clrp,,,196
deepseek-coder-1.3b,-1,last_token,flatten_only,logit,clrp,,,196
deepseek-coder-1.3b,-1,last_token,normalize,clens,logit,,,196
deepseek-coder-1.3b,-1,last_token,normalize,clens,clrp,,,196
deepseek-coder-1.3b,-1,last_token,normalize,logit,clrp,,,196
deepseek-coder-1.3b,-1,last_token,opaque_only,clens,logit,,,196
deepseek-coder-1.3b,-1,last_token,opaque_only,clens,clrp,,,196
deepseek-coder-1.3b,-1,last_token,opaque_only,logit,clrp,,,196
deepseek-coder-1.3b,-1,last_token,rename_cumulative,clens,logit,,,196
deepseek-coder-1.3b,-1,last_token,rename_cumulative,clens,clrp,,,196
deepseek-coder-1.3b,-1,last_token,rename_cumulative,logit,clrp,,,196
deepseek-coder-1.3b,-1,last_token,rename_only,clens,logit,,,196
deepseek-coder-1.3b,-1,last_token,rename_only,clens,clrp,,,196
deepseek-coder-1.3b,-1,last_token,rename_only,logit,clrp,,,196
deepseek-coder-1.3b,-1,last_token,rename_opaque,clens,logit,,,196
deepseek-coder-1.3b,-1,last_token,rename_opaque,clens,clrp,,,196
deepseek-coder-1.3b,-1,last_token,rename_opaque,logit,clrp,,,196
deepseek-coder-1.3b,-1,last_token,rename_opaque_encode,clens,logit,,,196
deepseek-coder-1.3b,-1,last_token,rename_opaque_encode,clens,clrp,,,196
deepseek-coder-1.3b,-1,last_token,rename_opaque_encode,logit,clrp,,,196
deepseek-coder-1.3b,-1,last_token,rename_opaque_encode_flatten,clens,logit,,,196
deepseek-coder-1.3b,-1,last_token,rename_opaque_encode_flatten,clens,clrp,,,196
deepseek-coder-1.3b,-1,last_token,rename_opaque_encode_flatten,logit,clrp,,,196
deepseek-coder-1.3b,0,last_token,clean_heldout,clens,logit,0.046091931141509127,0.08461936902836106,196
deepseek-coder-1.3b,0,last_token,clean_heldout,clens,clrp,0.24544021273940847,0.2359394050474544,196
deepseek-coder-1.3b,0,last_token,clean_heldout,logit,clrp,0.44296067209985934,0.4377307971216601,196
deepseek-coder-1.3b,0,last_token,encode_only,clens,logit,0.058733330347757254,0.05054945054945055,196
deepseek-coder-1.3b,0,last_token,encode_only,clens,clrp,0.49257963890781653,0.46921244093107767,196
deepseek-coder-1.3b,0,last_token,encode_only,logit,clrp,0.13126397349655777,0.20157464000828762,196
deepseek-coder-1.3b,0,last_token,flatten_only,clens,logit,0.18560091602878256,0.12308329813768537,196
deepseek-coder-1.3b,0,last_token,flatten_only,clens,clrp,0.43517442793323735,0.39739260014822014,196
deepseek-coder-1.3b,0,last_token,flatten_only,logit,clrp,0.41359834448924404,0.3654232641904869,196
deepseek-coder-1.3b,0,last_token,normalize,clens,logit,0.055730460511355794,0.051671461243614984,196
deepseek-coder-1.3b,0,last_token,normalize,clens,clrp,0.5176251587913139,0.4921674409709218,196
deepseek-coder-1.3b,0,last_token,normalize,logit,clrp,0.17544711175572672,0.22126879646821634,196
deepseek-coder-1.3b,0,last_token,opaque_only,clens,logit,0.18956190344940688,0.1965797799010272,196
deepseek-coder-1.3b,0,last_token,opaque_only,clens,clrp,0.386921067529566,0.37217285977256975,196
deepseek-coder-1.3b,0,last_token,opaque_only,logit,clrp,0.3544272443051281,0.3386033835634996,196
deepseek-coder-1.3b,0,last_token,rename_cumulative,clens,logit,0.053185723708179,0.05773095649817914,196
deepseek-coder-1.3b,0,last_token,rename_cumulative,clens,clrp,0.24867965545662166,0.19342412482368973,196
deepseek-coder-1.3b,0,last_token,rename_cumulative,logit,clrp,0.24880862239110463,0.25343416554439036,196
deepseek-coder-1.3b,0,last_token,rename_only,clens,logit,0.14930151924835514,0.14905051438771524,196
deepseek-coder-1.3b,0,last_token,rename_only,clens,clrp,0.5190357773784384,0.45000597661946473,196
deepseek-coder-1.3b,0,last_token,rename_only,logit,clrp,0.3053286868744603,0.22646925228506087,196
deepseek-coder-1.3b,0,last_token,rename_opaque,clens,logit,0.14596219257066342,0.12435034146419209,196
deepseek-coder-1.3b,0,last_token,rename_opaque,clens,clrp,0.3911985146741484,0.3639729378670641,196
deepseek-coder-1.3b,0,last_token,rename_opaque,logit,clrp,0.4794517563593771,0.3926527424714517,196
deepseek-coder-1.3b,0,last_token,rename_opaque_encode,clens,logit,0.03625884875394152,0.021904708779255554,196
deepseek-coder-1.3b,0,last_token,rename_opaque_encode,clens,clrp,0.3877557421999921,0.34925292256691826,196
deepseek-coder-1.3b,0,last_token,rename_opaque_encode,logit,clrp,0.39081358097834556,0.3194224194949358,196
deepseek-coder-1.3b,0,last_token,rename_opaque_encode_flatten,clens,logit,-0.0031213866836355022,0.04045932312792357,196
deepseek-coder-1.3b,0,last_token,rename_opaque_encode_flatten,clens,clrp,0.2877113707300425,0.2739538923730367,196
deepseek-coder-1.3b,0,last_token,rename_opaque_encode_flatten,logit,clrp,0.43903797840359315,0.437064603272,196
deepseek-coder-1.3b,3,last_token,clean_heldout,clens,logit,0.26787602766015617,0.26649825881152933,196
deepseek-coder-1.3b,3,last_token,clean_heldout,clens,clrp,0.5104181158556087,0.47768330291898103,196
deepseek-coder-1.3b,3,last_token,clean_heldout,logit,clrp,0.5867827929752336,0.5959837117197523,196
deepseek-coder-1.3b,3,last_token,encode_only,clens,logit,0.2918191673285756,0.3087840368478512,196
deepseek-coder-1.3b,3,last_token,encode_only,clens,clrp,0.4541100270708923,0.4754982508427034,196
deepseek-coder-1.3b,3,last_token,encode_only,logit,clrp,0.5326202019914908,0.5464829586656998,196
deepseek-coder-1.3b,3,last_token,flatten_only,clens,logit,0.12801325739700997,0.12559507207803075,196
deepseek-coder-1.3b,3,last_token,flatten_only,clens,clrp,0.385282515432018,0.3645323494489557,196
deepseek-coder-1.3b,3,last_token,flatten_only,logit,clrp,0.4943035400764609,0.4889751292942011,196
deepseek-coder-1.3b,3,last_token,normalize,clens,logit,0.2836891700774951,0.29713680083513294,196
deepseek-coder-1.3b,3,last_token,normalize,clens,clrp,0.4654853082916275,0.49078564655069373,196
deepseek-coder-1.3b,3,last_token,normalize,logit,clrp,0.5335687487495019,0.5420236036624725,196
deepseek-coder-1.3b,3,last_token,opaque_only,clens,logit,0.2779201683961831,0.28305747914159807,196
deepseek-coder-1.3b,3,last_token,opaque_only,clens,clrp,0.441426358571208,0.45856449569284957,196
deepseek-coder-1.3b,3,last_token,opaque_only,logit,clrp,0.5227745620835182,0.5536644646144284,196
deepseek-coder-1.3b,3,last_token,rename_cumulative,clens,logit,0.2760991330132943,0.2689351257879177,196
deepseek-coder-1.3b,3,last_token,rename_cumulative,clens,clrp,0.4016565841253921,0.3627855828000861,196
deepseek-coder-1.3b,3,last_token,rename_cumulative,logit,clrp,0.5216936508289871,0.521159623552662,196
deepseek-coder-1.3b,3,last_token,rename_only,clens,logit,0.18190838250469912,0.18646415223645102,196
deepseek-coder-1.3b,3,last_token,rename_only,clens,clrp,0.34055257864326705,0.32233900979368707,196
deepseek-coder-1.3b,3,last_token,rename_only,logit,clrp,0.43681856085853255,0.41626278000462197,196
deepseek-coder-1.3b,3,last_token,rename_opaque,clens,logit,0.2499875350902987,0.23621831395580492,196
deepseek-coder-1.3b,3,last_token,rename_opaque,clens,clrp,0.5060455914979844,0.4593964411223295,196
deepseek-coder-1.3b,3,last_token,rename_opaque,logit,clrp,0.5480910004079673,0.48444246109220734,196
deepseek-coder-1.3b,3,last_token,rename_opaque_encode,clens,logit,0.18313546606598066,0.17333471459649852,196
deepseek-coder-1.3b,3,last_token,rename_opaque_encode,clens,clrp,0.4299606864189936,0.4285092717289962,196
deepseek-coder-1.3b,3,last_token,rename_opaque_encode,logit,clrp,0.5470296137336245,0.5263999234992709,196
deepseek-coder-1.3b,3,last_token,rename_opaque_encode_flatten,clens,logit,0.16536160244160755,0.14662958506323265,196
deepseek-coder-1.3b,3,last_token,rename_opaque_encode_flatten,clens,clrp,0.2908348080703811,0.24461905027532296,196
deepseek-coder-1.3b,3,last_token,rename_opaque_encode_flatten,logit,clrp,0.44686673446665415,0.42716572767334193,196
deepseek-coder-1.3b,7,last_token,clean_heldout,clens,logit,0.43536035755114627,0.4022376463275666,196
deepseek-coder-1.3b,7,last_token,clean_heldout,clens,clrp,0.7311926876483142,0.7297771119380982,196
deepseek-coder-1.3b,7,last_token,clean_heldout,logit,clrp,0.7653752136274257,0.7447027229478282,196
deepseek-coder-1.3b,7,last_token,encode_only,clens,logit,0.5028700278091,0.5011610579413335,196
deepseek-coder-1.3b,7,last_token,encode_only,clens,clrp,0.700816252118293,0.681799998406235,196
deepseek-coder-1.3b,7,last_token,encode_only,logit,clrp,0.8542535590753773,0.856282223939947,196
deepseek-coder-1.3b,7,last_token,flatten_only,clens,logit,0.4130618074111238,0.4103738176254493,196
deepseek-coder-1.3b,7,last_token,flatten_only,clens,clrp,0.7045977894849752,0.6504315119253481,196
deepseek-coder-1.3b,7,last_token,flatten_only,logit,clrp,0.718284751821532,0.6984803448907873,196
deepseek-coder-1.3b,7,last_token,normalize,clens,logit,0.5059058461081155,0.4937819251089738,196
deepseek-coder-1.3b,7,last_token,normalize,clens,clrp,0.7027350928331396,0.6787017188757581,196
deepseek-coder-1.3b,7,last_token,normalize,logit,clrp,0.8545607869422486,0.8506434826956946,196
deepseek-coder-1.3b,7,last_token,opaque_only,clens,logit,0.4849473415740786,0.47852959223517605,196
deepseek-coder-1.3b,7,last_token,opaque_only,clens,clrp,0.6822333757004054,0.6644693957239279,196
deepseek-coder-1.3b,7,last_token,opaque_only,logit,clrp,0.8567774861173565,0.8535521041684928,196
deepseek-coder-1.3b,7,last_token,rename_cumulative,clens,logit,0.48511085855916286,0.46776848966841716,196
deepseek-coder-1.3b,7,last_token,rename_cumulative,clens,clrp,0.675099741957538,0.6339806676282383,196
deepseek-coder-1.3b,7,last_token,rename_cumulative,logit,clrp,0.8618486245402135,0.8555682171345697,196
deepseek-coder-1.3b,7,last_token,rename_only,clens,logit,0.4444688137650319,0.45504068085648947,196
deepseek-coder-1.3b,7,last_token,rename_only,clens,clrp,0.6576976420855145,0.6288280247671112,196
deepseek-coder-1.3b,7,last_token,rename_only,logit,clrp,0.8432109162764702,0.8461028456677478,196
deepseek-coder-1.3b,7,last_token,rename_opaque,clens,logit,0.5551976518500954,0.5397763947437625,196
deepseek-coder-1.3b,7,last_token,rename_opaque,clens,clrp,0.7052730275414504,0.6532986955031915,196
deepseek-coder-1.3b,7,last_token,rename_opaque,logit,clrp,0.8633536301198227,0.8674162675613004,196
deepseek-coder-1.3b,7,last_token,rename_opaque_encode,clens,logit,0.5205242950262225,0.5085338157129311,196
deepseek-coder-1.3b,7,last_token,rename_opaque_encode,clens,clrp,0.7151676040204149,0.6746392114049836,196
deepseek-coder-1.3b,7,last_token,rename_opaque_encode,logit,clrp,0.8547386135888813,0.8544143311365937,196
deepseek-coder-1.3b,7,last_token,rename_opaque_encode_flatten,clens,logit,0.4666634797677284,0.41858967718286066,196
deepseek-coder-1.3b,7,last_token,rename_opaque_encode_flatten,clens,clrp,0.6370790495405859,0.6026153686777327,196
deepseek-coder-1.3b,7,last_token,rename_opaque_encode_flatten,logit,clrp,0.7296449000143672,0.691238275864817,196
deepseek-coder-1.3b,11,last_token,clean_heldout,clens,logit,0.7228630140699864,0.7034369546334739,196
deepseek-coder-1.3b,11,last_token,clean_heldout,clens,clrp,0.8886992564274133,0.8816358405916057,196
deepseek-coder-1.3b,11,last_token,clean_heldout,logit,clrp,0.9006364248996614,0.8813983695782102,196
deepseek-coder-1.3b,11,last_token,encode_only,clens,logit,0.7489292246063035,0.7542127198399861,196
deepseek-coder-1.3b,11,last_token,encode_only,clens,clrp,0.9083143559231377,0.9055215995027452,196
deepseek-coder-1.3b,11,last_token,encode_only,logit,clrp,0.916247550671745,0.9187084126895586,196
deepseek-coder-1.3b,11,last_token,flatten_only,clens,logit,0.6188473020022818,0.59353568838703,196
deepseek-coder-1.3b,11,last_token,flatten_only,clens,clrp,0.8488136091426814,0.8260102479101755,196
deepseek-coder-1.3b,11,last_token,flatten_only,logit,clrp,0.854641062779849,0.8480568017913921,196
deepseek-coder-1.3b,11,last_token,normalize,clens,logit,0.7401960930659776,0.7427997673102824,196
deepseek-coder-1.3b,11,last_token,normalize,clens,clrp,0.9099087798458778,0.9047151543163147,196
deepseek-coder-1.3b,11,last_token,normalize,logit,clrp,0.9083699848029257,0.9087696929611362,196
deepseek-coder-1.3b,11,last_token,opaque_only,clens,logit,0.7092198445223594,0.7153328180159217,196
deepseek-coder-1.3b,11,last_token,opaque_only,clens,clrp,0.8949623481884494,0.891507622182024,196
deepseek-coder-1.3b,11,last_token,opaque_only,logit,clrp,0.9030192539849202,0.9065145152164733,196
deepseek-coder-1.3b,11,last_token,rename_cumulative,clens,logit,0.6579603108112363,0.6732908860537578,196
deepseek-coder-1.3b,11,last_token,rename_cumulative,clens,clrp,0.8676121965967881,0.8666209787312037,196
deepseek-coder-1.3b,11,last_token,rename_cumulative,logit,clrp,0.8945766368325236,0.903961303381173,196
deepseek-coder-1.3b,11,last_token,rename_only,clens,logit,0.6653063622075566,0.6764624787830009,196
deepseek-coder-1.3b,11,last_token,rename_only,clens,clrp,0.8660472901519715,0.8656822510339552,196
deepseek-coder-1.3b,11,last_token,rename_only,logit,clrp,0.8986284633540609,0.9030018567364472,196
deepseek-coder-1.3b,11,last_token,rename_opaque,clens,logit,0.6597751744509829,0.6654830303851335,196
deepseek-coder-1.3b,11,last_token,rename_opaque,clens,clrp,0.8775111816325641,0.8729657579548806,196
deepseek-coder-1.3b,11,last_token,rename_opaque,logit,clrp,0.8822603655516467,0.8883774673477358,196
deepseek-coder-1.3b,11,last_token,rename_opaque_encode,clens,logit,0.6896313797803675,0.7022400369753524,196
deepseek-coder-1.3b,11,last_token,rename_opaque_encode,clens,clrp,0.8844765278598878,0.886039413813163,196
deepseek-coder-1.3b,11,last_token,rename_opaque_encode,logit,clrp,0.8871360231243275,0.889440508729849,196
deepseek-coder-1.3b,11,last_token,rename_opaque_encode_flatten,clens,logit,0.619837843817539,0.5897616524157496,196
deepseek-coder-1.3b,11,last_token,rename_opaque_encode_flatten,clens,clrp,0.8333083011439918,0.7963168086445824,196
deepseek-coder-1.3b,11,last_token,rename_opaque_encode_flatten,logit,clrp,0.8425687190047986,0.830386727123493,196
deepseek-coder-1.3b,15,last_token,clean_heldout,clens,logit,0.839458296503397,0.8292965917331401,196
deepseek-coder-1.3b,15,last_token,clean_heldout,clens,clrp,0.9426602528929156,0.9293101387372599,196
deepseek-coder-1.3b,15,last_token,clean_heldout,logit,clrp,0.9367524562819565,0.9356533241957463,196
deepseek-coder-1.3b,15,last_token,encode_only,clens,logit,0.8585423991815299,0.8654830303851335,196
deepseek-coder-1.3b,15,last_token,encode_only,clens,clrp,0.9581464360921729,0.9526030169975058,196
deepseek-coder-1.3b,15,last_token,encode_only,logit,clrp,0.9434868828023398,0.9483763517121023,196
deepseek-coder-1.3b,15,last_token,flatten_only,clens,logit,0.7325016411164635,0.73782721991569,196
deepseek-coder-1.3b,15,last_token,flatten_only,clens,clrp,0.9168062767485833,0.9140163679685073,196
deepseek-coder-1.3b,15,last_token,flatten_only,logit,clrp,0.8731339103566335,0.863578480982397,196
deepseek-coder-1.3b,15,last_token,normalize,clens,logit,0.846585391061484,0.8570281060491358,196
deepseek-coder-1.3b,15,last_token,normalize,clens,clrp,0.9513803385969385,0.9479332849891227,196
deepseek-coder-1.3b,15,last_token,normalize,logit,clrp,0.9416829668214737,0.9481994437759486,196
deepseek-coder-1.3b,15,last_token,opaque_only,clens,logit,0.8583508872329271,0.8736845460558297,196
deepseek-coder-1.3b,15,last_token,opaque_only,clens,clrp,0.9538837687064731,0.9523400457410611,196
deepseek-coder-1.3b,15,last_token,opaque_only,logit,clrp,0.9470394995403546,0.9543274709337074,196
deepseek-coder-1.3b,15,last_token,rename_cumulative,clens,logit,0.8368641206568561,0.8422730279147974,196
deepseek-coder-1.3b,15,last_token,rename_cumulative,clens,clrp,0.9363024468927846,0.9305309628732399,196
deepseek-coder-1.3b,15,last_token,rename_cumulative,logit,clrp,0.9471936781274878,0.948561228474209,196
deepseek-coder-1.3b,15,last_token,rename_only,clens,logit,0.8401374970520044,0.836817569667461,196
deepseek-coder-1.3b,15,last_token,rename_only,clens,clrp,0.9497033602618044,0.9350221931802789,196
deepseek-coder-1.3b,15,last_token,rename_only,logit,clrp,0.9431617706346965,0.9460781423072939,196
deepseek-coder-1.3b,15,last_token,rename_opaque,clens,logit,0.8342597613501618,0.8397867542175012,196
deepseek-coder-1.3b,15,last_token,rename_opaque,clens,clrp,0.9324328167661305,0.9324195746240708,196
deepseek-coder-1.3b,15,last_token,rename_opaque,logit,clrp,0.9476853779715402,0.9467491174525258,196
deepseek-coder-1.3b,15,last_token,rename_opaque_encode,clens,logit,0.8397925281875027,0.8430571603885602,196
deepseek-coder-1.3b,15,last_token,rename_opaque_encode,clens,clrp,0.942508472735604,0.9382368175696676,196
deepseek-coder-1.3b,15,last_token,rename_opaque_encode,logit,clrp,0.9426001270879881,0.9423582943524931,196
deepseek-coder-1.3b,15,last_token,rename_opaque_encode_flatten,clens,logit,0.7589056488733694,0.7111125277912805,196
deepseek-coder-1.3b,15,last_token,rename_opaque_encode_flatten,clens,clrp,0.9315940219822395,0.9088063495605194,196
deepseek-coder-1.3b,15,last_token,rename_opaque_encode_flatten,logit,clrp,0.8980567150730966,0.8737626405501678,196
deepseek-coder-1.3b,19,last_token,clean_heldout,clens,logit,0.8029063820855583,0.7931707161583885,196
deepseek-coder-1.3b,19,last_token,clean_heldout,clens,clrp,0.9064140510804621,0.8999497963964971,196
deepseek-coder-1.3b,19,last_token,clean_heldout,logit,clrp,0.9504688237948201,0.9473802484679932,196
deepseek-coder-1.3b,19,last_token,encode_only,clens,logit,0.9034803821444698,0.8847612141303223,196
deepseek-coder-1.3b,19,last_token,encode_only,clens,clrp,0.9644296264606795,0.9521647315700978,196
deepseek-coder-1.3b,19,last_token,encode_only,logit,clrp,0.9678178086932699,0.9672034999083585,196
deepseek-coder-1.3b,19,last_token,flatten_only,clens,logit,0.8025896269672628,0.7934751253097881,196
deepseek-coder-1.3b,19,last_token,flatten_only,clens,clrp,0.9360987702883171,0.9310154674911746,196
deepseek-coder-1.3b,19,last_token,flatten_only,logit,clrp,0.8892068617363679,0.8811497422084805,196
deepseek-coder-1.3b,19,last_token,normalize,clens,logit,0.8878120262502182,0.8734199810341944,196
deepseek-coder-1.3b,19,last_token,normalize,clens,clrp,0.960117871815237,0.9516356015268271,196
deepseek-coder-1.3b,19,last_token,normalize,logit,clrp,0.9644481772088604,0.9613241001203294,196
deepseek-coder-1.3b,19,last_token,opaque_only,clens,logit,0.9050970231491049,0.883769892181785,196
deepseek-coder-1.3b,19,last_token,opaque_only,clens,clrp,0.964489287326314,0.9527464558646576,196
deepseek-coder-1.3b,19,last_token,opaque_only,logit,clrp,0.969373292880134,0.9664847118074095,196
deepseek-coder-1.3b,19,last_token,rename_cumulative,clens,logit,0.929259093764876,0.9067280797520103,196
deepseek-coder-1.3b,19,last_token,rename_cumulative,clens,clrp,0.9755331764066273,0.9631935866888732,196
deepseek-coder-1.3b,19,last_token,rename_cumulative,logit,clrp,0.9706227248543932,0.961292224816518,196
deepseek-coder-1.3b,19,last_token,rename_only,clens,logit,0.916500161776608,0.8950601247918144,196
deepseek-coder-1.3b,19,last_token,rename_only,clens,clrp,0.9725046084797903,0.9675158778857113,196
deepseek-coder-1.3b,19,last_token,rename_only,logit,clrp,0.9700319448917403,0.9572153734590283,196
deepseek-coder-1.3b,19,last_token,rename_opaque,clens,logit,0.9195231961706413,0.9073847110105269,196
deepseek-coder-1.3b,19,last_token,rename_opaque,clens,clrp,0.9782402557256642,0.9738813760568656,196
deepseek-coder-1.3b,19,last_token,rename_opaque,logit,clrp,0.9645574981526054,0.9577684099801578,196
deepseek-coder-1.3b,19,last_token,rename_opaque_encode,clens,logit,0.9009565182135322,0.8940018647052731,196
deepseek-coder-1.3b,19,last_token,rename_opaque_encode,clens,clrp,0.9691721397031083,0.9648973216775973,196
deepseek-coder-1.3b,19,last_token,rename_opaque_encode,logit,clrp,0.963326662985888,0.9603789973623188,196
deepseek-coder-1.3b,19,last_token,rename_opaque_encode_flatten,clens,logit,0.7936666118707473,0.7575564392098113,196
deepseek-coder-1.3b,19,last_token,rename_opaque_encode_flatten,clens,clrp,0.9565939938023211,0.947404154945852,196
deepseek-coder-1.3b,19,last_token,rename_opaque_encode_flatten,logit,clrp,0.8974559505692026,0.8708603941381317,196
deepseek-coder-1.3b,23,last_token,clean_heldout,clens,logit,0.9999991739204097,0.9999872498784754,196
deepseek-coder-1.3b,23,last_token,clean_heldout,clens,clrp,0.9999999999999999,1.0,196
deepseek-coder-1.3b,23,last_token,clean_heldout,logit,clrp,0.9999991739204097,0.9999872498784754,196
deepseek-coder-1.3b,23,last_token,encode_only,clens,logit,0.9999999672166235,1.0,196
deepseek-coder-1.3b,23,last_token,encode_only,clens,clrp,1.0000000000000002,1.0,196
deepseek-coder-1.3b,23,last_token,encode_only,logit,clrp,0.9999999672166235,1.0,196
deepseek-coder-1.3b,23,last_token,flatten_only,clens,logit,0.9999997940317206,0.9999920311740473,196
deepseek-coder-1.3b,23,last_token,flatten_only,clens,clrp,1.0000000000000002,1.0,196
deepseek-coder-1.3b,23,last_token,flatten_only,logit,clrp,0.9999997940317206,0.9999920311740473,196
deepseek-coder-1.3b,23,last_token,normalize,clens,logit,0.9999999700132872,0.9999984062348095,196
deepseek-coder-1.3b,23,last_token,normalize,clens,clrp,1.0000000000000004,1.0,196
deepseek-coder-1.3b,23,last_token,normalize,logit,clrp,0.9999999700132872,0.9999984062348095,196
deepseek-coder-1.3b,23,last_token,opaque_only,clens,logit,0.9999999606837283,0.9999984062348095,196
deepseek-coder-1.3b,23,last_token,opaque_only,clens,clrp,1.0000000000000002,1.0,196
deepseek-coder-1.3b,23,last_token,opaque_only,logit,clrp,0.9999999606837283,0.9999984062348095,196
deepseek-coder-1.3b,23,last_token,rename_cumulative,clens,logit,0.9999999523487233,0.999996812469619,196
deepseek-coder-1.3b,23,last_token,rename_cumulative,clens,clrp,0.9999999999999999,1.0,196
deepseek-coder-1.3b,23,last_token,rename_cumulative,logit,clrp,0.9999999523487233,0.999996812469619,196
deepseek-coder-1.3b,23,last_token,rename_only,clens,logit,0.9999999560810118,0.9999984062348095,196
deepseek-coder-1.3b,23,last_token,rename_only,clens,clrp,1.0,1.0,196
deepseek-coder-1.3b,23,last_token,rename_only,logit,clrp,0.9999999560810118,0.9999984062348095,196
deepseek-coder-1.3b,23,last_token,rename_opaque,clens,logit,0.9999999753257941,1.0,196
deepseek-coder-1.3b,23,last_token,rename_opaque,clens,clrp,1.0,1.0,196
deepseek-coder-1.3b,23,last_token,rename_opaque,logit,clrp,0.9999999753257941,1.0,196
deepseek-coder-1.3b,23,last_token,rename_opaque_encode,clens,logit,0.9999999193655038,0.9999888436436661,196
deepseek-coder-1.3b,23,last_token,rename_opaque_encode,clens,clrp,1.0,1.0,196
deepseek-coder-1.3b,23,last_token,rename_opaque_encode,logit,clrp,0.9999999193655038,0.9999888436436661,196
deepseek-coder-1.3b,23,last_token,rename_opaque_encode_flatten,clens,logit,0.9999999089245555,0.9999904374088566,196
deepseek-coder-1.3b,23,last_token,rename_opaque_encode_flatten,clens,clrp,0.9999999999999999,1.0,196
deepseek-coder-1.3b,23,last_token,rename_opaque_encode_flatten,logit,clrp,0.9999999089245555,0.9999904374088566,196
deepseek-coder-1.3b,-1,sink_arg,clean_heldout,clens,logit,0.06803901753105686,0.05111364342691392,196
deepseek-coder-1.3b,-1,sink_arg,clean_heldout,clens,clrp,0.3453434653668405,0.31635760903346116,196
deepseek-coder-1.3b,-1,sink_arg,clean_heldout,logit,clrp,0.3905908074100571,0.36961486664169774,196
deepseek-coder-1.3b,-1,sink_arg,encode_only,clens,logit,0.06803901753105686,0.05111364342691392,196
deepseek-coder-1.3b,-1,sink_arg,encode_only,clens,clrp,0.3453434653668405,0.31635760903346116,196
deepseek-coder-1.3b,-1,sink_arg,encode_only,logit,clrp,0.3905908074100571,0.36961486664169774,196
deepseek-coder-1.3b,-1,sink_arg,flatten_only,clens,logit,0.06803901753105686,0.05111364342691392,196
deepseek-coder-1.3b,-1,sink_arg,flatten_only,clens,clrp,0.3453434653668405,0.31635760903346116,196
deepseek-coder-1.3b,-1,sink_arg,flatten_only,logit,clrp,0.3905908074100571,0.36961486664169774,196
deepseek-coder-1.3b,-1,sink_arg,normalize,clens,logit,0.06803901753105686,0.05111364342691392,196
deepseek-coder-1.3b,-1,sink_arg,normalize,clens,clrp,0.3453434653668405,0.31635760903346116,196
deepseek-coder-1.3b,-1,sink_arg,normalize,logit,clrp,0.3905908074100571,0.36961486664169774,196
deepseek-coder-1.3b,-1,sink_arg,opaque_only,clens,logit,0.06803901753105686,0.05111364342691392,196
deepseek-coder-1.3b,-1,sink_arg,opaque_only,clens,clrp,0.3453434653668405,0.31635760903346116,196
deepseek-coder-1.3b,-1,sink_arg,opaque_only,logit,clrp,0.3905908074100571,0.36961486664169774,196
deepseek-coder-1.3b,-1,sink_arg,rename_cumulative,clens,logit,0.1875144265689814,0.1920295802819371,196
deepseek-coder-1.3b,-1,sink_arg,rename_cumulative,clens,clrp,0.5865052769912835,0.5804843452414157,196
deepseek-coder-1.3b,-1,sink_arg,rename_cumulative,logit,clrp,0.3908678659425018,0.3526890803177968,196
deepseek-coder-1.3b,-1,sink_arg,rename_only,clens,logit,0.23116727087770933,0.18245423901696564,196
deepseek-coder-1.3b,-1,sink_arg,rename_only,clens,clrp,0.5508579976115903,0.5271968060945581,196
deepseek-coder-1.3b,-1,sink_arg,rename_only,logit,clrp,0.39266536598566026,0.37698443688291405,196
deepseek-coder-1.3b,-1,sink_arg,rename_opaque,clens,logit,0.22504723542818816,0.19927324307309804,196
deepseek-coder-1.3b,-1,sink_arg,rename_opaque,clens,clrp,0.39505458169227936,0.38392528428786593,196
deepseek-coder-1.3b,-1,sink_arg,rename_opaque,logit,clrp,0.40294407243335334,0.36062921849723883,196
deepseek-coder-1.3b,-1,sink_arg,rename_opaque_encode,clens,logit,0.3166583186208113,0.30221453673230325,196
deepseek-coder-1.3b,-1,sink_arg,rename_opaque_encode,clens,clrp,0.6930891592669113,0.6699662918662194,196
deepseek-coder-1.3b,-1,sink_arg,rename_opaque_encode,logit,clrp,0.4823134069042226,0.4288917753747341,196
deepseek-coder-1.3b,-1,sink_arg,rename_opaque_encode_flatten,clens,logit,0.23330167347834316,0.2105650694483182,196
deepseek-coder-1.3b,-1,sink_arg,rename_opaque_encode_flatten,clens,clrp,0.40264019909747245,0.39602833714508845,196
deepseek-coder-1.3b,-1,sink_arg,rename_opaque_encode_flatten,logit,clrp,0.4455071047826672,0.4158404322291197,196
deepseek-coder-1.3b,0,sink_arg,clean_heldout,clens,logit,0.25164357153310185,0.18187251472240595,196
deepseek-coder-1.3b,0,sink_arg,clean_heldout,clens,clrp,0.4822315347103845,0.4422570902628916,196
deepseek-coder-1.3b,0,sink_arg,clean_heldout,logit,clrp,0.4272728034316262,0.3982532333511305,196
deepseek-coder-1.3b,0,sink_arg,encode_only,clens,logit,0.25004875436848906,0.18452135246914073,196
deepseek-coder-1.3b,0,sink_arg,encode_only,clens,clrp,0.4833091491793072,0.4435432587716852,196
deepseek-coder-1.3b,0,sink_arg,encode_only,logit,clrp,0.4529055853137872,0.4230251257082295,196
deepseek-coder-1.3b,0,sink_arg,flatten_only,clens,logit,0.244633331156078,0.19982946712460853,196
deepseek-coder-1.3b,0,sink_arg,flatten_only,clens,clrp,0.4840693805423006,0.44124504936687686,196
deepseek-coder-1.3b,0,sink_arg,flatten_only,logit,clrp,0.4169886509391194,0.3773255026336971,196
deepseek-coder-1.3b,0,sink_arg,normalize,clens,logit,0.254662879052868,0.1836368127883719,196
deepseek-coder-1.3b,0,sink_arg,normalize,clens,clrp,0.47810674886032645,0.4411016104997251,196
deepseek-coder-1.3b,0,sink_arg,normalize,logit,clrp,0.4309523118455924,0.40215477053765675,196
deepseek-coder-1.3b,0,sink_arg,opaque_only,clens,logit,0.25088421782485015,0.18756703774832859,196
deepseek-coder-1.3b,0,sink_arg,opaque_only,clens,clrp,0.4933899382194079,0.4572496394106257,196
deepseek-coder-1.3b,0,sink_arg,opaque_only,logit,clrp,0.4241929627277786,0.39059041031484837,196
deepseek-coder-1.3b,0,sink_arg,rename_cumulative,clens,logit,0.246245192702226,0.25232331120655993,196
deepseek-coder-1.3b,0,sink_arg,rename_cumulative,clens,clrp,0.6839641863839444,0.6876140538214506,196
deepseek-coder-1.3b,0,sink_arg,rename_cumulative,logit,clrp,0.4720601724629689,0.47273625576743783,196
deepseek-coder-1.3b,0,sink_arg,rename_only,clens,logit,0.20435711639330081,0.1872578473013571,196
deepseek-coder-1.3b,0,sink_arg,rename_only,clens,clrp,0.5629192770606167,0.5393476719074979,196
deepseek-coder-1.3b,0,sink_arg,rename_only,logit,clrp,0.4653618275550016,0.45749189171959304,196
deepseek-coder-1.3b,0,sink_arg,rename_opaque,clens,logit,0.2681136973385348,0.26524715313692837,196
deepseek-coder-1.3b,0,sink_arg,rename_opaque,clens,clrp,0.5349961666818253,0.5070245200774571,196
deepseek-coder-1.3b,0,sink_arg,rename_opaque,logit,clrp,0.48991622120461253,0.46551490568894494,196
deepseek-coder-1.3b,0,sink_arg,rename_opaque_encode,clens,logit,0.28005478081350815,0.2755046259034657,196
deepseek-coder-1.3b,0,sink_arg,rename_opaque_encode,clens,clrp,0.5876099420799135,0.5645323494489558,196
deepseek-coder-1.3b,0,sink_arg,rename_opaque_encode,logit,clrp,0.5238656439180776,0.45551881041366177,196
deepseek-coder-1.3b,0,sink_arg,rename_opaque_encode_flatten,clens,logit,0.25105325698326125,0.21532564607256413,196
deepseek-coder-1.3b,0,sink_arg,rename_opaque_encode_flatten,clens,clrp,0.5996408523345469,0.6003315031596396,196
deepseek-coder-1.3b,0,sink_arg,rename_opaque_encode_flatten,logit,clrp,0.499305452281418,0.46877256173847914,196
deepseek-coder-1.3b,3,sink_arg,clean_heldout,clens,logit,0.3368816235478731,0.32483643984731736,196
deepseek-coder-1.3b,3,sink_arg,clean_heldout,clens,clrp,0.5227813101383031,0.4438938871136116,196
deepseek-coder-1.3b,3,sink_arg,clean_heldout,logit,clrp,0.5401959908006299,0.5347353154459754,196
deepseek-coder-1.3b,3,sink_arg,encode_only,clens,logit,0.33232265608787165,0.31591454231048144,196
deepseek-coder-1.3b,3,sink_arg,encode_only,clens,clrp,0.5223523987505181,0.44368351010845575,196
deepseek-coder-1.3b,3,sink_arg,encode_only,logit,clrp,0.5354927259744966,0.5279044378391732,196
deepseek-coder-1.3b,3,sink_arg,flatten_only,clens,logit,0.3405614869405598,0.34492585007450854,196
deepseek-coder-1.3b,3,sink_arg,flatten_only,clens,clrp,0.5719745081348951,0.5213492816103404,196
deepseek-coder-1.3b,3,sink_arg,flatten_only,logit,clrp,0.5505869040489877,0.5707878778219605,196
deepseek-coder-1.3b,3,sink_arg,normalize,clens,logit,0.32603523855254046,0.3170779908996008,196
deepseek-coder-1.3b,3,sink_arg,normalize,clens,clrp,0.5121323294511547,0.4291483715704166,196
deepseek-coder-1.3b,3,sink_arg,normalize,logit,clrp,0.5352487226730329,0.5278518435878843,196
deepseek-coder-1.3b,3,sink_arg,opaque_only,clens,logit,0.3108696219767066,0.30250141446660667,196
deepseek-coder-1.3b,3,sink_arg,opaque_only,clens,clrp,0.4992978372427073,0.4269043501820878,196
deepseek-coder-1.3b,3,sink_arg,opaque_only,logit,clrp,0.5470240868485597,0.5505980603877632,196
deepseek-coder-1.3b,3,sink_arg,rename_cumulative,clens,logit,0.19254051147565554,0.19781176039334125,196
deepseek-coder-1.3b,3,sink_arg,rename_cumulative,clens,clrp,0.6273900657212557,0.6056052721752505,196
deepseek-coder-1.3b,3,sink_arg,rename_cumulative,logit,clrp,0.537961984191043,0.5242037150666593,196
deepseek-coder-1.3b,3,sink_arg,rename_only,clens,logit,0.21236768077141108,0.20380431750990127,196
deepseek-coder-1.3b,3,sink_arg,rename_only,clens,clrp,0.5520415800071116,0.501825658025803,196
deepseek-coder-1.3b,3,sink_arg,rename_only,logit,clrp,0.5986736784445278,0.6225039644909116,196
deepseek-coder-1.3b,3,sink_arg,rename_opaque,clens,logit,0.3956251464397316,0.3372184016128904,196
deepseek-coder-1.3b,3,sink_arg,rename_opaque,clens,clrp,0.6025917884499005,0.5543226896381357,196
deepseek-coder-1.3b,3,sink_arg,rename_opaque,logit,clrp,0.5372389254271362,0.4766298241280113,196
deepseek-coder-1.3b,3,sink_arg,rename_opaque_encode,clens,logit,0.323160002869795,0.2857668799655747,196
deepseek-coder-1.3b,3,sink_arg,rename_opaque_encode,clens,clrp,0.6226065680753841,0.6082748288694627,196
deepseek-coder-1.3b,3,sink_arg,rename_opaque_encode,logit,clrp,0.5912170901716938,0.5610149096733579,196
deepseek-coder-1.3b,3,sink_arg,rename_opaque_encode_flatten,clens,logit,0.1267611855514991,0.1444732207603854,196
deepseek-coder-1.3b,3,sink_arg,rename_opaque_encode_flatten,clens,clrp,0.5645774191275454,0.5702746854305956,196
deepseek-coder-1.3b,3,sink_arg,rename_opaque_encode_flatten,logit,clrp,0.5239626662373817,0.5052442843595853,196
deepseek-coder-1.3b,7,sink_arg,clean_heldout,clens,logit,0.6334620419783065,0.6461251583804158,196
deepseek-coder-1.3b,7,sink_arg,clean_heldout,clens,clrp,0.7280021566711734,0.7252842878658687,196
deepseek-coder-1.3b,7,sink_arg,clean_heldout,logit,clrp,0.9240176384972357,0.9271171178350295,196
deepseek-coder-1.3b,7,sink_arg,encode_only,clens,logit,0.6481146905596321,0.6523615615711338,196
deepseek-coder-1.3b,7,sink_arg,encode_only,clens,clrp,0.7397605764751346,0.731754974539601,196
deepseek-coder-1.3b,7,sink_arg,encode_only,logit,clrp,0.9202081830991958,0.9232155806485032,196
deepseek-coder-1.3b,7,sink_arg,flatten_only,clens,logit,0.5151119598100214,0.496590139374766,196
deepseek-coder-1.3b,7,sink_arg,flatten_only,clens,clrp,0.6535114941716126,0.6310704523902494,196
deepseek-coder-1.3b,7,sink_arg,flatten_only,logit,clrp,0.866611097075497,0.8746328363442215,196
deepseek-coder-1.3b,7,sink_arg,normalize,clens,logit,0.6368628548778372,0.649102311756409,196
deepseek-coder-1.3b,7,sink_arg,normalize,clens,clrp,0.7291550759846418,0.7261321709472545,196
deepseek-coder-1.3b,7,sink_arg,normalize,logit,clrp,0.9244158518129334,0.9286726326610301,196
deepseek-coder-1.3b,7,sink_arg,opaque_only,clens,logit,0.6353215800233091,0.6407844512268009,196
deepseek-coder-1.3b,7,sink_arg,opaque_only,clens,clrp,0.7326019212562299,0.7269067408298735,196
deepseek-coder-1.3b,7,sink_arg,opaque_only,logit,clrp,0.9190108035180777,0.9197634852457188,196
deepseek-coder-1.3b,7,sink_arg,rename_cumulative,clens,logit,0.5752266899555267,0.5737028743555213,196
deepseek-coder-1.3b,7,sink_arg,rename_cumulative,clens,clrp,0.7125806681764038,0.684424929675111,196
deepseek-coder-1.3b,7,sink_arg,rename_cumulative,logit,clrp,0.9001659310942005,0.914193275904661,196
deepseek-coder-1.3b,7,sink_arg,rename_only,clens,logit,0.5780658274296654,0.5783726063639045,196
deepseek-coder-1.3b,7,sink_arg,rename_only,clens,clrp,0.6967659205614437,0.666342069822853,196
deepseek-coder-1.3b,7,sink_arg,rename_only,logit,clrp,0.902514967113596,0.9160611687080145,196
deepseek-coder-1.3b,7,sink_arg,rename_opaque,clens,logit,0.5924910214612659,0.5931340595590051,196
deepseek-coder-1.3b,7,sink_arg,rename_opaque,clens,clrp,0.7201807826992248,0.695563754592036,196
deepseek-coder-1.3b,7,sink_arg,rename_opaque,logit,clrp,0.9092525143830779,0.9186765373857472,196
deepseek-coder-1.3b,7,sink_arg,rename_opaque_encode,clens,logit,0.5927777531707011,0.583262277968587,196
deepseek-coder-1.3b,7,sink_arg,rename_opaque_encode,clens,clrp,0.7298503321341371,0.7063264509239854,196
deepseek-coder-1.3b,7,sink_arg,rename_opaque_encode,logit,clrp,0.8896115171098185,0.8942600546661461,196
deepseek-coder-1.3b,7,sink_arg,rename_opaque_encode_flatten,clens,logit,0.475544084557151,0.4526819083744392,196
deepseek-coder-1.3b,7,sink_arg,rename_opaque_encode_flatten,clens,clrp,0.7029710986887027,0.6716397453163226,196
deepseek-coder-1.3b,7,sink_arg,rename_opaque_encode_flatten,logit,clrp,0.8321719091857608,0.8140586027460576,196
deepseek-coder-1.3b,11,sink_arg,clean_heldout,clens,logit,0.8953456621485084,0.870986301588187,196
deepseek-coder-1.3b,11,sink_arg,clean_heldout,clens,clrp,0.9603566030871461,0.9537553092302913,196
deepseek-coder-1.3b,11,sink_arg,clean_heldout,logit,clrp,0.9664501525137772,0.9463092382599272,196
deepseek-coder-1.3b,11,sink_arg,encode_only,clens,logit,0.8995518743717037,0.8758919108447752,196
deepseek-coder-1.3b,11,sink_arg,encode_only,clens,clrp,0.9619708161745416,0.9546446302066317,196
deepseek-coder-1.3b,11,sink_arg,encode_only,logit,clrp,0.9674187699202048,0.9501884627337854,196
deepseek-coder-1.3b,11,sink_arg,flatten_only,clens,logit,0.7924628811519768,0.785423423567006,196
deepseek-coder-1.3b,11,sink_arg,flatten_only,clens,clrp,0.9241668243707786,0.9125931356533242,196
deepseek-coder-1.3b,11,sink_arg,flatten_only,logit,clrp,0.9338155232743378,0.9327765780267595,196
deepseek-coder-1.3b,11,sink_arg,normalize,clens,logit,0.8968597403742811,0.8736064515614915,196
deepseek-coder-1.3b,11,sink_arg,normalize,clens,clrp,0.9607641997252434,0.9541585318235065,196
deepseek-coder-1.3b,11,sink_arg,normalize,logit,clrp,0.9665303737141402,0.9464447083011261,196
deepseek-coder-1.3b,11,sink_arg,opaque_only,clens,logit,0.8950094337270036,0.8712158037756298,196
deepseek-coder-1.3b,11,sink_arg,opaque_only,clens,clrp,0.9620331348269894,0.9567754942664299,196
deepseek-coder-1.3b,11,sink_arg,opaque_only,logit,clrp,0.9659730559129039,0.947051932838735,196
deepseek-coder-1.3b,11,sink_arg,rename_cumulative,clens,logit,0.888047875024721,0.865409717186367,196
deepseek-coder-1.3b,11,sink_arg,rename_cumulative,clens,clrp,0.9566349316360622,0.9480320984309383,196
deepseek-coder-1.3b,11,sink_arg,rename_cumulative,logit,clrp,0.9559507017732193,0.9442755938767543,196
deepseek-coder-1.3b,11,sink_arg,rename_only,clens,logit,0.8875460172553091,0.8758090350548654,196
deepseek-coder-1.3b,11,sink_arg,rename_only,clens,clrp,0.9509471860438774,0.9452525719385764,196
deepseek-coder-1.3b,11,sink_arg,rename_only,logit,clrp,0.9604954718630243,0.9552008542581423,196
deepseek-coder-1.3b,11,sink_arg,rename_opaque,clens,logit,0.8814710495724614,0.8716142450732733,196
deepseek-coder-1.3b,11,sink_arg,rename_opaque,clens,clrp,0.9510650373473648,0.9472718724350342,196
deepseek-coder-1.3b,11,sink_arg,rename_opaque,logit,clrp,0.9590684917061765,0.9520531680067577,196
deepseek-coder-1.3b,11,sink_arg,rename_opaque_encode,clens,logit,0.8851256017246599,0.8630493509391263,196
deepseek-coder-1.3b,11,sink_arg,rename_opaque_encode,clens,clrp,0.9553321179568045,0.9461434866801075,196
deepseek-coder-1.3b,11,sink_arg,rename_opaque_encode,logit,clrp,0.9591773392790821,0.9489373570591847,196
deepseek-coder-1.3b,11,sink_arg,rename_opaque_encode_flatten,clens,logit,0.7939261973723845,0.7982787335941797,196
deepseek-coder-1.3b,11,sink_arg,rename_opaque_encode_flatten,clens,clrp,0.9225153726936538,0.9190367283188169,196
deepseek-coder-1.3b,11,sink_arg,rename_opaque_encode_flatten,logit,clrp,0.927690970735155,0.9288670720142802,196
deepseek-coder-1.3b,15,sink_arg,clean_heldout,clens,logit,0.934944169718738,0.9381921921443314,196
deepseek-coder-1.3b,15,sink_arg,clean_heldout,clens,clrp,0.9825778977177292,0.9816286686482482,196
deepseek-coder-1.3b,15,sink_arg,clean_heldout,logit,clrp,0.9745782120932077,0.9731195562957712,196
deepseek-coder-1.3b,15,sink_arg,encode_only,clens,logit,0.934578042964484,0.9441449051311271,196
deepseek-coder-1.3b,15,sink_arg,encode_only,clens,clrp,0.9828444186162266,0.9842854752209358,196
deepseek-coder-1.3b,15,sink_arg,encode_only,logit,clrp,0.9739276714436259,0.9733012455274965,196
deepseek-coder-1.3b,15,sink_arg,flatten_only,clens,logit,0.908937373645035,0.9139334921785973,196
deepseek-coder-1.3b,15,sink_arg,flatten_only,clens,clrp,0.9773226106160058,0.9780618221517424,196
deepseek-coder-1.3b,15,sink_arg,flatten_only,logit,clrp,0.9608564754740889,0.9592059861820559,196
deepseek-coder-1.3b,15,sink_arg,normalize,clens,logit,0.93572696657821,0.9398544892381006,196
deepseek-coder-1.3b,15,sink_arg,normalize,clens,clrp,0.9826183283691841,0.9822327056554758,196
deepseek-coder-1.3b,15,sink_arg,normalize,logit,clrp,0.9748370645261876,0.9732406824502546,196
deepseek-coder-1.3b,15,sink_arg,opaque_only,clens,logit,0.932251183998339,0.9361346412832998,196
deepseek-coder-1.3b,15,sink_arg,opaque_only,clens,clrp,0.9815326618614307,0.9819824845205557,196
deepseek-coder-1.3b,15,sink_arg,opaque_only,logit,clrp,0.9742805412992971,0.9724501749157298,196
deepseek-coder-1.3b,15,sink_arg,rename_cumulative,clens,logit,0.9164652789485049,0.9222975718987323,196
deepseek-coder-1.3b,15,sink_arg,rename_cumulative,clens,clrp,0.978198410912046,0.9791248635338556,196
deepseek-coder-1.3b,15,sink_arg,rename_cumulative,logit,clrp,0.9680839615554895,0.9651618866992326,196
deepseek-coder-1.3b,15,sink_arg,rename_only,clens,logit,0.9185198454060933,0.9231024233199724,196
deepseek-coder-1.3b,15,sink_arg,rename_only,clens,clrp,0.9782612220279228,0.979217301914909,196
deepseek-coder-1.3b,15,sink_arg,rename_only,logit,clrp,0.9688704243939514,0.9664544302687885,196
deepseek-coder-1.3b,15,sink_arg,rename_opaque,clens,logit,0.9176080790982297,0.9282120345209542,196
deepseek-coder-1.3b,15,sink_arg,rename_opaque,clens,clrp,0.9795882348630106,0.9816047621703895,196
deepseek-coder-1.3b,15,sink_arg,rename_opaque,logit,clrp,0.9665709100196415,0.9662886786889688,196
deepseek-coder-1.3b,15,sink_arg,rename_opaque_encode,clens,logit,0.9156823982690425,0.9281737841563804,196
deepseek-coder-1.3b,15,sink_arg,rename_opaque_encode,clens,clrp,0.979595112235841,0.9815744806317686,196
deepseek-coder-1.3b,15,sink_arg,rename_opaque_encode,logit,clrp,0.9642171694858113,0.9656687040298354,196
deepseek-coder-1.3b,15,sink_arg,rename_opaque_encode_flatten,clens,logit,0.8290000772159177,0.8314625186271308,196
deepseek-coder-1.3b,15,sink_arg,rename_opaque_encode_flatten,clens,clrp,0.9592909599521082,0.9502856824104106,196
deepseek-coder-1.3b,15,sink_arg,rename_opaque_encode_flatten,logit,clrp,0.9308599358425682,0.9380232530341306,196
deepseek-coder-1.3b,19,sink_arg,clean_heldout,clens,logit,0.9589730427277834,0.9614181322665734,196
deepseek-coder-1.3b,19,sink_arg,clean_heldout,clens,clrp,0.9847316234152569,0.9845070085824257,196
deepseek-coder-1.3b,19,sink_arg,clean_heldout,logit,clrp,0.9865034264823839,0.985872865350748,196
deepseek-coder-1.3b,19,sink_arg,encode_only,clens,logit,0.9551002978833544,0.960141526348923,196
deepseek-coder-1.3b,19,sink_arg,encode_only,clens,clrp,0.981676389708567,0.9820207348851295,196
deepseek-coder-1.3b,19,sink_arg,encode_only,logit,clrp,0.9857866951677264,0.9863908390376847,196
deepseek-coder-1.3b,19,sink_arg,flatten_only,clens,logit,0.9358621468557939,0.9469164627975363,196
deepseek-coder-1.3b,19,sink_arg,flatten_only,clens,clrp,0.9879916427150307,0.9893361171098662,196
deepseek-coder-1.3b,19,sink_arg,flatten_only,logit,clrp,0.9703258439892127,0.9717823873008791,196
deepseek-coder-1.3b,19,sink_arg,normalize,clens,logit,0.9592106179710266,0.9615488210122004,196
deepseek-coder-1.3b,19,sink_arg,normalize,clens,clrp,0.9843187095652524,0.9843476320633682,196
deepseek-coder-1.3b,19,sink_arg,normalize,logit,clrp,0.9867180104640282,0.9859780538533259,196
deepseek-coder-1.3b,19,sink_arg,opaque_only,clens,logit,0.9565616029252021,0.9592442365466297,196
deepseek-coder-1.3b,19,sink_arg,opaque_only,clens,clrp,0.9826429153874533,0.9831825897090584,196
deepseek-coder-1.3b,19,sink_arg,opaque_only,logit,clrp,0.9871127284752984,0.985895178063416,196
deepseek-coder-1.3b,19,sink_arg,rename_cumulative,clens,logit,0.9621921573902931,0.9643618165735643,196
deepseek-coder-1.3b,19,sink_arg,rename_cumulative,clens,clrp,0.9899041643846259,0.9889934575938928,196
deepseek-coder-1.3b,19,sink_arg,rename_cumulative,logit,clrp,0.9833039630882489,0.9812366024113667,196
deepseek-coder-1.3b,19,sink_arg,rename_only,clens,logit,0.9556880323924345,0.9583979472304347,196
deepseek-coder-1.3b,19,sink_arg,rename_only,clens,clrp,0.9873713216140501,0.9860800548255226,196
deepseek-coder-1.3b,19,sink_arg,rename_only,logit,clrp,0.9821232578062336,0.9816477938305351,196
deepseek-coder-1.3b,19,sink_arg,rename_opaque,clens,logit,0.9568903309185837,0.958767700754648,196
deepseek-coder-1.3b,19,sink_arg,rename_opaque,clens,clrp,0.9894737159147986,0.9878395715959168,196
deepseek-coder-1.3b,19,sink_arg,rename_opaque,logit,clrp,0.9814687977092446,0.9826853349695991,196
deepseek-coder-1.3b,19,sink_arg,rename_opaque_encode,clens,logit,0.9536739084037609,0.9588075448844123,196
deepseek-coder-1.3b,19,sink_arg,rename_opaque_encode,clens,clrp,0.9877784165617006,0.9885105467411487,196
deepseek-coder-1.3b,19,sink_arg,rename_opaque_encode,logit,clrp,0.9804901777539862,0.9819043900262175,196
deepseek-coder-1.3b,19,sink_arg,rename_opaque_encode_flatten,clens,logit,0.9318794979347216,0.9381427854234237,196
deepseek-coder-1.3b,19,sink_arg,rename_opaque_encode_flatten,clens,clrp,0.9860133983348566,0.9865326841396458,196
deepseek-coder-1.3b,19,sink_arg,rename_opaque_encode_flatten,logit,clrp,0.9694441824195624,0.9710189737745938,196
deepseek-coder-1.3b,23,sink_arg,clean_heldout,clens,logit,0.9999997739962747,0.9999904374088566,196
deepseek-coder-1.3b,23,sink_arg,clean_heldout,clens,clrp,1.0000000000000004,1.0,196
deepseek-coder-1.3b,23,sink_arg,clean_heldout,logit,clrp,0.9999997739962747,0.9999904374088566,196
deepseek-coder-1.3b,23,sink_arg,encode_only,clens,logit,0.9999996925438414,0.9999920311740473,196
deepseek-coder-1.3b,23,sink_arg,encode_only,clens,clrp,0.9999999999999997,1.0,196
deepseek-coder-1.3b,23,sink_arg,encode_only,logit,clrp,0.9999996925438414,0.9999920311740473,196
deepseek-coder-1.3b,23,sink_arg,flatten_only,clens,logit,0.9999999827176083,1.0,196
deepseek-coder-1.3b,23,sink_arg,flatten_only,clens,clrp,0.9999999999999998,1.0,196
deepseek-coder-1.3b,23,sink_arg,flatten_only,logit,clrp,0.9999999827176083,1.0,196
deepseek-coder-1.3b,23,sink_arg,normalize,clens,logit,0.999999776554985,0.9999904374088566,196
deepseek-coder-1.3b,23,sink_arg,normalize,clens,clrp,1.0000000000000007,1.0,196
deepseek-coder-1.3b,23,sink_arg,normalize,logit,clrp,0.999999776554985,0.9999904374088566,196
deepseek-coder-1.3b,23,sink_arg,opaque_only,clens,logit,0.9999998066697773,0.9999904374088566,196
deepseek-coder-1.3b,23,sink_arg,opaque_only,clens,clrp,1.0000000000000002,1.0,196
deepseek-coder-1.3b,23,sink_arg,opaque_only,logit,clrp,0.9999998066697773,0.9999904374088566,196
deepseek-coder-1.3b,23,sink_arg,rename_cumulative,clens,logit,0.9999999799949416,0.9999936249392378,196
deepseek-coder-1.3b,23,sink_arg,rename_cumulative,clens,clrp,1.0,1.0,196
deepseek-coder-1.3b,23,sink_arg,rename_cumulative,logit,clrp,0.9999999799949416,0.9999936249392378,196
deepseek-coder-1.3b,23,sink_arg,rename_only,clens,logit,0.999999898612949,0.9999936249392378,196
deepseek-coder-1.3b,23,sink_arg,rename_only,clens,clrp,1.0000000000000004,1.0,196
deepseek-coder-1.3b,23,sink_arg,rename_only,logit,clrp,0.999999898612949,0.9999936249392378,196
deepseek-coder-1.3b,23,sink_arg,rename_opaque,clens,logit,0.9999999140352408,0.9999936249392378,196
deepseek-coder-1.3b,23,sink_arg,rename_opaque,clens,clrp,1.0,1.0,196
deepseek-coder-1.3b,23,sink_arg,rename_opaque,logit,clrp,0.9999999140352408,0.9999936249392378,196
deepseek-coder-1.3b,23,sink_arg,rename_opaque_encode,clens,logit,0.9999998456004224,0.9999904374088566,196
deepseek-coder-1.3b,23,sink_arg,rename_opaque_encode,clens,clrp,0.9999999999999998,1.0,196
deepseek-coder-1.3b,23,sink_arg,rename_opaque_encode,logit,clrp,0.9999998456004224,0.9999904374088566,196
deepseek-coder-1.3b,23,sink_arg,rename_opaque_encode_flatten,clens,logit,0.9999999373558015,0.999996812469619,196
deepseek-coder-1.3b,23,sink_arg,rename_opaque_encode_flatten,clens,clrp,1.0000000000000002,1.0,196
deepseek-coder-1.3b,23,sink_arg,rename_opaque_encode_flatten,logit,clrp,0.9999999373558015,0.999996812469619,196
