task,layer,filler_type,filler_target,filler_tokens_mean,accuracy,n
binding,-1,comment_prose,0,0.0,0.7508878741755454,1971
binding,-1,comment_prose,50,57.0,0.7548223350253808,1970
binding,-1,comment_prose,100,115.0,0.7584982242516489,1971
binding,-1,comment_prose,200,202.0,0.756468797564688,1971
binding,-1,comment_prose,500,529.0,0.760284408329101,1969
binding,-1,comment_prose,1000,1009.0,0.7583756345177665,1970
binding,-1,competing_update,0,0.0,0.7574835109081685,1971
binding,-1,competing_update,50,55.0,0.7656012176560122,1971
binding,-1,competing_update,100,103.0,0.7671232876712328,1971
binding,-1,competing_update,200,205.0,0.7654822335025381,1970
binding,-1,competing_update,500,505.0,0.7700507614213198,1970
binding,-1,competing_update,1000,1002.0,0.7463216641298833,1971
binding,-1,dead_code,0,0.0,0.7498731608320649,1971
binding,-1,dead_code,50,51.0,0.7959183673469388,2401
binding,-1,dead_code,100,103.0,0.8225633702249197,2801
binding,-1,dead_code,200,207.0,0.7314634823660094,3601
binding,-1,dead_code,500,529.0,0.6764350973970005,5801
binding,-1,dead_code,1000,1009.0,0.6891456504832796,9001
binding,-1,lexical_decoy,0,0.0,0.7539320142059868,1971
binding,-1,lexical_decoy,50,71.0,0.8212226066897347,2601
binding,-1,lexical_decoy,100,119.0,0.8280573142285905,3001
binding,-1,lexical_decoy,200,215.0,0.7851500789889415,3798
binding,-1,lexical_decoy,500,519.0,0.7338505650193962,5929
binding,-1,lexical_decoy,1000,1023.0,0.7138320008761362,9131
binding,-1,scope_shadow,0,0.0,0.7483510908168443,1971
binding,-1,scope_shadow,50,53.0,0.4929510155316607,4185
binding,-1,scope_shadow,100,107.0,0.3358944807273659,7809
binding,-1,scope_shadow,200,219.0,0.191980182690819,19377
binding,-1,scope_shadow,500,519.0,0.08867028586200797,73497
binding,-1,scope_shadow,1000,1019.0,0.04477986077437065,243346
binding,0,comment_prose,0,0.0,0.9979705733130391,1971
binding,0,comment_prose,50,57.0,0.8558375634517766,1970
binding,0,comment_prose,100,115.0,0.8305428716387621,1971
binding,0,comment_prose,200,202.0,0.832572298325723,1971
binding,0,comment_prose,500,529.0,0.829862874555612,1969
binding,0,comment_prose,1000,1009.0,0.8071065989847716,1970
binding,0,competing_update,0,0.0,0.9979705733130391,1971
binding,0,competing_update,50,55.0,0.8985286656519533,1971
binding,0,competing_update,100,103.0,0.8878741755454084,1971
binding,0,competing_update,200,205.0,0.868020304568528,1970
binding,0,competing_update,500,505.0,0.86751269035533,1970
binding,0,competing_update,1000,1002.0,0.8665651953323186,1971
binding,0,dead_code,0,0.0,0.9979705733130391,1971
binding,0,dead_code,50,51.0,0.9533527696793003,2401
binding,0,dead_code,100,103.0,0.9578721885041057,2801
binding,0,dead_code,200,207.0,0.7858928075534574,3601
binding,0,dead_code,500,529.0,0.6590243061541113,5801
binding,0,dead_code,1000,1009.0,0.6323741806465948,9001
binding,0,lexical_decoy,0,0.0,0.9979705733130391,1971
binding,0,lexical_decoy,50,71.0,0.9250288350634371,2601
binding,0,lexical_decoy,100,119.0,0.8933688770409863,3001
binding,0,lexical_decoy,200,215.0,0.7809373354397051,3798
binding,0,lexical_decoy,500,519.0,0.6987687637038287,5929
binding,0,lexical_decoy,1000,1023.0,0.648340816997043,9131
binding,0,scope_shadow,0,0.0,0.9979705733130391,1971
binding,0,scope_shadow,50,53.0,0.8157706093189964,4185
binding,0,scope_shadow,100,107.0,0.7369701626328595,7809
binding,0,scope_shadow,200,219.0,0.6914899107188935,19377
binding,0,scope_shadow,500,519.0,0.6991577887532825,73497
binding,0,scope_shadow,1000,1019.0,0.7289661634051926,243346
binding,3,comment_prose,0,0.0,0.9994926433282597,1971
binding,3,comment_prose,50,57.0,0.8436548223350254,1970
binding,3,comment_prose,100,115.0,0.8193810248604769,1971
binding,3,comment_prose,200,202.0,0.817351598173516,1971
binding,3,comment_prose,500,529.0,0.7958354494667343,1969
binding,3,comment_prose,1000,1009.0,0.7796954314720812,1970
binding,3,competing_update,0,0.0,0.9994926433282597,1971
binding,3,competing_update,50,55.0,0.9117199391171994,1971
binding,3,competing_update,100,103.0,0.8878741755454084,1971
binding,3,competing_update,200,205.0,0.8324873096446701,1970
binding,3,competing_update,500,505.0,0.799492385786802,1970
binding,3,competing_update,1000,1002.0,0.7965499746321664,1971
binding,3,dead_code,0,0.0,0.9994926433282597,1971
binding,3,dead_code,50,51.0,0.9054560599750104,2401
binding,3,dead_code,100,103.0,0.876472688325598,2801
binding,3,dead_code,200,207.0,0.8511524576506526,3601
binding,3,dead_code,500,529.0,0.8572659886226512,5801
binding,3,dead_code,1000,1009.0,0.8823464059548939,9001
binding,3,lexical_decoy,0,0.0,0.9994926433282597,1971
binding,3,lexical_decoy,50,71.0,0.8900422914263745,2601
binding,3,lexical_decoy,100,119.0,0.8970343218927024,3001
binding,3,lexical_decoy,200,215.0,0.8762506582411795,3798
binding,3,lexical_decoy,500,519.0,0.8667566200033733,5929
binding,3,lexical_decoy,1000,1023.0,0.8754791370058044,9131
binding,3,scope_shadow,0,0.0,0.9994926433282597,1971
binding,3,scope_shadow,50,53.0,0.822700119474313,4185
binding,3,scope_shadow,100,107.0,0.716609040850301,7809
binding,3,scope_shadow,200,219.0,0.6206327088816638,19377
binding,3,scope_shadow,500,519.0,0.5379947480849558,73497
binding,3,scope_shadow,1000,1019.0,0.4713412178544131,243346
binding,7,comment_prose,0,0.0,1.0,1971
binding,7,comment_prose,50,57.0,0.9700507614213199,1970
binding,7,comment_prose,100,115.0,0.9624556062912227,1971
binding,7,comment_prose,200,202.0,0.969558599695586,1971
binding,7,comment_prose,500,529.0,0.973082783138649,1969
binding,7,comment_prose,1000,1009.0,0.9634517766497462,1970
binding,7,competing_update,0,0.0,1.0,1971
binding,7,competing_update,50,55.0,0.898021308980213,1971
binding,7,competing_update,100,103.0,0.915271435819381,1971
binding,7,competing_update,200,205.0,0.9147208121827411,1970
binding,7,competing_update,500,505.0,0.8923857868020305,1970
binding,7,competing_update,1000,1002.0,0.8812785388127854,1971
binding,7,dead_code,0,0.0,1.0,1971
binding,7,dead_code,50,51.0,0.9591836734693877,2401
binding,7,dead_code,100,103.0,0.938236344162799,2801
binding,7,dead_code,200,207.0,0.9030824770896974,3601
binding,7,dead_code,500,529.0,0.8458886398896742,5801
binding,7,dead_code,1000,1009.0,0.8239084546161538,9001
binding,7,lexical_decoy,0,0.0,1.0,1971
binding,7,lexical_decoy,50,71.0,0.9554017685505575,2601
binding,7,lexical_decoy,100,119.0,0.9396867710763079,3001
binding,7,lexical_decoy,200,215.0,0.916535018430753,3798
binding,7,lexical_decoy,500,519.0,0.8866587957497049,5929
binding,7,lexical_decoy,1000,1023.0,0.83846238090023,9131
binding,7,scope_shadow,0,0.0,0.9989852866565195,1971
binding,7,scope_shadow,50,53.0,0.8219832735961768,4185
binding,7,scope_shadow,100,107.0,0.7338967857600205,7809
binding,7,scope_shadow,200,219.0,0.6577385560200237,19377
binding,7,scope_shadow,500,519.0,0.5776426248690423,73497
binding,7,scope_shadow,1000,1019.0,0.4785244055788877,243346
binding,11,comment_prose,0,0.0,0.9989852866565195,1971
binding,11,comment_prose,50,57.0,0.9964467005076142,1970
binding,11,comment_prose,100,115.0,0.9928970065956367,1971
binding,11,comment_prose,200,202.0,0.9883307965499746,1971
binding,11,comment_prose,500,529.0,0.9878110716099543,1969
binding,11,comment_prose,1000,1009.0,0.9827411167512691,1970
binding,11,competing_update,0,0.0,0.9984779299847792,1971
binding,11,competing_update,50,55.0,0.9178082191780822,1971
binding,11,competing_update,100,103.0,0.8802638254693049,1971
binding,11,competing_update,200,205.0,0.9116751269035533,1970
binding,11,competing_update,500,505.0,0.9015228426395939,1970
binding,11,competing_update,1000,1002.0,0.8878741755454084,1971
binding,11,dead_code,0,0.0,0.9994926433282597,1971
binding,11,dead_code,50,51.0,0.9550187421907539,2401
binding,11,dead_code,100,103.0,0.9275258836129954,2801
binding,11,dead_code,200,207.0,0.8719800055540128,3601
binding,11,dead_code,500,529.0,0.8145147388381313,5801
binding,11,dead_code,1000,1009.0,0.7790245528274636,9001
binding,11,lexical_decoy,0,0.0,0.9984779299847792,1971
binding,11,lexical_decoy,50,71.0,0.9046520569011919,2601
binding,11,lexical_decoy,100,119.0,0.886704431856048,3001
binding,11,lexical_decoy,200,215.0,0.8364928909952607,3798
binding,11,lexical_decoy,500,519.0,0.7969303423848878,5929
binding,11,lexical_decoy,1000,1023.0,0.7678238966159238,9131
binding,11,scope_shadow,0,0.0,1.0,1971
binding,11,scope_shadow,50,53.0,0.8497013142174432,4185
binding,11,scope_shadow,100,107.0,0.8168779613266743,7809
binding,11,scope_shadow,200,219.0,0.732414718480673,19377
binding,11,scope_shadow,500,519.0,0.654516510877995,73497
binding,11,scope_shadow,1000,1019.0,0.6082820346338136,243346
binding,15,comment_prose,0,0.0,0.9969558599695586,1971
binding,15,comment_prose,50,57.0,0.9903553299492386,1970
binding,15,comment_prose,100,115.0,0.9837645865043125,1971
binding,15,comment_prose,200,202.0,0.9797057331303907,1971
binding,15,comment_prose,500,529.0,0.973590655154901,1969
binding,15,comment_prose,1000,1009.0,0.9634517766497462,1970
binding,15,competing_update,0,0.0,0.9994926433282597,1971
binding,15,competing_update,50,55.0,0.8488077118214105,1971
binding,15,competing_update,100,103.0,0.7904616945712836,1971
binding,15,competing_update,200,205.0,0.8532994923857868,1970
binding,15,competing_update,500,505.0,0.8411167512690355,1970
binding,15,competing_update,1000,1002.0,0.8107559614408929,1971
binding,15,dead_code,0,0.0,0.9984779299847792,1971
binding,15,dead_code,50,51.0,0.9641815910037485,2401
binding,15,dead_code,100,103.0,0.9178864691181721,2801
binding,15,dead_code,200,207.0,0.8694806998056096,3601
binding,15,dead_code,500,529.0,0.7990001723840717,5801
binding,15,dead_code,1000,1009.0,0.7659148983446283,9001
binding,15,lexical_decoy,0,0.0,0.9984779299847792,1971
binding,15,lexical_decoy,50,71.0,0.903114186851211,2601
binding,15,lexical_decoy,100,119.0,0.8760413195601466,3001
binding,15,lexical_decoy,200,215.0,0.8499210110584519,3798
binding,15,lexical_decoy,500,519.0,0.8019902175746332,5929
binding,15,lexical_decoy,1000,1023.0,0.8040740335122112,9131
binding,15,scope_shadow,0,0.0,0.9979705733130391,1971
binding,15,scope_shadow,50,53.0,0.8812425328554361,4185
binding,15,scope_shadow,100,107.0,0.8316045588423614,7809
binding,15,scope_shadow,200,219.0,0.771223615626774,19377
binding,15,scope_shadow,500,519.0,0.6471556662176687,73497
binding,15,scope_shadow,1000,1019.0,0.5645706113928316,243346
binding,19,comment_prose,0,0.0,0.9989852866565195,1971
binding,19,comment_prose,50,57.0,0.9939086294416244,1970
binding,19,comment_prose,100,115.0,0.9873160832064941,1971
binding,19,comment_prose,200,202.0,0.9822425164890918,1971
binding,19,comment_prose,500,529.0,0.97866937531742,1969
binding,19,comment_prose,1000,1009.0,0.9700507614213199,1970
binding,19,competing_update,0,0.0,0.9989852866565195,1971
binding,19,competing_update,50,55.0,0.8680872653475393,1971
binding,19,competing_update,100,103.0,0.8340943683409436,1971
binding,19,competing_update,200,205.0,0.8715736040609137,1970
binding,19,competing_update,500,505.0,0.8629441624365483,1970
binding,19,competing_update,1000,1002.0,0.8680872653475393,1971
binding,19,dead_code,0,0.0,0.9994926433282597,1971
binding,19,dead_code,50,51.0,0.9571012078300708,2401
binding,19,dead_code,100,103.0,0.920742591931453,2801
binding,19,dead_code,200,207.0,0.8925298528186615,3601
binding,19,dead_code,500,529.0,0.8314083778658852,5801
binding,19,dead_code,1000,1009.0,0.7961337629152316,9001
binding,19,lexical_decoy,0,0.0,0.9989852866565195,1971
binding,19,lexical_decoy,50,71.0,0.8696655132641292,2601
binding,19,lexical_decoy,100,119.0,0.8757080973008997,3001
binding,19,lexical_decoy,200,215.0,0.8844128488678251,3798
binding,19,lexical_decoy,500,519.0,0.8635520323832012,5929
binding,19,lexical_decoy,1000,1023.0,0.8601467528200635,9131
binding,19,scope_shadow,0,0.0,0.9994926433282597,1971
binding,19,scope_shadow,50,53.0,0.9022700119474313,4185
binding,19,scope_shadow,100,107.0,0.8424894352669996,7809
binding,19,scope_shadow,200,219.0,0.7573411776848842,19377
binding,19,scope_shadow,500,519.0,0.6431691089432222,73497
binding,19,scope_shadow,1000,1019.0,0.5697607521800235,243346
binding,23,comment_prose,0,0.0,0.9989852866565195,1971
binding,23,comment_prose,50,57.0,0.9796954314720813,1970
binding,23,comment_prose,100,115.0,0.9720953830542871,1971
binding,23,comment_prose,200,202.0,0.960933536276002,1971
binding,23,comment_prose,500,529.0,0.9578466226510919,1969
binding,23,comment_prose,1000,1009.0,0.9446700507614213,1970
binding,23,competing_update,0,0.0,0.9994926433282597,1971
binding,23,competing_update,50,55.0,0.9213597158802638,1971
binding,23,competing_update,100,103.0,0.8406900050735667,1971
binding,23,competing_update,200,205.0,0.8898477157360406,1970
binding,23,competing_update,500,505.0,0.9126903553299492,1970
binding,23,competing_update,1000,1002.0,0.8964992389649924,1971
binding,23,dead_code,0,0.0,0.9994926433282597,1971
binding,23,dead_code,50,51.0,0.9425239483548521,2401
binding,23,dead_code,100,103.0,0.9186004998214923,2801
binding,23,dead_code,200,207.0,0.8908636489863927,3601
binding,23,dead_code,500,529.0,0.8481296328219272,5801
binding,23,dead_code,1000,1009.0,0.8123541828685702,9001
binding,23,lexical_decoy,0,0.0,0.9989852866565195,1971
binding,23,lexical_decoy,50,71.0,0.8662053056516724,2601
binding,23,lexical_decoy,100,119.0,0.8710429856714429,3001
binding,23,lexical_decoy,200,215.0,0.8683517640863613,3798
binding,23,lexical_decoy,500,519.0,0.8283015685613089,5929
binding,23,lexical_decoy,1000,1023.0,0.8213777242361188,9131
binding,23,scope_shadow,0,0.0,0.9989852866565195,1971
binding,23,scope_shadow,50,53.0,0.8234169653524492,4185
binding,23,scope_shadow,100,107.0,0.771417595082597,7809
binding,23,scope_shadow,200,219.0,0.722144810858234,19377
binding,23,scope_shadow,500,519.0,0.6242159543926963,73497
binding,23,scope_shadow,1000,1019.0,0.5517863453683233,243346
binding,27,comment_prose,0,0.0,0.9969558599695586,1971
binding,27,comment_prose,50,57.0,0.9741116751269036,1970
binding,27,comment_prose,100,115.0,0.9634703196347032,1971
binding,27,comment_prose,200,202.0,0.9518011161846778,1971
binding,27,comment_prose,500,529.0,0.9461655662772981,1969
binding,27,comment_prose,1000,1009.0,0.9289340101522843,1970
binding,27,competing_update,0,0.0,0.9964485032978183,1971
binding,27,competing_update,50,55.0,0.8904109589041096,1971
binding,27,competing_update,100,103.0,0.8432267884322678,1971
binding,27,competing_update,200,205.0,0.8583756345177666,1970
binding,27,competing_update,500,505.0,0.8776649746192894,1970
binding,27,competing_update,1000,1002.0,0.8356164383561644,1971
binding,27,dead_code,0,0.0,0.9959411466260781,1971
binding,27,dead_code,50,51.0,0.9266972094960433,2401
binding,27,dead_code,100,103.0,0.9043198857550875,2801
binding,27,dead_code,200,207.0,0.8467092474312691,3601
binding,27,dead_code,500,529.0,0.772108257197035,5801
binding,27,dead_code,1000,1009.0,0.7113654038440174,9001
binding,27,lexical_decoy,0,0.0,0.9964485032978183,1971
binding,27,lexical_decoy,50,71.0,0.8404459823144944,2601
binding,27,lexical_decoy,100,119.0,0.8347217594135288,3001
binding,27,lexical_decoy,200,215.0,0.8151658767772512,3798
binding,27,lexical_decoy,500,519.0,0.7429583403609378,5929
binding,27,lexical_decoy,1000,1023.0,0.6937903844047749,9131
binding,27,scope_shadow,0,0.0,0.9969558599695586,1971
binding,27,scope_shadow,50,53.0,0.8664277180406212,4185
binding,27,scope_shadow,100,107.0,0.8184146497630939,7809
binding,27,scope_shadow,200,219.0,0.7442844609588688,19377
binding,27,scope_shadow,500,519.0,0.6189912513435922,73497
binding,27,scope_shadow,1000,1019.0,0.5453469545420924,243346
binding,31,comment_prose,0,0.0,0.9979705733130391,1971
binding,31,comment_prose,50,57.0,0.9563451776649746,1970
binding,31,comment_prose,100,115.0,0.9507864028411973,1971
binding,31,comment_prose,200,202.0,0.9406392694063926,1971
binding,31,comment_prose,500,529.0,0.9375317420010157,1969
binding,31,comment_prose,1000,1009.0,0.9243654822335026,1970
binding,31,competing_update,0,0.0,0.9984779299847792,1971
binding,31,competing_update,50,55.0,0.8888888888888888,1971
binding,31,competing_update,100,103.0,0.8914256722475901,1971
binding,31,competing_update,200,205.0,0.8934010152284264,1970
binding,31,competing_update,500,505.0,0.8959390862944162,1970
binding,31,competing_update,1000,1002.0,0.8462709284627092,1971
binding,31,dead_code,0,0.0,0.9989852866565195,1971
binding,31,dead_code,50,51.0,0.9162848812994585,2401
binding,31,dead_code,100,103.0,0.8996786861835059,2801
binding,31,dead_code,200,207.0,0.8286587059150236,3601
binding,31,dead_code,500,529.0,0.7517669367350457,5801
binding,31,dead_code,1000,1009.0,0.6974780579935562,9001
binding,31,lexical_decoy,0,0.0,0.9989852866565195,1971
binding,31,lexical_decoy,50,71.0,0.865436370626682,2601
binding,31,lexical_decoy,100,119.0,0.8713762079306898,3001
binding,31,lexical_decoy,200,215.0,0.842548709847288,3798
binding,31,lexical_decoy,500,519.0,0.7527407657277787,5929
binding,31,lexical_decoy,1000,1023.0,0.6669587120797283,9131
binding,31,scope_shadow,0,0.0,0.9984779299847792,1971
binding,31,scope_shadow,50,53.0,0.8819593787335723,4185
binding,31,scope_shadow,100,107.0,0.849532590600589,7809
binding,31,scope_shadow,200,219.0,0.7726686277545544,19377
binding,31,scope_shadow,500,519.0,0.6680000544239901,73497
binding,31,scope_shadow,1000,1019.0,0.6258619414331856,243346
defuse_edge,-1,comment_prose,0,0.0,0.823404255319149,1410
defuse_edge,-1,comment_prose,50,57.0,0.8160583941605839,1370
defuse_edge,-1,comment_prose,100,115.0,0.8191101385849745,1371
defuse_edge,-1,comment_prose,200,202.0,0.8170553935860059,1372
defuse_edge,-1,comment_prose,500,529.0,0.8193736343772761,1373
defuse_edge,-1,comment_prose,1000,1009.0,0.8204379562043795,1370
defuse_edge,-1,competing_update,0,0.0,0.8202406227883935,1413
defuse_edge,-1,competing_update,50,55.0,0.8248546511627907,1376
defuse_edge,-1,competing_update,100,103.0,0.8263081395348837,1376
defuse_edge,-1,competing_update,200,205.0,0.8257080610021786,1377
defuse_edge,-1,competing_update,500,505.0,0.8266569555717407,1373
defuse_edge,-1,competing_update,1000,1002.0,0.8462064251537936,1463
defuse_edge,-1,dead_code,0,0.0,0.824822695035461,1410
defuse_edge,-1,dead_code,50,51.0,0.8787090057261843,1921
defuse_edge,-1,dead_code,100,103.0,0.8996122361051271,2321
defuse_edge,-1,dead_code,200,207.0,0.756167894905479,3121
defuse_edge,-1,dead_code,500,529.0,0.665288479609096,5321
defuse_edge,-1,dead_code,1000,1009.0,0.6325548644525291,8521
defuse_edge,-1,lexical_decoy,0,0.0,0.8253182461103253,1414
defuse_edge,-1,lexical_decoy,50,71.0,0.8810426540284361,2110
defuse_edge,-1,lexical_decoy,100,119.0,0.8755020080321285,2490
defuse_edge,-1,lexical_decoy,200,215.0,0.8144683504833178,3207
defuse_edge,-1,lexical_decoy,500,519.0,0.7412074478089148,5317
defuse_edge,-1,lexical_decoy,1000,1023.0,0.6931628018168778,8366
defuse_edge,-1,scope_shadow,0,0.0,0.8230714791224345,1413
defuse_edge,-1,scope_shadow,50,53.0,0.5589975635224504,2873
defuse_edge,-1,scope_shadow,100,107.0,0.4102306920762287,4985
defuse_edge,-1,scope_shadow,200,219.0,0.26493095259037736,11369
defuse_edge,-1,scope_shadow,500,519.0,0.1376415857605178,39552
defuse_edge,-1,scope_shadow,1000,1019.0,0.07462045942293935,125810
defuse_edge,0,comment_prose,0,0.0,0.9929078014184397,1410
defuse_edge,0,comment_prose,50,57.0,0.8875912408759125,1370
defuse_edge,0,comment_prose,100,115.0,0.8059810357403355,1371
defuse_edge,0,comment_prose,200,202.0,0.75,1372
defuse_edge,0,comment_prose,500,529.0,0.6955571740713765,1373
defuse_edge,0,comment_prose,1000,1009.0,0.6868613138686132,1370
defuse_edge,0,competing_update,0,0.0,0.9929228591648974,1413
defuse_edge,0,competing_update,50,55.0,0.9084302325581395,1376
defuse_edge,0,competing_update,100,103.0,0.8771802325581395,1376
defuse_edge,0,competing_update,200,205.0,0.8736383442265795,1377
defuse_edge,0,competing_update,500,505.0,0.8689002184996358,1373
defuse_edge,0,competing_update,1000,1002.0,0.848257006151743,1463
defuse_edge,0,dead_code,0,0.0,0.9929078014184397,1410
defuse_edge,0,dead_code,50,51.0,0.9380530973451328,1921
defuse_edge,0,dead_code,100,103.0,0.919431279620853,2321
defuse_edge,0,dead_code,200,207.0,0.6654918295418135,3121
defuse_edge,0,dead_code,500,529.0,0.5470776169892877,5321
defuse_edge,0,dead_code,1000,1009.0,0.4762351836638892,8521
defuse_edge,0,lexical_decoy,0,0.0,0.9929278642149929,1414
defuse_edge,0,lexical_decoy,50,71.0,0.8919431279620853,2110
defuse_edge,0,lexical_decoy,100,119.0,0.8477911646586346,2490
defuse_edge,0,lexical_decoy,200,215.0,0.7368256937948239,3207
defuse_edge,0,lexical_decoy,500,519.0,0.6182057551250705,5317
defuse_edge,0,lexical_decoy,1000,1023.0,0.5173320583313411,8366
defuse_edge,0,scope_shadow,0,0.0,0.9929228591648974,1413
defuse_edge,0,scope_shadow,50,53.0,0.6268708666898712,2873
defuse_edge,0,scope_shadow,100,107.0,0.46278836509528587,4985
defuse_edge,0,scope_shadow,200,219.0,0.30917406983903595,11369
defuse_edge,0,scope_shadow,500,519.0,0.17141990291262135,39552
defuse_edge,0,scope_shadow,1000,1019.0,0.09988872108735394,125810
defuse_edge,3,comment_prose,0,0.0,0.9964539007092199,1410
defuse_edge,3,comment_prose,50,57.0,0.8218978102189781,1370
defuse_edge,3,comment_prose,100,115.0,0.8110867979576951,1371
defuse_edge,3,comment_prose,200,202.0,0.8170553935860059,1372
defuse_edge,3,comment_prose,500,529.0,0.8390386016023307,1373
defuse_edge,3,comment_prose,1000,1009.0,0.8226277372262774,1370
defuse_edge,3,competing_update,0,0.0,0.9964614295824487,1413
defuse_edge,3,competing_update,50,55.0,0.8968023255813954,1376
defuse_edge,3,competing_update,100,103.0,0.8808139534883721,1376
defuse_edge,3,competing_update,200,205.0,0.8816267247639796,1377
defuse_edge,3,competing_update,500,505.0,0.8579752367079388,1373
defuse_edge,3,competing_update,1000,1002.0,0.8660287081339713,1463
defuse_edge,3,dead_code,0,0.0,0.997872340425532,1410
defuse_edge,3,dead_code,50,51.0,0.8193649141072358,1921
defuse_edge,3,dead_code,100,103.0,0.7518311072813443,2321
defuse_edge,3,dead_code,200,207.0,0.6344120474206985,3121
defuse_edge,3,dead_code,500,529.0,0.5585416275136252,5321
defuse_edge,3,dead_code,1000,1009.0,0.5813871611313226,8521
defuse_edge,3,lexical_decoy,0,0.0,0.9985855728429985,1414
defuse_edge,3,lexical_decoy,50,71.0,0.9004739336492891,2110
defuse_edge,3,lexical_decoy,100,119.0,0.8722891566265061,2490
defuse_edge,3,lexical_decoy,200,215.0,0.7995010913626442,3207
defuse_edge,3,lexical_decoy,500,519.0,0.7299228888470942,5317
defuse_edge,3,lexical_decoy,1000,1023.0,0.7118097059526656,8366
defuse_edge,3,scope_shadow,0,0.0,0.997169143665959,1413
defuse_edge,3,scope_shadow,50,53.0,0.6547163243995823,2873
defuse_edge,3,scope_shadow,100,107.0,0.5163490471414243,4985
defuse_edge,3,scope_shadow,200,219.0,0.37074500835605595,11369
defuse_edge,3,scope_shadow,500,519.0,0.21174656148867313,39552
defuse_edge,3,scope_shadow,1000,1019.0,0.12069787775216596,125810
defuse_edge,7,comment_prose,0,0.0,1.0,1410
defuse_edge,7,comment_prose,50,57.0,0.9737226277372263,1370
defuse_edge,7,comment_prose,100,115.0,0.9584245076586433,1371
defuse_edge,7,comment_prose,200,202.0,0.956268221574344,1372
defuse_edge,7,comment_prose,500,529.0,0.9519300801165331,1373
defuse_edge,7,comment_prose,1000,1009.0,0.9313868613138686,1370
defuse_edge,7,competing_update,0,0.0,1.0,1413
defuse_edge,7,competing_update,50,55.0,0.9200581395348837,1376
defuse_edge,7,competing_update,100,103.0,0.9120639534883721,1376
defuse_edge,7,competing_update,200,205.0,0.906318082788671,1377
defuse_edge,7,competing_update,500,505.0,0.8958485069191552,1373
defuse_edge,7,competing_update,1000,1002.0,0.911825017088175,1463
defuse_edge,7,dead_code,0,0.0,1.0,1410
defuse_edge,7,dead_code,50,51.0,0.9646017699115044,1921
defuse_edge,7,dead_code,100,103.0,0.9487289961223611,2321
defuse_edge,7,dead_code,200,207.0,0.9090035245113746,3121
defuse_edge,7,dead_code,500,529.0,0.9242623566998684,5321
defuse_edge,7,dead_code,1000,1009.0,0.9468372256777373,8521
defuse_edge,7,lexical_decoy,0,0.0,1.0,1414
defuse_edge,7,lexical_decoy,50,71.0,0.9364928909952607,2110
defuse_edge,7,lexical_decoy,100,119.0,0.9497991967871486,2490
defuse_edge,7,lexical_decoy,200,215.0,0.9438727782974743,3207
defuse_edge,7,lexical_decoy,500,519.0,0.9635132593567801,5317
defuse_edge,7,lexical_decoy,1000,1023.0,0.9458522591441549,8366
defuse_edge,7,scope_shadow,0,0.0,1.0,1413
defuse_edge,7,scope_shadow,50,53.0,0.7013574660633484,2873
defuse_edge,7,scope_shadow,100,107.0,0.5957873620862588,4985
defuse_edge,7,scope_shadow,200,219.0,0.49247954965256396,11369
defuse_edge,7,scope_shadow,500,519.0,0.30949130258899676,39552
defuse_edge,7,scope_shadow,1000,1019.0,0.19608139257610682,125810
defuse_edge,11,comment_prose,0,0.0,1.0,1410
defuse_edge,11,comment_prose,50,57.0,0.9722627737226277,1370
defuse_edge,11,comment_prose,100,115.0,0.9686360320933625,1371
defuse_edge,11,comment_prose,200,202.0,0.9693877551020408,1372
defuse_edge,11,comment_prose,500,529.0,0.9599417334304443,1373
defuse_edge,11,comment_prose,1000,1009.0,0.9562043795620438,1370
defuse_edge,11,competing_update,0,0.0,1.0,1413
defuse_edge,11,competing_update,50,55.0,0.8997093023255814,1376
defuse_edge,11,competing_update,100,103.0,0.8626453488372093,1376
defuse_edge,11,competing_update,200,205.0,0.8896151053013798,1377
defuse_edge,11,competing_update,500,505.0,0.8689002184996358,1373
defuse_edge,11,competing_update,1000,1002.0,0.872863978127136,1463
defuse_edge,11,dead_code,0,0.0,1.0,1410
defuse_edge,11,dead_code,50,51.0,0.9588755856324831,1921
defuse_edge,11,dead_code,100,103.0,0.918569582076691,2321
defuse_edge,11,dead_code,200,207.0,0.9170137776353733,3121
defuse_edge,11,dead_code,500,529.0,0.8862995677504228,5321
defuse_edge,11,dead_code,1000,1009.0,0.8544771740406055,8521
defuse_edge,11,lexical_decoy,0,0.0,1.0,1414
defuse_edge,11,lexical_decoy,50,71.0,0.885781990521327,2110
defuse_edge,11,lexical_decoy,100,119.0,0.8867469879518072,2490
defuse_edge,11,lexical_decoy,200,215.0,0.8805737449329591,3207
defuse_edge,11,lexical_decoy,500,519.0,0.8465299981192401,5317
defuse_edge,11,lexical_decoy,1000,1023.0,0.8137700215156586,8366
defuse_edge,11,scope_shadow,0,0.0,1.0,1413
defuse_edge,11,scope_shadow,50,53.0,0.7880264531848242,2873
defuse_edge,11,scope_shadow,100,107.0,0.7729187562688065,4985
defuse_edge,11,scope_shadow,200,219.0,0.8159028938341103,11369
defuse_edge,11,scope_shadow,500,519.0,0.8550262944983819,39552
defuse_edge,11,scope_shadow,1000,1019.0,0.8954137191002305,125810
defuse_edge,15,comment_prose,0,0.0,0.999290780141844,1410
defuse_edge,15,comment_prose,50,57.0,0.9737226277372263,1370
defuse_edge,15,comment_prose,100,115.0,0.9474835886214442,1371
defuse_edge,15,comment_prose,200,202.0,0.9460641399416909,1372
defuse_edge,15,comment_prose,500,529.0,0.9373634377276038,1373
defuse_edge,15,comment_prose,1000,1009.0,0.9364963503649635,1370
defuse_edge,15,competing_update,0,0.0,0.9992922859164898,1413
defuse_edge,15,competing_update,50,55.0,0.8597383720930233,1376
defuse_edge,15,competing_update,100,103.0,0.7238372093023255,1376
defuse_edge,15,competing_update,200,205.0,0.7828612926652142,1377
defuse_edge,15,competing_update,500,505.0,0.7953386744355426,1373
defuse_edge,15,competing_update,1000,1002.0,0.8113465481886535,1463
defuse_edge,15,dead_code,0,0.0,0.999290780141844,1410
defuse_edge,15,dead_code,50,51.0,0.9338885996876627,1921
defuse_edge,15,dead_code,100,103.0,0.910383455407152,2321
defuse_edge,15,dead_code,200,207.0,0.8798462031400193,3121
defuse_edge,15,dead_code,500,529.0,0.851531666979891,5321
defuse_edge,15,dead_code,1000,1009.0,0.8371083206196456,8521
defuse_edge,15,lexical_decoy,0,0.0,0.9992927864214993,1414
defuse_edge,15,lexical_decoy,50,71.0,0.9056872037914692,2110
defuse_edge,15,lexical_decoy,100,119.0,0.8923694779116466,2490
defuse_edge,15,lexical_decoy,200,215.0,0.8712192079825382,3207
defuse_edge,15,lexical_decoy,500,519.0,0.8393831107767538,5317
defuse_edge,15,lexical_decoy,1000,1023.0,0.8397083432942865,8366
defuse_edge,15,scope_shadow,0,0.0,0.9992922859164898,1413
defuse_edge,15,scope_shadow,50,53.0,0.9182039679777236,2873
defuse_edge,15,scope_shadow,100,107.0,0.9243731193580742,4985
defuse_edge,15,scope_shadow,200,219.0,0.9447620723018735,11369
defuse_edge,15,scope_shadow,500,519.0,0.9529733009708737,39552
defuse_edge,15,scope_shadow,1000,1019.0,0.9189094666560687,125810
defuse_edge,19,comment_prose,0,0.0,0.9985815602836879,1410
defuse_edge,19,comment_prose,50,57.0,0.9890510948905109,1370
defuse_edge,19,comment_prose,100,115.0,0.9817651349380014,1371
defuse_edge,19,comment_prose,200,202.0,0.9730320699708455,1372
defuse_edge,19,comment_prose,500,529.0,0.9730517115804806,1373
defuse_edge,19,comment_prose,1000,1009.0,0.9452554744525548,1370
defuse_edge,19,competing_update,0,0.0,0.9985845718329794,1413
defuse_edge,19,competing_update,50,55.0,0.9295058139534884,1376
defuse_edge,19,competing_update,100,103.0,0.7819767441860465,1376
defuse_edge,19,competing_update,200,205.0,0.7792302106027597,1377
defuse_edge,19,competing_update,500,505.0,0.8841951930080116,1373
defuse_edge,19,competing_update,1000,1002.0,0.9043062200956937,1463
defuse_edge,19,dead_code,0,0.0,0.9985815602836879,1410
defuse_edge,19,dead_code,50,51.0,0.9406559083810515,1921
defuse_edge,19,dead_code,100,103.0,0.940973718224903,2321
defuse_edge,19,dead_code,200,207.0,0.9301505927587311,3121
defuse_edge,19,dead_code,500,529.0,0.89287727870701,5321
defuse_edge,19,dead_code,1000,1009.0,0.8930876657669288,8521
defuse_edge,19,lexical_decoy,0,0.0,0.9985855728429985,1414
defuse_edge,19,lexical_decoy,50,71.0,0.9274881516587677,2110
defuse_edge,19,lexical_decoy,100,119.0,0.9293172690763052,2490
defuse_edge,19,lexical_decoy,200,215.0,0.9061428125974431,3207
defuse_edge,19,lexical_decoy,500,519.0,0.9509121685160805,5317
defuse_edge,19,lexical_decoy,1000,1023.0,0.9496772651207267,8366
defuse_edge,19,scope_shadow,0,0.0,0.9985845718329794,1413
defuse_edge,19,scope_shadow,50,53.0,0.9035851026801253,2873
defuse_edge,19,scope_shadow,100,107.0,0.9175526579739217,4985
defuse_edge,19,scope_shadow,200,219.0,0.9408918990236609,11369
defuse_edge,19,scope_shadow,500,519.0,0.9555774676375405,39552
defuse_edge,19,scope_shadow,1000,1019.0,0.9009458707574914,125810
defuse_edge,23,comment_prose,0,0.0,1.0,1410
defuse_edge,23,comment_prose,50,57.0,0.9715328467153285,1370
defuse_edge,23,comment_prose,100,115.0,0.9613420860685631,1371
defuse_edge,23,comment_prose,200,202.0,0.9409620991253644,1372
defuse_edge,23,comment_prose,500,529.0,0.9482884195193008,1373
defuse_edge,23,comment_prose,1000,1009.0,0.927007299270073,1370
defuse_edge,23,competing_update,0,0.0,1.0,1413
defuse_edge,23,competing_update,50,55.0,0.9229651162790697,1376
defuse_edge,23,competing_update,100,103.0,0.8372093023255814,1376
defuse_edge,23,competing_update,200,205.0,0.8344226579520697,1377
defuse_edge,23,competing_update,500,505.0,0.9067734887108522,1373
defuse_edge,23,competing_update,1000,1002.0,0.9090909090909091,1463
defuse_edge,23,dead_code,0,0.0,1.0,1410
defuse_edge,23,dead_code,50,51.0,0.9271212909942738,1921
defuse_edge,23,dead_code,100,103.0,0.8716070659198621,2321
defuse_edge,23,dead_code,200,207.0,0.8237744312720282,3121
defuse_edge,23,dead_code,500,529.0,0.7498590490509303,5321
defuse_edge,23,dead_code,1000,1009.0,0.6636545006454642,8521
defuse_edge,23,lexical_decoy,0,0.0,1.0,1414
defuse_edge,23,lexical_decoy,50,71.0,0.9118483412322275,2110
defuse_edge,23,lexical_decoy,100,119.0,0.8919678714859438,2490
defuse_edge,23,lexical_decoy,200,215.0,0.8493919550982226,3207
defuse_edge,23,lexical_decoy,500,519.0,0.8324242994169645,5317
defuse_edge,23,lexical_decoy,1000,1023.0,0.8065981353095865,8366
defuse_edge,23,scope_shadow,0,0.0,1.0,1413
defuse_edge,23,scope_shadow,50,53.0,0.7977723633832231,2873
defuse_edge,23,scope_shadow,100,107.0,0.8499498495486459,4985
defuse_edge,23,scope_shadow,200,219.0,0.8962969478406192,11369
defuse_edge,23,scope_shadow,500,519.0,0.9054156553398058,39552
defuse_edge,23,scope_shadow,1000,1019.0,0.8280343374930451,125810
defuse_edge,27,comment_prose,0,0.0,0.9971631205673759,1410
defuse_edge,27,comment_prose,50,57.0,0.9408759124087591,1370
defuse_edge,27,comment_prose,100,115.0,0.9285193289569658,1371
defuse_edge,27,comment_prose,200,202.0,0.9190962099125365,1372
defuse_edge,27,comment_prose,500,529.0,0.9126001456664239,1373
defuse_edge,27,comment_prose,1000,1009.0,0.9029197080291971,1370
defuse_edge,27,competing_update,0,0.0,0.9964614295824487,1413
defuse_edge,27,competing_update,50,55.0,0.9011627906976745,1376
defuse_edge,27,competing_update,100,103.0,0.8728197674418605,1376
defuse_edge,27,competing_update,200,205.0,0.8249818445896877,1377
defuse_edge,27,competing_update,500,505.0,0.8820101966496723,1373
defuse_edge,27,competing_update,1000,1002.0,0.8906356801093643,1463
defuse_edge,27,dead_code,0,0.0,0.997872340425532,1410
defuse_edge,27,dead_code,50,51.0,0.9198334200937012,1921
defuse_edge,27,dead_code,100,103.0,0.8018095648427402,2321
defuse_edge,27,dead_code,200,207.0,0.7680230695289971,3121
defuse_edge,27,dead_code,500,529.0,0.6754369479421162,5321
defuse_edge,27,dead_code,1000,1009.0,0.5937096584907875,8521
defuse_edge,27,lexical_decoy,0,0.0,0.9978783592644979,1414
defuse_edge,27,lexical_decoy,50,71.0,0.8156398104265403,2110
defuse_edge,27,lexical_decoy,100,119.0,0.8132530120481928,2490
defuse_edge,27,lexical_decoy,200,215.0,0.8076083567196757,3207
defuse_edge,27,lexical_decoy,500,519.0,0.8186947526800827,5317
defuse_edge,27,lexical_decoy,1000,1023.0,0.7642840066937605,8366
defuse_edge,27,scope_shadow,0,0.0,0.997169143665959,1413
defuse_edge,27,scope_shadow,50,53.0,0.8228332753219632,2873
defuse_edge,27,scope_shadow,100,107.0,0.8750250752256771,4985
defuse_edge,27,scope_shadow,200,219.0,0.9246195795584484,11369
defuse_edge,27,scope_shadow,500,519.0,0.9606846682847896,39552
defuse_edge,27,scope_shadow,1000,1019.0,0.9411334552102376,125810
defuse_edge,31,comment_prose,0,0.0,0.9971631205673759,1410
defuse_edge,31,comment_prose,50,57.0,0.8978102189781022,1370
defuse_edge,31,comment_prose,100,115.0,0.8949671772428884,1371
defuse_edge,31,comment_prose,200,202.0,0.8811953352769679,1372
defuse_edge,31,comment_prose,500,529.0,0.8856518572469045,1373
defuse_edge,31,comment_prose,1000,1009.0,0.8832116788321168,1370
defuse_edge,31,competing_update,0,0.0,0.9950460014154282,1413
defuse_edge,31,competing_update,50,55.0,0.8873546511627907,1376
defuse_edge,31,competing_update,100,103.0,0.8895348837209303,1376
defuse_edge,31,competing_update,200,205.0,0.8685548293391431,1377
defuse_edge,31,competing_update,500,505.0,0.8885651857246905,1373
defuse_edge,31,competing_update,1000,1002.0,0.8920027341079972,1463
defuse_edge,31,dead_code,0,0.0,0.997872340425532,1410
defuse_edge,31,dead_code,50,51.0,0.8974492451847996,1921
defuse_edge,31,dead_code,100,103.0,0.7944851357173632,2321
defuse_edge,31,dead_code,200,207.0,0.7843639859019546,3121
defuse_edge,31,dead_code,500,529.0,0.7303138507799286,5321
defuse_edge,31,dead_code,1000,1009.0,0.6446426475765755,8521
defuse_edge,31,lexical_decoy,0,0.0,0.9978783592644979,1414
defuse_edge,31,lexical_decoy,50,71.0,0.809478672985782,2110
defuse_edge,31,lexical_decoy,100,119.0,0.8413654618473896,2490
defuse_edge,31,lexical_decoy,200,215.0,0.820704708450265,3207
defuse_edge,31,lexical_decoy,500,519.0,0.7549369945457965,5317
defuse_edge,31,lexical_decoy,1000,1023.0,0.6500119531436768,8366
defuse_edge,31,scope_shadow,0,0.0,0.9978768577494692,1413
defuse_edge,31,scope_shadow,50,53.0,0.8402366863905325,2873
defuse_edge,31,scope_shadow,100,107.0,0.8900702106318957,4985
defuse_edge,31,scope_shadow,200,219.0,0.9318321752132993,11369
defuse_edge,31,scope_shadow,500,519.0,0.9657918689320388,39552
defuse_edge,31,scope_shadow,1000,1019.0,0.9798426198235435,125810
