split,position,site_kind,site,variant,layer,delta_ld,ci_lo,ci_hi,n_rows,n_bases,flip_rate,moves_toward_target,mean_delta_norm_ratio
calib,answer,band,L16+24+31,cf_push_0.03,16,0.12981468040582744,0.10373870243367293,0.15688543609947936,172,18,0.040697674418604654,True,0.009662955528298435
calib,answer,band,L16+24+31,cf_push_0.1,16,0.4460392450523931,0.3530606407629834,0.5431124756754967,172,18,0.11046511627906977,True,0.03220985300275822
calib,answer,band,L16+24+31,cf_push_0.3,16,1.4703851728591808,1.1433689364866142,1.8211635159269826,172,18,0.3430232558139535,True,0.09662956008037855
calib,answer,band,L16+24+31,cf_push_1,16,4.258993464673674,3.3886045929197275,5.189875891337861,172,18,0.5755813953488372,True,0.3220984911502794
calib,answer,band,L16+24+31,gram_random,16,0.0017260127635889274,-0.002206227344007575,0.00634190667201491,172,18,0.011627906976744186,False,0.023447280181440624
calib,answer,band,L16+24+31,clens_answer,16,0.4370457840173744,0.2974414391828763,0.5894939743107418,172,18,0.22093023255813954,True,0.051903640621666684
calib,answer,band,L16+24+31,clens_offvalue,16,0.006359009895213815,-0.00897988921095585,0.023713234803255864,172,18,0.046511627906976744,False,0.033317883712315054
calib,answer,band,L16+24+31,clens_value,16,0.10219840688067813,0.05575090833923068,0.1554363838204648,172,18,0.046511627906976744,True,0.031945986224735816
calib,answer,band,L16+24+31,logit_value,16,0.16751453800256863,0.09489997161966879,0.25173764869389004,172,18,0.05232558139534884,True,0.030413446429654514
calib,answer,band,L16+24+31,noop_same_value,16,0.0,0.0,0.0,172,18,0.0,False,0.0
calib,answer,band,L16+24+31,probe_basis,16,0.1541606085591538,0.11191493774789836,0.20052235297061077,172,18,0.06395348837209303,True,0.07749492149620507
calib,answer,band,L16+24+31,whole_state,16,1.8539244203373444,1.4344947497155218,2.3134629383163396,172,18,0.4476744186046512,True,
calib,answer,band,L8+16+24,cf_push_0.03,8,0.07440043708612752,0.05890131174832925,0.09048140072706083,172,18,0.023255813953488372,True,0.0023133970450523286
calib,answer,band,L8+16+24,cf_push_0.1,8,0.2626271765939025,0.20567058586007603,0.32238302185889495,172,18,0.0755813953488372,True,0.007711323925705497
calib,answer,band,L8+16+24,cf_push_0.3,8,0.9226925846102626,0.7190901199696762,1.1394681946336245,172,18,0.23255813953488372,True,0.023133972361900432
calib,answer,band,L8+16+24,cf_push_1,8,2.590025441764399,2.0801541052651884,3.1382695288928275,172,18,0.5348837209302325,True,0.07711323320345823
calib,answer,band,L8+16+24,gram_random,8,0.00290697795707126,-0.0019536861811867,0.007814754387256732,172,18,0.0,False,0.025815078484746762
calib,answer,band,L8+16+24,clens_answer,8,0.0697674448060435,0.0477724805690784,0.09328718725784252,172,18,0.03488372093023256,True,0.06743013271618813
calib,answer,band,L8+16+24,clens_offvalue,8,0.004087934140549149,-0.003412634616805019,0.011908148916579077,172,18,0.01744186046511628,False,0.05025185201402489
calib,answer,band,L8+16+24,clens_value,8,0.028070497131624888,0.006209704528407053,0.05202211291359907,172,18,0.011627906976744186,True,0.03243448222245078
calib,answer,band,L8+16+24,logit_value,8,0.1590661368397779,0.09228181183194431,0.23820090662713062,172,18,0.03488372093023256,True,0.023414791282080086
calib,answer,band,L8+16+24,noop_same_value,8,0.0,0.0,0.0,172,18,0.0,False,0.0
calib,answer,band,L8+16+24,probe_basis,8,-0.01162791096193846,-0.021325741473885662,-0.002130087282778784,172,18,0.011627906976744186,False,0.06952267635436811
calib,answer,band,L8+16+24,whole_state,8,1.8431140967579775,1.4263215574612114,2.300773821026684,172,18,0.4418604651162791,True,
calib,answer,single,L16,cf_push_0.03,16,0.030250732115534848,0.02414753259853122,0.036638100540390836,172,18,0.01744186046511628,True,0.009662955528298435
calib,answer,single,L16,cf_push_0.1,16,0.10319767892360687,0.08194241914957226,0.12519045219559308,172,18,0.040697674418604654,True,0.03220985300275822
calib,answer,single,L16,cf_push_0.3,16,0.35846656855455666,0.2856411627140539,0.4335525182412421,172,18,0.10465116279069768,True,0.09662956008037855
calib,answer,single,L16,cf_push_1,16,1.489825578103232,1.161561630924191,1.858338552041877,172,18,0.3488372093023256,True,0.3220984911502794
calib,answer,single,L16,gram_random,16,0.0022710767942805622,-0.001350622096650052,0.0066596673412079085,172,18,0.0,False,0.023447280181440624
calib,answer,single,L16,clens_answer,16,-0.0037245592752168347,-0.012960350219522259,0.005882389115611971,172,18,0.023255813953488372,False,0.051903640621666684
calib,answer,single,L16,clens_offvalue,16,0.0034520426808401596,-0.004490278727595994,0.011135070030202811,172,18,0.011627906976744186,False,0.033317883712315054
calib,answer,single,L16,clens_value,16,0.010265263533869456,-0.00045449405832263584,0.021551814541610682,172,18,0.01744186046511628,False,0.031945986224735816
calib,answer,single,L16,logit_value,16,0.03134084354306376,0.016422197949751645,0.047058819343938546,172,18,0.023255813953488372,True,0.030413446429654514
calib,answer,single,L16,noop_same_value,16,0.0,0.0,0.0,172,18,0.0,False,0.0
calib,answer,single,L16,probe_basis,16,0.15843023515717927,0.11601418734335797,0.20471325731598497,172,18,0.046511627906976744,True,0.07749492149620507
calib,answer,single,L16,whole_state,16,1.489825578103232,1.161561630924191,1.858338552041877,172,18,0.3488372093023256,True,
calib,answer,single,L24,cf_push_0.03,24,0.04387717971275019,0.034661073575383346,0.05358685260748161,172,18,0.023255813953488372,True,0.011684868482028156
calib,answer,single,L24,cf_push_0.1,24,0.15152616538973743,0.11966840170318753,0.18563988314320642,172,18,0.040697674418604654,True,0.038949563124671925
calib,answer,single,L24,cf_push_0.3,24,0.5036337254352348,0.39317071885717186,0.6230821737054597,172,18,0.12209302325581395,True,0.11684869177812754
calib,answer,single,L24,cf_push_1,24,1.8431140967579775,1.4263215574612114,2.300773821026684,172,18,0.4418604651162791,True,0.38949559429703756
calib,answer,single,L24,gram_random,24,-0.001090116798877716,-0.0035120316845592896,0.0012428943321786143,172,18,0.005813953488372093,False,0.023508762559005622
calib,answer,single,L24,clens_answer,24,0.49800145331510276,0.3595438983820443,0.6489958729087584,172,18,0.13953488372093023,True,0.09036125948887103
calib,answer,single,L24,clens_offvalue,24,0.0019077062606811523,-0.016974651198102268,0.019209565169671,172,18,0.023255813953488372,False,0.050882988582320314
calib,answer,single,L24,clens_value,24,0.12427326083876365,0.053444250619726,0.20512808480321665,172,18,0.040697674418604654,True,0.07653991781126586
calib,answer,single,L24,logit_value,24,0.13826307827650114,0.06689838471520254,0.2208445932366025,172,18,0.03488372093023256,True,0.06450568583626602
calib,answer,single,L24,noop_same_value,24,0.0,0.0,0.0,172,18,0.0,False,0.0
calib,answer,single,L24,probe_basis,24,0.12018532479225202,0.08305199913503158,0.15932728723012762,172,18,0.06395348837209303,True,0.11349223338948304
calib,answer,single,L24,whole_state,24,1.8431140967579775,1.4263215574612114,2.300773821026684,172,18,0.4418604651162791,True,
calib,answer,single,L31,cf_push_0.03,31,0.05514171910147334,0.04268783160074094,0.06910342566136803,172,18,0.01744186046511628,True,0.005169504056792966
calib,answer,single,L31,cf_push_0.1,31,0.18422965081625206,0.14233038081605545,0.22898379105214411,172,18,0.040697674418604654,True,0.01723168092389959
calib,answer,single,L31,cf_push_0.3,31,0.554869186219781,0.42922952155871635,0.6912930923879277,172,18,0.09302325581395349,True,0.051695043545996036
calib,answer,single,L31,cf_push_1,31,1.8539244203373444,1.4344947497155218,2.3134629383163396,172,18,0.4476744186046512,True,0.17231678826257932
calib,answer,single,L31,gram_random,31,0.0003633712266766748,-0.0014705841199440114,0.0020220596825375275,172,18,0.005813953488372093,False,0.02420201269619122
calib,answer,single,L31,clens_answer,31,1.8543786333743917,1.4334393511519314,2.313942125963783,172,18,0.6104651162790697,True,0.03008369030436648
calib,answer,single,L31,clens_offvalue,31,-0.003179503041644429,-0.017714823975425134,0.016555057408376816,172,18,0.023255813953488372,False,0.02116622450683244
calib,answer,single,L31,clens_value,31,0.014716573752636132,-0.017627448205475387,0.04820956229525436,172,18,0.023255813953488372,False,0.024182226779780023
calib,answer,single,L31,logit_value,31,0.01480741573627605,-0.01762745131486297,0.048332642486199534,172,18,0.023255813953488372,False,0.024181342037022505
calib,answer,single,L31,noop_same_value,31,0.0,0.0,0.0,172,18,0.0,False,0.0
calib,answer,single,L31,probe_basis,31,0.031795061085113256,-0.006542256648795615,0.07767613803089062,172,18,0.0755813953488372,False,0.060533985469180804
calib,answer,single,L31,whole_state,31,1.8539244203373444,1.4344947497155218,2.3134629383163396,172,18,0.4476744186046512,True,
calib,answer,single,L8,cf_push_0.03,8,0.0004542159826256508,-0.0009880749595373175,0.0019077054333201675,172,18,0.0,False,0.0023133970450523286
calib,answer,single,L8,cf_push_0.1,8,0.001998545818550642,0.0006144588666685512,0.00351585949021505,172,18,0.005813953488372093,True,0.007711323925705497
calib,answer,single,L8,cf_push_0.3,8,0.004269630236681117,0.0008977408871218142,0.008000830329173002,172,18,0.005813953488372093,True,0.023133972361900432
calib,answer,single,L8,cf_push_1,8,0.015352466598499653,0.005592396445796205,0.026679870867346286,172,18,0.01744186046511628,True,0.07711323320345823
calib,answer,single,L8,gram_random,8,0.0010901199177254079,-0.001839332355781703,0.0041787808631048645,172,18,0.0,False,0.025815078484746762
calib,answer,single,L8,clens_answer,8,0.000635903068753176,-0.002361915724048781,0.0038613809885349624,172,18,0.005813953488372093,False,0.06743013271618813
calib,answer,single,L8,clens_offvalue,8,0.003815410961938459,-0.001332059012221848,0.01017599965972724,172,18,0.0,False,0.05025185201402489
calib,answer,single,L8,clens_value,8,-0.0024527581625206525,-0.008681053561017367,0.0029069813704767893,172,18,0.005813953488372093,False,0.03243448222245078
calib,answer,single,L8,logit_value,8,0.0001816855267036793,-0.0019991342755985,0.002114598074776615,172,18,0.011627906976744186,False,0.023414791282080086
calib,answer,single,L8,noop_same_value,8,0.0,0.0,0.0,172,18,0.0,False,0.0
calib,answer,single,L8,probe_basis,8,-0.008448401162790697,-0.016074002217287303,-0.0013771528552644814,172,18,0.0,False,0.06952267635436811
calib,answer,single,L8,whole_state,8,0.015352466598499653,0.005592396445796205,0.026679870867346286,172,18,0.01744186046511628,True,
calib,use,band,L16+24+31,cf_push_0.03,16,0.0006359020291372787,-0.0012289322912693024,0.0025456462808874218,172,18,0.0,False,0.02033032769293979
calib,use,band,L16+24+31,cf_push_0.1,16,0.004542150642982749,0.0005645886000525794,0.008789347486751484,172,18,0.005813953488372093,True,0.06776776114955198
calib,use,band,L16+24+31,cf_push_0.3,16,0.01835029243036758,0.006524561697154853,0.03180565238754597,172,18,0.029069767441860465,True,0.2033032900545486
calib,use,band,L16+24+31,cf_push_1,16,0.07576308191515678,0.04060543058171934,0.11647585405186671,172,18,0.03488372093023256,True,0.6776775951648868
calib,use,band,L16+24+31,gram_random,16,0.0009084304058274557,-0.0006287794082209695,0.002576051824426497,172,18,0.0,False,0.021914810520766173
calib,use,band,L16+24+31,clens_answer,16,0.00145348577305328,0.00036754347124072007,0.0025111529266550426,172,18,0.005813953488372093,True,0.02188598928308141
calib,use,band,L16+24+31,clens_offvalue,16,0.0005450583128041999,-0.0012428974521092393,0.002191306809644874,172,18,0.0,False,0.023074103861828697
calib,use,band,L16+24+31,clens_value,16,0.0010901154127231864,-0.0003765035241124142,0.0026334767060030837,172,18,0.0,False,0.01923460045239696
calib,use,band,L16+24+31,logit_value,16,-0.0006358975241350574,-0.0023700898408554913,0.0010653361170129343,172,18,0.0,False,0.01528541829746123
calib,use,band,L16+24+31,noop_same_value,16,0.0,0.0,0.0,172,18,0.0,False,0.0
calib,use,band,L16+24+31,probe_basis,16,0.014989100050094515,0.006268339589849193,0.02480138161528357,172,18,0.011627906976744186,True,0.13030714591362821
calib,use,band,L16+24+31,whole_state,16,0.07167514569537584,0.03606915666014646,0.11300887365207218,172,18,0.03488372093023256,True,
calib,use,band,L8+16+24,cf_push_0.03,8,0.004542154281638389,0.0011160795399475665,0.007990164510870302,172,18,0.005813953488372093,True,0.021283040137225113
calib,use,band,L8+16+24,cf_push_0.1,8,0.01771438866853714,0.005419847383153724,0.030296030960538803,172,18,0.023255813953488372,True,0.07094346805540629
calib,use,band,L8+16+24,cf_push_0.3,8,0.0973837256085041,0.05560608681646491,0.14444923555649752,172,18,0.046511627906976744,True,0.2128304121799247
calib,use,band,L8+16+24,cf_push_1,8,1.0874818367666976,0.8058879291301971,1.4034142582532585,172,18,0.2616279069767442,True,0.7094346763089646
calib,use,band,L8+16+24,gram_random,8,0.0007267473048942033,-0.0019055390655487285,0.003462355990301479,172,18,0.0,False,0.01985641075271287
calib,use,band,L8+16+24,clens_answer,8,0.003906251559423846,0.0009877907476205934,0.0061257061633196745,172,18,0.005813953488372093,True,0.03387591743558428
calib,use,band,L8+16+24,clens_offvalue,8,0.0015443371132362721,-0.0026374873560966877,0.0052981378189448656,172,18,0.0,False,0.03940452115651308
calib,use,band,L8+16+24,clens_value,8,0.0026344494071117667,-0.0016200532902177938,0.007367844884916663,172,18,0.0,False,0.037383643709835275
calib,use,band,L8+16+24,logit_value,8,0.0006358992568282194,-0.001509233805435625,0.0030891305383050644,172,18,0.0,False,0.016060100703095537
calib,use,band,L8+16+24,noop_same_value,8,0.0,0.0,0.0,172,18,0.0,False,0.0
calib,use,band,L8+16+24,probe_basis,8,0.02280160351548084,0.011765780957472143,0.035021842298481376,172,18,0.011627906976744186,True,0.13152225365342624
calib,use,band,L8+16+24,whole_state,8,1.0705850323618844,0.7944429359595505,1.377329113221043,172,18,0.2616279069767442,True,
calib,use,single,L16,cf_push_0.03,16,0.0015443334745806317,-0.00045955830198877,0.003592126464477715,172,18,0.0,False,0.02033032769293979
calib,use,single,L16,cf_push_0.1,16,0.005087212940981222,0.0013782710602402526,0.009339536150503654,172,18,0.005813953488372093,True,0.06776776114955198
calib,use,single,L16,cf_push_0.3,16,0.017896075408126034,0.005631994527684851,0.03198688681202536,172,18,0.023255813953488372,True,0.2033032900545486
calib,use,single,L16,cf_push_1,16,0.0706758693207142,0.03411605310956919,0.11265215596054179,172,18,0.03488372093023256,True,0.6776775951648868
calib,use,single,L16,gram_random,16,0.0008175844369932662,-0.0009084352963539057,0.002725400653912777,172,18,0.0,False,0.021914810520766173
calib,use,single,L16,clens_answer,16,0.0011809620746346407,-0.00044387860054319556,0.002976726183661588,172,18,0.0,False,0.02188598928308141
calib,use,single,L16,clens_offvalue,16,9.084458267965982e-05,-0.0014371941668230147,0.001437191778843221,172,18,0.005813953488372093,False,0.023074103861828697
calib,use,single,L16,clens_value,16,9.084233017854913e-05,-0.0010006237619339655,0.0011673861108292107,172,18,0.0,False,0.01923460045239696
calib,use,single,L16,logit_value,16,0.0005450586593428324,-0.000908428569172704,0.0021395377154127112,172,18,0.0,False,0.01528541829746123
calib,use,single,L16,noop_same_value,16,0.0,0.0,0.0,172,18,0.0,False,0.0
calib,use,single,L16,probe_basis,16,0.01353560994530833,0.004722480501444845,0.023161846562078484,172,18,0.005813953488372093,True,0.13030714591362821
calib,use,single,L16,whole_state,16,0.0706758693207142,0.03411605310956919,0.11265215596054179,172,18,0.03488372093023256,True,
calib,use,single,L24,cf_push_0.03,24,-0.0004542158093563346,-0.001767323256845211,0.0008081990968564462,172,18,0.0,False,0.018355699618845138
calib,use,single,L24,cf_push_0.1,24,-0.0009084276335183964,-0.002194521777080686,0.0003765114549412785,172,18,0.005813953488372093,False,0.06118566724796628
calib,use,single,L24,cf_push_0.3,24,-0.0007267388146977092,-0.002487187953421036,0.0008272105236263837,172,18,0.0,False,0.1835570063355357
calib,use,single,L24,cf_push_1,24,0.0009084324850592503,-0.0022194595922800627,0.003999260511426699,172,18,0.011627906976744186,False,0.6118566492615745
calib,use,single,L24,gram_random,24,-0.0004542106112768484,-0.0016163762444737313,0.0005728956737334539,172,18,0.0,False,0.022986259941271254
calib,use,single,L24,clens_answer,24,0.0009084324850592503,-0.0005450590145449306,0.0021913111391590866,172,18,0.005813953488372093,False,0.028828601985677764
calib,use,single,L24,clens_offvalue,24,-9.084111729333567e-05,-0.001436779412558709,0.0013317406191975867,172,18,0.0,False,0.029712715352383894
calib,use,single,L24,clens_value,24,-0.00036337330590846924,-0.0015092379159548067,0.0007992390807924337,172,18,0.0,False,0.02441469666142422
calib,use,single,L24,logit_value,24,3.292117007943087e-09,-0.0014208611100912094,0.0013950956807959646,172,18,0.0,False,0.030001334559557037
calib,use,single,L24,noop_same_value,24,0.0,0.0,0.0,172,18,0.0,False,0.0
calib,use,single,L24,probe_basis,24,0.0008175894618034363,-0.0006433808584423627,0.0022453330237438515,172,18,0.0,False,0.1341301086810183
calib,use,single,L24,whole_state,24,0.0009084324850592503,-0.0022194595922800627,0.003999260511426699,172,18,0.011627906976744186,False,
calib,use,single,L31,cf_push_0.03,31,0.0,0.0,0.0,172,18,0.0,False,0.007106883336280927
calib,use,single,L31,cf_push_0.1,31,0.0,0.0,0.0,172,18,0.0,False,0.023689612231845427
calib,use,single,L31,cf_push_0.3,31,0.0,0.0,0.0,172,18,0.0,False,0.07106883628943632
calib,use,single,L31,cf_push_1,31,0.0,0.0,0.0,172,18,0.0,False,0.23689609150900398
calib,use,single,L31,gram_random,31,0.0,0.0,0.0,172,18,0.0,False,0.022403866931983863
calib,use,single,L31,clens_answer,31,0.0,0.0,0.0,172,18,0.0,False,0.027943768054129473
calib,use,single,L31,clens_offvalue,31,0.0,0.0,0.0,172,18,0.0,False,0.024692451060191696
calib,use,single,L31,clens_value,31,0.0,0.0,0.0,172,18,0.0,False,0.0271513877841102
calib,use,single,L31,logit_value,31,0.0,0.0,0.0,172,18,0.0,False,0.0271471517602176
calib,use,single,L31,noop_same_value,31,0.0,0.0,0.0,172,18,0.0,False,0.0
calib,use,single,L31,probe_basis,31,0.0,0.0,0.0,172,18,0.0,False,0.10636700775286188
calib,use,single,L31,whole_state,31,0.0,0.0,0.0,172,18,0.0,False,
calib,use,single,L8,cf_push_0.03,8,0.003452038868915203,0.000897482944690687,0.006086485356438991,172,18,0.005813953488372093,True,0.021283040137225113
calib,use,single,L8,cf_push_0.1,8,0.013626459206259527,0.004371296281793288,0.02307412711426962,172,18,0.01744186046511628,True,0.07094346805540629
calib,use,single,L8,cf_push_0.3,8,0.07757994497931281,0.04398896386908782,0.11341594966321156,172,18,0.05232558139534884,True,0.2128304121799247
calib,use,single,L8,cf_push_1,8,1.0590479642499324,0.7868492838999863,1.3616850742963194,172,18,0.2558139534883721,True,0.7094346763089646
calib,use,single,L8,gram_random,8,-0.00036337070686872616,-0.0020418993790041313,0.0015265790981122817,172,18,0.0,False,0.01985641075271287
calib,use,single,L8,clens_answer,8,0.0032703457183616107,0.0011673822827722832,0.005087204173553821,172,18,0.005813953488372093,True,0.03387591743558428
calib,use,single,L8,clens_offvalue,8,0.0015443343409272127,-0.0020259756190830437,0.004971590697426688,172,18,0.0,False,0.03940452115651308
calib,use,single,L8,clens_value,8,0.0022710766210112462,-0.0015443340290424437,0.00646552481613625,172,18,0.0,False,0.037383643709835275
calib,use,single,L8,logit_value,8,-2.2525011106979014e-09,-0.0018439266545768442,0.0018863233154357262,172,18,0.0,False,0.016060100703095537
calib,use,single,L8,noop_same_value,8,0.0,0.0,0.0,172,18,0.0,False,0.0
calib,use,single,L8,probe_basis,8,0.022710757893185284,0.010829588883559345,0.03565043497656832,172,18,0.011627906976744186,True,0.13152225365342624
calib,use,single,L8,whole_state,8,1.0590479642499324,0.7868492838999863,1.3616850742963194,172,18,0.2558139534883721,True,
test,answer,band,L16+24+31,cf_push_0.03,16,0.13468903346973307,0.11804834238812327,0.15113176196072373,408,42,0.02696078431372549,True,0.009644360412779612
test,answer,band,L16+24+31,cf_push_0.1,16,0.46534160612260594,0.4065319343408127,0.5235150697437861,408,42,0.0784313725490196,True,0.03214786942664753
test,answer,band,L16+24+31,cf_push_0.3,16,1.53791360418294,1.3192904790545383,1.7547560008218865,408,42,0.3382352941176471,True,0.09644360971801422
test,answer,band,L16+24+31,cf_push_1,16,4.464834172570822,3.8764021308709156,5.047949191241841,408,42,0.5563725490196079,True,0.3214786539548168
test,answer,band,L16+24+31,gram_random,16,-0.001225486470788133,-0.0038114577339772022,0.0012657064944505587,408,42,0.004901960784313725,False,0.025145825160581923
test,answer,band,L16+24+31,clens_answer,16,0.46465227168564704,0.3824430468964753,0.5428877691960915,408,42,0.19117647058823528,True,0.051743219757198776
test,answer,band,L16+24+31,clens_offvalue,16,7.659313725490196e-05,-0.010713317309506995,0.010187102196847691,408,42,0.022058823529411766,False,0.037595467744747174
test,answer,band,L16+24+31,clens_value,16,0.11772365291036811,0.09817773715592922,0.1378553641745208,408,42,0.03676470588235294,True,0.02921120639350083
test,answer,band,L16+24+31,logit_value,16,0.19638480662423022,0.15919467099021634,0.23860413225082783,408,42,0.049019607843137254,True,0.026682386563429316
test,answer,band,L16+24+31,noop_same_value,16,0.0,0.0,0.0,408,42,0.0,False,0.0
test,answer,band,L16+24+31,probe_basis,16,0.08226103510926752,0.05299668059866058,0.11302418276974235,408,42,0.031862745098039214,True,0.07849895567243427
test,answer,band,L16+24+31,whole_state,16,1.9869791710493612,1.6972255756141224,2.275986300726379,408,42,0.42892156862745096,True,
test,answer,band,L8+16+24,cf_push_0.03,8,0.07613358018445034,0.06719362946025191,0.08524604717073217,408,42,0.014705882352941176,True,0.002359697396362511
test,answer,band,L8+16+24,cf_push_0.1,8,0.269837628611747,0.23754583330803306,0.302178255849728,408,42,0.049019607843137254,True,0.007865658469324676
test,answer,band,L8+16+24,cf_push_0.3,8,0.9482996359321416,0.8162447652474953,1.081295265291948,408,42,0.20588235294117646,True,0.023596975867928683
test,answer,band,L8+16+24,cf_push_1,8,2.6759344355440606,2.3467395525164516,3.0108327091010416,408,42,0.5024509803921569,True,0.07865657801648565
test,answer,band,L8+16+24,gram_random,8,-0.0015318607728855283,-0.004079432031277365,0.0009767959030001474,408,42,0.0024509803921568627,False,0.02258450162077434
test,answer,band,L8+16+24,clens_answer,8,0.06851256266236305,0.05303187865391842,0.08589997509600278,408,42,0.0196078431372549,True,0.06450472988360256
test,answer,band,L8+16+24,clens_offvalue,8,0.0036764711725945564,-0.0015779257858570535,0.009533058063195236,408,42,0.0024509803921568627,False,0.05028556302902907
test,answer,band,L8+16+24,clens_value,8,0.03147978481708789,0.024268456668127627,0.038714420179476836,408,42,0.0024509803921568627,True,0.030135397070727057
test,answer,band,L8+16+24,logit_value,8,0.17593443758931815,0.14456752736770037,0.21179709097168942,408,42,0.03676470588235294,True,0.02420173882708403
test,answer,band,L8+16+24,noop_same_value,8,0.0,0.0,0.0,408,42,0.0,False,0.0
test,answer,band,L8+16+24,probe_basis,8,-0.0021063064535458884,-0.010543404178927218,0.006003996961406004,408,42,0.004901960784313725,False,0.06579909863795083
test,answer,band,L8+16+24,whole_state,8,1.9599417872434737,1.6806927749462572,2.2396446509708836,408,42,0.4166666666666667,True,
test,answer,single,L16,cf_push_0.03,16,0.029258577262654024,0.025304837772285253,0.03340136437928378,408,42,0.0,True,0.009644360412779612
test,answer,single,L16,cf_push_0.1,16,0.10049019702801518,0.08700884718667058,0.11480333951343161,408,42,0.02696078431372549,True,0.03214786942664753
test,answer,single,L16,cf_push_0.3,16,0.34202665967099805,0.2976718235119477,0.3886289769763995,408,42,0.061274509803921566,True,0.09644360971801422
test,answer,single,L16,cf_push_1,16,1.5037147689099406,1.267733969628424,1.7418303060018518,408,42,0.32107843137254904,True,0.3214786539548168
test,answer,single,L16,gram_random,16,-7.65922607160082e-05,-0.002924874457966518,0.0028972940619398854,408,42,0.0024509803921568627,False,0.025145825160581923
test,answer,single,L16,clens_answer,16,0.01221660451561797,0.005982271970772162,0.018963740653486966,408,42,0.03676470588235294,True,0.051743219757198776
test,answer,single,L16,clens_offvalue,16,6.500996795355105e-09,-0.004863660282217989,0.004995499239661373,408,42,0.012254901960784314,False,0.037595467744747174
test,answer,single,L16,clens_value,16,0.01799938659749779,0.01105126133694575,0.024886030542346328,408,42,0.007352941176470588,True,0.02921120639350083
test,answer,single,L16,logit_value,16,0.027420345328602137,0.019036738929408662,0.0363423688181523,408,42,0.014705882352941176,True,0.026682386563429316
test,answer,single,L16,noop_same_value,16,0.0,0.0,0.0,408,42,0.0,False,0.0
test,answer,single,L16,probe_basis,16,0.08030790660311193,0.04877171881996867,0.11247474288922216,408,42,0.024509803921568627,True,0.07849895567243427
test,answer,single,L16,whole_state,16,1.5037147689099406,1.267733969628424,1.7418303060018518,408,42,0.32107843137254904,True,
test,answer,single,L24,cf_push_0.03,24,0.046415443294772915,0.04108187928892611,0.05187197839337055,408,42,0.004901960784313725,True,0.012214679438757765
test,answer,single,L24,cf_push_0.1,24,0.1601179547461809,0.14070065023934053,0.17980389571110428,408,42,0.031862745098039214,True,0.040715599606069276
test,answer,single,L24,cf_push_0.3,24,0.541398591928038,0.4692276677781988,0.6132662413811117,408,42,0.09313725490196079,True,0.12214680099129385
test,answer,single,L24,cf_push_1,24,1.9599417872434737,1.6806927749462572,2.2396446509708836,408,42,0.4166666666666667,True,0.40715595911823066
test,answer,single,L24,gram_random,24,-1.972212510950425e-09,-0.001410322979250457,0.0014864569022228894,408,42,0.0024509803921568627,False,0.02408289722479392
test,answer,single,L24,clens_answer,24,0.5808440553499203,0.46680658821077575,0.6968019627196882,408,42,0.18627450980392157,True,0.0933008863431974
test,answer,single,L24,clens_offvalue,24,-0.00899969399267552,-0.019609050718697264,0.0008741659464911247,408,42,0.014705882352941176,False,0.05235020748086904
test,answer,single,L24,clens_value,24,0.14093137875783676,0.11147724342223797,0.17532021539164203,408,42,0.03431372549019608,True,0.07736015366456461
test,answer,single,L24,logit_value,24,0.1570159340021657,0.12514222414386506,0.19476944156586531,408,42,0.029411764705882353,True,0.06684356418428415
test,answer,single,L24,noop_same_value,24,0.0,0.0,0.0,408,42,0.0,False,0.0
test,answer,single,L24,probe_basis,24,0.09604779667421884,0.06830224537957753,0.12658918072483713,408,42,0.024509803921568627,True,0.10070126108276042
test,answer,single,L24,whole_state,24,1.9599417872434737,1.6806927749462572,2.2396446509708836,408,42,0.4166666666666667,True,
test,answer,single,L31,cf_push_0.03,31,0.05924479626849586,0.05087791494191138,0.0675535388883324,408,42,0.00980392156862745,True,0.005302152983894499
test,answer,single,L31,cf_push_0.1,31,0.19761029879252115,0.16918582924632514,0.22603226809321153,408,42,0.029411764705882353,True,0.017673844110914598
test,answer,single,L31,cf_push_0.3,31,0.594860598152759,0.5084941717381357,0.6808317092736147,408,42,0.09068627450980392,True,0.0530215329490602
test,answer,single,L31,cf_push_1,31,1.9869791710493612,1.6972255756141224,2.275986300726379,408,42,0.42892156862745096,True,0.17673841817304492
test,answer,single,L31,gram_random,31,0.0009957131217507755,0.00018871370433033377,0.001808877424952111,408,42,0.007352941176470588,True,0.024278001121812172
test,answer,single,L31,clens_answer,31,1.9871323584195446,1.6983234116955117,2.2753493852539504,408,42,0.6029411764705882,True,0.03186210910131998
test,answer,single,L31,clens_offvalue,31,0.01233149699720682,0.0017821622920044012,0.024448914558754562,408,42,0.022058823529411766,True,0.024732252405339425
test,answer,single,L31,clens_value,31,0.052925854044802045,0.02415355764855833,0.0865314856391117,408,42,0.03431372549019608,True,0.0252043339916674
test,answer,single,L31,logit_value,31,0.053002447182056954,0.02422809402620339,0.08661101240291931,408,42,0.03431372549019608,True,0.025203534175960853
test,answer,single,L31,noop_same_value,31,0.0,0.0,0.0,408,42,0.0,False,0.0
test,answer,single,L31,probe_basis,31,0.020373776774196065,0.00030691793619705546,0.042357728045612504,408,42,0.06862745098039216,True,0.06277057673577413
test,answer,single,L31,whole_state,31,1.9869791710493612,1.6972255756141224,2.275986300726379,408,42,0.42892156862745096,True,
test,answer,single,L8,cf_push_0.03,8,0.000880823269778607,0.00019148283218051873,0.0015778954539980208,408,42,0.0024509803921568627,True,0.002359697396362511
test,answer,single,L8,cf_push_0.1,8,0.0018765345654066872,0.0009100863558647473,0.0028479999526417605,408,42,0.0,True,0.007865658469324676
test,answer,single,L8,cf_push_0.3,8,0.004327517221955692,0.0023555286603057805,0.006165953393453675,408,42,0.0024509803921568627,True,0.023596975867928683
test,answer,single,L8,cf_push_1,8,0.01589308065526626,0.010250284317955851,0.021349333245906797,408,42,0.004901960784313725,True,0.07865657801648565
test,answer,single,L8,gram_random,8,-0.00022977459080079023,-0.001462432720097415,0.001067080879356803,408,42,0.0,False,0.02258450162077434
test,answer,single,L8,clens_answer,8,-0.0029105363669348697,-0.005450070296434003,-0.00018691085562928177,408,42,0.0024509803921568627,False,0.06450472988360256
test,answer,single,L8,clens_offvalue,8,-7.658955805441913e-05,-0.0038505534045159807,0.0037725364835513183,408,42,0.004901960784313725,False,0.05028556302902907
test,answer,single,L8,clens_value,8,-0.001991418208561692,-0.004022273034004882,3.8125848689217304e-05,408,42,0.0024509803921568627,False,0.030135397070727057
test,answer,single,L8,logit_value,8,-0.00019147933698167988,-0.0018767574436636602,0.0014770414814657443,408,42,0.0024509803921568627,False,0.02420173882708403
test,answer,single,L8,noop_same_value,8,0.0,0.0,0.0,408,42,0.0,False,0.0
test,answer,single,L8,probe_basis,8,-0.003178614611719169,-0.008822132120838305,0.0023713303350953504,408,42,0.0,False,0.06579909863795083
test,answer,single,L8,whole_state,8,0.01589308065526626,0.010250284317955851,0.021349333245906797,408,42,0.004901960784313725,True,
test,use,band,L16+24+31,cf_push_0.03,16,0.0011106045076660083,-3.848938704664718e-05,0.0022487564355897468,408,42,0.0,False,0.02036888556162297
test,use,band,L16+24+31,cf_push_0.1,16,0.0031786195787729,0.0005414006067019744,0.005954191528116036,408,42,0.0024509803921568627,True,0.06789628694783531
test,use,band,L16+24+31,cf_push_0.3,16,0.014476106447332045,0.006757504202243758,0.023091216211189782,408,42,0.004901960784313725,True,0.2036888675362456
test,use,band,L16+24+31,cf_push_1,16,0.07739736826396455,0.05194258221137915,0.10846532394290027,408,42,0.022058823529411766,True,0.6789628552893797
test,use,band,L16+24+31,gram_random,16,0.000229777804776734,-0.0006643249423900231,0.0011377393114335328,408,42,0.0,False,0.023936754717326984
test,use,band,L16+24+31,clens_answer,16,0.0006893433484376646,-0.00030491377907127697,0.0017530530000605235,408,42,0.0,False,0.02242187513230736
test,use,band,L16+24+31,clens_offvalue,16,-0.00030636845850477034,-0.0012315250896467952,0.0006860651755335792,408,42,0.0,False,0.02404855298860665
test,use,band,L16+24+31,clens_value,16,0.0009574201323238074,6.363268658472922e-09,0.001856437685097208,408,42,0.0,True,0.024171732151566133
test,use,band,L16+24+31,logit_value,16,0.0010340098364680422,3.662520816715642e-05,0.0020498075587029505,408,42,0.0024509803921568627,True,0.027364458175789426
test,use,band,L16+24+31,noop_same_value,16,0.0,0.0,0.0,408,42,0.0,False,0.0
test,use,band,L16+24+31,probe_basis,16,0.00876991801402148,0.003109457332695575,0.015512196772994051,408,42,0.004901960784313725,True,0.10120434544984314
test,use,band,L16+24+31,whole_state,16,0.07230392412519922,0.04551241895874869,0.10353507228020502,408,42,0.0196078431372549,True,
test,use,band,L8+16+24,cf_push_0.03,8,0.0026041718528551213,0.00011603474285047834,0.00529757240662325,408,42,0.0024509803921568627,True,0.02138460020753829
test,use,band,L8+16+24,cf_push_0.1,8,0.013710175366962658,0.005425462570830519,0.02275997247875566,408,42,0.00980392156862745,True,0.07128200249052515
test,use,band,L8+16+24,cf_push_0.3,8,0.08524816256819986,0.05404076833798423,0.11881038644103611,408,42,0.03676470588235294,True,0.21384601415518453
test,use,band,L8+16+24,cf_push_1,8,1.0886948554247033,0.8724866906707388,1.3084615648239886,408,42,0.22549019607843138,True,0.712820012633707
test,use,band,L8+16+24,gram_random,8,0.0011871927509120867,-0.000682726903952413,0.003603222039699897,408,42,0.0,False,0.024387820280783935
test,use,band,L8+16+24,clens_answer,8,0.003599874821363711,0.0016385565421767438,0.0058213206579430365,408,42,0.004901960784313725,True,0.03566110073462237
test,use,band,L8+16+24,clens_offvalue,8,0.006318935941831738,0.003793541785076405,0.00918462041420715,408,42,0.0,True,0.037812594527845286
test,use,band,L8+16+24,clens_value,8,0.001340383554206175,-0.0015314922261805408,0.004175142937959315,408,42,0.0,False,0.037415773703641034
test,use,band,L8+16+24,logit_value,8,5.62445790159936e-09,-0.0014792376547511962,0.00167704238948719,408,42,0.0024509803921568627,False,0.0230760021715911
test,use,band,L8+16+24,noop_same_value,8,0.0,0.0,0.0,408,42,0.0,False,0.0
test,use,band,L8+16+24,probe_basis,8,0.005131742533515482,-0.0005029685802968332,0.01154217272809702,408,42,0.012254901960784314,False,0.11897700927323472
test,use,band,L8+16+24,whole_state,8,1.0729166658631726,0.8624806636616698,1.2913264774314128,408,42,0.21568627450980393,True,
test,use,single,L16,cf_push_0.03,16,0.0017233504091992097,0.0006791890604452108,0.0028684607988028114,408,42,0.0024509803921568627,True,0.02036888556162297
test,use,single,L16,cf_push_0.1,16,0.004136033648369359,0.0016933554755936703,0.006931790523979294,408,42,0.0024509803921568627,True,0.06789628694783531
test,use,single,L16,cf_push_0.3,16,0.01585478364836936,0.008189857747514271,0.024582402438462592,408,42,0.007352941176470588,True,0.2036888675362456
test,use,single,L16,cf_push_1,16,0.07130821443655912,0.044666581685817955,0.10259323656963011,408,42,0.024509803921568627,True,0.6789628552893797
test,use,single,L16,gram_random,16,0.00034467203944337134,-0.0005003060429847886,0.0012637882657787378,408,42,0.0,False,0.023936754717326984
test,use,single,L16,clens_answer,16,0.0006510450267324261,-0.00023204835113322381,0.001531866127077271,408,42,0.0,False,0.02242187513230736
test,use,single,L16,clens_offvalue,16,-0.00019148160137382207,-0.0009812747294776106,0.0006068677937366257,408,42,0.0,False,0.02404855298860665
test,use,single,L16,clens_value,16,0.0009957118069424348,7.772230534525693e-05,0.0019724633175842833,408,42,0.0,True,0.024171732151566133
test,use,single,L16,logit_value,16,0.000880823269778607,-0.00015552703923171968,0.0018755066114855847,408,42,0.0024509803921568627,False,0.027364458175789426
test,use,single,L16,noop_same_value,16,0.0,0.0,0.0,408,42,0.0,False,0.0
test,use,single,L16,probe_basis,16,0.008961397789272607,0.002886292820223475,0.015925590352768575,408,42,0.004901960784313725,True,0.10120434544984314
test,use,single,L16,whole_state,16,0.07130821443655912,0.044666581685817955,0.10259323656963011,408,42,0.024509803921568627,True,
test,use,single,L24,cf_push_0.03,24,0.00045955999224793676,-0.00030343192937163526,0.0012196627717833942,408,42,0.0,False,0.018425052517605033
test,use,single,L24,cf_push_0.1,24,0.0001914818205085455,-0.0006794302574257584,0.0011602702707347303,408,42,0.0,False,0.061416843339946924
test,use,single,L24,cf_push_0.3,24,-0.0006510421779810213,-0.0017705394739034098,0.0004254861121862268,408,42,0.0,False,0.18425053507820063
test,use,single,L24,cf_push_1,24,-0.002068011857130948,-0.0047725428398013095,0.0005058647630531658,408,42,0.0,False,0.6141684096233517
test,use,single,L24,gram_random,24,-0.00011488809889438106,-0.000981531716608575,0.0006967675645560735,408,42,0.0,False,0.023507738304715416
test,use,single,L24,clens_answer,24,-0.00011488444664899041,-0.0008466712102807801,0.0005801372746429821,408,42,0.0024509803921568627,False,0.030233634824589312
test,use,single,L24,clens_offvalue,24,0.0006510416666666666,-0.00018782562976658057,0.0014844181696634464,408,42,0.0,False,0.031173311196308052
test,use,single,L24,clens_value,24,0.00015319021893482582,-0.0005744464257184197,0.0009147541057131377,408,42,0.0,False,0.033896323378249375
test,use,single,L24,logit_value,24,7.659554773685978e-05,-0.0007659257079164187,0.0008766351877085926,408,42,0.0,False,0.03784317713056918
test,use,single,L24,noop_same_value,24,0.0,0.0,0.0,408,42,0.0,False,0.0
test,use,single,L24,probe_basis,24,0.0013020885925666959,7.811956298514386e-05,0.002487565821676112,408,42,0.0,True,0.10591334188326326
test,use,single,L24,whole_state,24,-0.002068011857130948,-0.0047725428398013095,0.0005058647630531658,408,42,0.0,False,
test,use,single,L31,cf_push_0.03,31,0.0,0.0,0.0,408,42,0.0,False,0.007103444009736253
test,use,single,L31,cf_push_0.1,31,0.0,0.0,0.0,408,42,0.0,False,0.023678147722510437
test,use,single,L31,cf_push_0.3,31,0.0,0.0,0.0,408,42,0.0,False,0.07103444419472534
test,use,single,L31,cf_push_1,31,0.0,0.0,0.0,408,42,0.0,False,0.236781448107578
test,use,single,L31,gram_random,31,0.0,0.0,0.0,408,42,0.0,False,0.025267779819576532
test,use,single,L31,clens_answer,31,0.0,0.0,0.0,408,42,0.0,False,0.029317610954530903
test,use,single,L31,clens_offvalue,31,0.0,0.0,0.0,408,42,0.0,False,0.02631722108864851
test,use,single,L31,clens_value,31,0.0,0.0,0.0,408,42,0.0,False,0.02865755290827457
test,use,single,L31,logit_value,31,0.0,0.0,0.0,408,42,0.0,False,0.02866094305895002
test,use,single,L31,noop_same_value,31,0.0,0.0,0.0,408,42,0.0,False,0.0
test,use,single,L31,probe_basis,31,0.0,0.0,0.0,408,42,0.0,False,0.09987083285182674
test,use,single,L31,whole_state,31,0.0,0.0,0.0,408,42,0.0,False,
test,use,single,L8,cf_push_0.03,8,0.0017616450056141498,-0.00037933695911027896,0.004001547597213518,408,42,0.0,False,0.02138460020753829
test,use,single,L8,cf_push_0.1,8,0.009727327993103102,0.002809080864781114,0.017158004041862292,408,42,0.007352941176470588,True,0.07128200249052515
test,use,single,L8,cf_push_0.3,8,0.06851256171277925,0.04172920359008462,0.09692071719994,408,42,0.03431372549019608,True,0.21384601415518453
test,use,single,L8,cf_push_1,8,1.0662147684716712,0.8572524513917449,1.286289063506737,408,42,0.22058823529411764,True,0.712820012633707
test,use,single,L8,gram_random,8,0.0009957129026160522,-0.0006575697582384076,0.003132553981216981,408,42,0.0,False,0.024387820280783935
test,use,single,L8,clens_answer,8,0.002757353160311194,0.0007735158233801917,0.004989252329147961,408,42,0.007352941176470588,True,0.03566110073462237
test,use,single,L8,clens_offvalue,8,0.007314645484382031,0.0047486016026951254,0.010050209169904968,408,42,0.0,True,0.037812594527845286
test,use,single,L8,clens_value,8,0.002259503392612233,-0.0003072800236611147,0.004763942059739541,408,42,0.0,False,0.037415773703641034
test,use,single,L8,logit_value,8,-0.000919111219106936,-0.00257852043740782,0.0008509749255519877,408,42,0.0024509803921568627,False,0.0230760021715911
test,use,single,L8,noop_same_value,8,0.0,0.0,0.0,408,42,0.0,False,0.0
test,use,single,L8,probe_basis,8,0.006089158648369359,0.0006440763886454677,0.012315539554423549,408,42,0.014705882352941176,True,0.11897700927323472
test,use,single,L8,whole_state,8,1.0662147684716712,0.8572524513917449,1.286289063506737,408,42,0.22058823529411764,True,
