split,position,site_kind,site,variant,n_families,min_family_delta,max_family_delta,all_families_positive,all_families_ci_positive,delta_affine,ci_lo_affine,delta_index,ci_lo_index,delta_modulus,ci_lo_modulus,delta_mul_sub,ci_lo_mul_sub,delta_threshold,ci_lo_threshold
calib,answer,band,L16+24+31,cf_push_0.03,5,0.017361107799741957,0.3763020750549104,True,False,0.3763020750549104,0.29469398318065537,0.017361107799741957,-0.005653234405650033,0.15854779236456928,0.11717600958312259,0.05052084922790527,-0.002604182759920756,0.03472222305006451,0.022135416666666668
calib,answer,band,L16+24+31,cf_push_0.1,5,0.058159715599483915,1.310763880610466,True,False,1.310763880610466,1.017773448717263,0.058159715599483915,-0.015201852387852138,0.5376838165171006,0.395220581222983,0.1723958651224772,-0.017187476257483163,0.11067708250549105,0.06553819440305234
calib,answer,band,L16+24+31,cf_push_0.3,5,0.1697048544883728,4.498263892200258,True,False,4.498263892200258,3.404448773297999,0.1697048544883728,-0.048621958742539086,1.6484374947407667,1.2136488935964949,0.5635416706403097,-0.07714843809604645,0.3307291641831398,0.19748263799895843
calib,answer,band,L16+24+31,cf_push_1,5,0.6119791666666666,12.539930552244186,True,False,12.539930552244186,9.742502157141764,0.6119791666666666,-0.12241753430830107,5.015165446435704,3.716164988279343,1.645312523841858,-0.18598956326643626,1.0889756985836558,0.6631727495955096
calib,answer,band,L16+24+31,gram_random,5,-0.0017361102832688226,0.006893373587552239,False,False,0.005642349521319072,-0.010850694858365588,-0.0008680688010321723,-0.004340294334623549,0.006893373587552239,-0.00321692053009482,-0.001562488079071045,-0.006249980131785075,-0.0017361102832688226,-0.0047743039205670355
calib,answer,band,L16+24+31,jlens_answer,5,-0.013020837472544776,1.3302951355775197,False,False,1.3302951355775197,0.8866753472222222,0.036458333333333336,-0.04036456685927179,0.5464154306580039,0.35983455312602664,0.2619791825612386,-0.07656250019868216,-0.013020837472544776,-0.05904948647237486
calib,answer,band,L16+24+31,jlens_offvalue,5,-0.021354146798451743,0.04730901949935489,False,False,0.04730901949935489,-0.015190977561804984,-0.015190975533591377,-0.03342011960016356,0.015624989481533276,-0.015165453448015101,-0.021354146798451743,-0.06667964855829873,0.0013020800219641791,-0.0021701488229963514
calib,answer,band,L16+24+31,jlens_value,5,-0.0030381811989678275,0.3368055489328172,False,False,0.3368055489328172,0.15666229468252924,-0.0030381811989678275,-0.019965274466408625,0.14935661414090326,0.06939337875913172,0.017187527815500894,-0.011458309590816498,-0.000868054727713267,-0.005642364422480266
calib,answer,band,L16+24+31,logit_value,5,-0.005208331677648757,0.4878472139437993,False,False,0.4878472139437993,0.21308593563735484,-0.005208330021964179,-0.042100681364536284,0.282169115893981,0.1764590995714945,0.06770835717519125,0.028111999134222666,-0.005208331677648757,-0.020833333333333332
calib,answer,band,L16+24+31,noop_same_value,5,0.0,0.0,False,False,0.0,0.0,0.0,0.0,0.0,0.0,0.0,0.0,0.0,0.0
calib,answer,band,L16+24+31,probe_basis,5,0.016927082505491044,0.4223090194993549,True,False,0.4223090194993549,0.2877495562864674,0.02256943451033698,-0.006076395594411426,0.2238051365403568,0.1594554086380145,0.07604169050852458,-0.01042966773112615,0.016927082505491044,0.006510415838824378
calib,answer,band,L16+24+31,whole_state,5,0.17100693782170615,5.717881937821706,True,False,5.717881937821706,4.269661437968413,0.17100693782170615,-0.09463974999056922,2.0606617541874157,1.499977018465014,0.7479167064030965,-0.103150994181633,0.399305553899871,0.244769965360562
calib,answer,band,L8+16+24,cf_push_0.03,5,0.013454854488372803,0.2061631977558136,True,False,0.2061631977558136,0.15972223178380066,0.013454854488372803,-0.0013020867274867165,0.09742647409439087,0.07169118506066939,0.028125003973642985,-0.00312502384185791,0.02039930721124013,0.010850700984398524
calib,answer,band,L8+16+24,cf_push_0.1,5,0.03993053899870978,0.743923607799742,True,False,0.743923607799742,0.577235247567296,0.03993053899870978,-0.007389349076482985,0.33409926645896015,0.2481502738507355,0.10052083730697632,-0.008854175011316934,0.07161458084980647,0.04165581282642153
calib,answer,band,L8+16+24,cf_push_0.3,5,0.12065971559948391,2.805121516187986,True,False,2.805121516187986,2.13799910073479,0.12065971559948391,-0.021267361525032256,1.0367646953638863,0.7540555980275658,0.3463541865348816,-0.05001301656166712,0.2148437491721577,0.1276041683016552
calib,answer,band,L8+16+24,cf_push_1,5,0.4409722288449605,7.579861104488373,True,False,7.579861104488373,6.022308992097774,0.4409722288449605,-0.0325520734820101,3.0275735311648426,2.256893384018365,0.9656250278155009,-0.11096353739500045,0.6896701413724158,0.41358506944444445
calib,answer,band,L8+16+24,gram_random,5,-0.001302084161175622,0.007812496493844425,False,False,0.006944447755813599,-0.013454851590924792,0.0017361011770036486,-0.0017361309793260363,0.007812496493844425,-0.0018382335848668042,-0.0010416467984517416,-0.006770813564459482,-0.001302084161175622,-0.004340279433462355
calib,answer,band,L8+16+24,jlens_answer,5,0.008854198455810546,0.2647569411330753,True,False,0.2647569411330753,0.16839192393753263,0.02777778108914693,-0.006944437821706136,0.02527572477565092,-0.003228416162378647,0.008854198455810546,-0.006249988178412119,0.009548608627584245,0.00043402777777777775
calib,answer,band,L8+16+24,jlens_offvalue,5,-0.0055147058823529415,0.017361107799741957,False,False,0.017361107799741957,-0.006944449411498176,0.004774295621448093,-0.0030381911330752904,-0.0055147058823529415,-0.021139700666946523,0.0020833412806193032,-0.004166666666666667,0.0008680530720286899,-0.002170143048796389
calib,answer,band,L8+16+24,jlens_value,5,-0.0057291388511657715,0.10329860614405738,False,False,0.10329860614405738,0.029513888847496773,0.0021701455116271973,-0.005642357799741957,0.03676469711696401,-0.009191178223666023,-0.0057291388511657715,-0.0166666508714358,-0.001302085816860199,-0.004340281089146932
calib,answer,band,L8+16+24,logit_value,5,-0.002170138888888889,0.4839409672551685,False,False,0.4839409672551685,0.21047091517183517,0.009548611111111112,-0.019531240148676764,0.2757352906114915,0.16681985469425425,0.009895861148834229,-0.015625,-0.002170138888888889,-0.0069444452929827895
calib,answer,band,L8+16+24,noop_same_value,5,0.0,0.0,False,False,0.0,0.0,0.0,0.0,0.0,0.0,0.0,0.0,0.0,0.0
calib,answer,band,L8+16+24,probe_basis,5,-0.044270839956071645,0.0017361086275842455,False,False,-0.044270839956071645,-0.07161459339161715,0.0004340178436703152,-0.006944457772705291,-0.014705892871407902,-0.039533559978008274,0.0005208452542622884,-0.015624996324380238,0.0017361086275842455,-0.001302087472544776
calib,answer,band,L8+16+24,whole_state,5,0.1762152678436703,5.664062495032947,True,False,5.664062495032947,4.226540796375937,0.1762152678436703,-0.08293186095025804,2.0643382195164177,1.50274585003362,0.7666666905085245,-0.08130208720763524,0.3771701388888889,0.230902778584924
calib,answer,single,L16,cf_push_0.03,5,0.005208333333333333,0.07986112104521857,True,False,0.07986112104521857,0.06119792490369744,0.005208333333333333,-0.003038184510336982,0.04273896182284636,0.03079043241108165,0.008854198455810546,-0.002083313465118408,0.011718747516473135,0.006944443616602156
calib,answer,single,L16,cf_push_0.1,5,0.01996528771188524,0.2829861094554265,True,False,0.2829861094554265,0.22005209947625795,0.01996528771188524,-0.003917090594768523,0.13465071776333978,0.09511716137914096,0.03281253178914388,-0.003138020733992258,0.035590281089146934,0.020399308784140483
calib,answer,single,L16,cf_push_0.3,5,0.07204861442248027,1.0329861028326883,True,False,1.0329861028326883,0.8103298642983039,0.07204861442248027,0.004763461152712505,0.43658087358755227,0.3101907012217185,0.10937501192092895,-0.017721349596977232,0.1041666641831398,0.05989583743115266
calib,answer,single,L16,cf_push_1,5,0.22439233793152702,4.701822910043928,True,False,4.701822910043928,3.568945304180185,0.22439233793152702,0.004296838409370849,1.5781249947407667,1.1148667261004448,0.4322916944821676,-0.10526038140058516,0.3411458291941219,0.19703776033388243
calib,answer,single,L16,gram_random,5,-0.0010416388511657714,0.011029402999316944,False,False,0.0026041782564587062,-0.012586807252632247,-0.0008680754237704807,-0.003906279802322388,0.011029402999316944,0.004124523304841098,-0.0010416388511657714,-0.006249956389268239,-0.00043402860562006634,-0.003038195272286733
calib,answer,single,L16,jlens_answer,5,-0.0464154394233928,0.014322907560401492,False,False,0.012152784400516085,-0.0004340261634853151,0.006076388888888889,-0.008691405918863084,-0.0464154394233928,-0.08504135845338597,-0.007812472184499105,-0.022916623254617057,0.014322907560401492,0.006944437801010079
calib,answer,single,L16,jlens_offvalue,5,-0.00885413885116577,0.029411762952804565,False,False,-0.0004340228107240465,-0.02343749548825953,-0.005642351177003648,-0.01866318467590544,0.029411762952804565,0.005974271674366558,-0.00885413885116577,-0.03230467905600865,0.0021701397167311776,-0.0013020849890179103
calib,answer,single,L16,jlens_value,5,-0.005974271718193503,0.056423616078164845,False,False,0.056423616078164845,0.014756923789779346,-0.004774302244186401,-0.012586799015601476,-0.005974271718193503,-0.04273897413821781,0.0041666785875956215,-0.0046874722838401795,-0.0004340302613046434,-0.0030381961208250786
calib,answer,single,L16,logit_value,5,-0.00303819692797131,0.0850694477558136,False,False,0.0850694477558136,0.03731555992530452,-1.9868214925130207e-08,-0.004774335357877944,0.06341911589398104,0.017922797623802635,0.009375027815500895,-0.0031249881784121193,-0.00303819692797131,-0.00607639385594262
calib,answer,single,L16,noop_same_value,5,0.0,0.0,False,False,0.0,0.0,0.0,0.0,0.0,0.0,0.0,0.0,0.0,0.0
calib,answer,single,L16,probe_basis,5,0.019531249172157712,0.4262152827448315,True,False,0.4262152827448315,0.29121093298825956,0.026041663355297513,-0.0056423613594637975,0.23437499123461106,0.17416129638166988,0.07656252384185791,-0.007330716848373411,0.019531249172157712,0.0082465261220932
calib,answer,single,L16,whole_state,5,0.22439233793152702,4.701822910043928,True,False,4.701822910043928,3.568945304180185,0.22439233793152702,0.004296838409370849,1.5781249947407667,1.1148667261004448,0.4322916944821676,-0.10526038140058516,0.3411458291941219,0.19703776033388243
calib,answer,single,L24,cf_push_0.03,5,0.0052083200878567165,0.12239582671059503,True,False,0.12239582671059503,0.09287107479241159,0.0052083200878567165,-0.004340301371283001,0.05928309349452748,0.04273897930979729,0.018229182561238608,-0.001562496026357015,0.010850693616602156,0.005642360283268822
calib,answer,single,L24,cf_push_0.1,5,0.01909721891085307,0.4292534755335914,True,False,0.4292534755335914,0.32637805802126724,0.01909721891085307,-0.007823356986045837,0.19577205181121826,0.1419921840376714,0.06354169448216757,-0.0015624645352363587,0.037760412527455225,0.022569444423748388
calib,answer,single,L24,cf_push_0.3,5,0.055121527777777776,1.4908854232894049,True,False,1.4908854232894049,1.1254340406921175,0.055121527777777776,-0.023871527943346234,0.6029411799767438,0.4425551714266048,0.21354167858759562,-0.015625000099341074,0.1128472238779068,0.0694444469279713
calib,answer,single,L24,cf_push_1,5,0.1762152678436703,5.664062495032947,True,False,5.664062495032947,4.226540796375937,0.1762152678436703,-0.08293186095025804,2.0643382195164177,1.50274585003362,0.7666666905085245,-0.08130208720763524,0.3771701388888889,0.230902778584924
calib,answer,single,L24,gram_random,5,-0.00468746821085612,0.0021701372332043117,False,False,0.0021701372332043117,-0.006510419978035821,-0.00043404102325439453,-0.0030382044613361356,-0.0027573669657987706,-0.010110311692251878,-0.00468746821085612,-0.010416642824808756,-0.00043402860562006634,-0.004340277777777778
calib,answer,single,L24,jlens_answer,5,0.01562501589457194,1.914930550588502,True,False,1.914930550588502,1.3159613542258741,0.07421874668863085,-0.06294486216372913,0.3469669065054725,0.21596966057139286,0.01562501589457194,-0.056770817438761396,0.04947916583882438,0.028645834099087452
calib,answer,single,L24,jlens_offvalue,5,-0.023003465599483915,0.03559027281072405,False,False,0.03559027281072405,-0.03949652951624658,-0.023003465599483915,-0.039062496936983535,0.006433816517100614,-0.02205883238245459,-0.00937497615814209,-0.027083305815855663,-0.0017361127667956883,-0.0052191904849476275
calib,answer,single,L24,jlens_value,5,-0.011458305517832439,0.4292534738779068,False,False,0.4292534738779068,0.14799265426894032,0.01085069113307529,-0.013454857882526186,0.17141544468262615,0.07488512414343217,-0.011458305517832439,-0.045312460561593375,0.0013020825054910448,-0.0017361160988608997
calib,answer,single,L24,logit_value,5,-0.0030381961001290213,0.4309895717435413,False,False,0.4309895717435413,0.16011284391085306,0.009114570087856717,-0.020399305638339783,0.23805146532900193,0.1309627705198877,-0.0015624801317850748,-0.022395809491475422,-0.0030381961001290213,-0.007378474705749088
calib,answer,single,L24,noop_same_value,5,0.0,0.0,False,False,0.0,0.0,0.0,0.0,0.0,0.0,0.0,0.0,0.0,0.0
calib,answer,single,L24,probe_basis,5,-0.026909725533591375,0.3420138938559426,False,False,0.3420138938559426,0.24087455223004023,-0.026909725533591375,-0.07684462749295765,0.19393382878864512,0.09235983828411383,0.04322918653488159,-0.005729139149188996,0.03993055638339785,0.013888892158865929
calib,answer,single,L24,whole_state,5,0.1762152678436703,5.664062495032947,True,False,5.664062495032947,4.226540796375937,0.1762152678436703,-0.08293186095025804,2.0643382195164177,1.50274585003362,0.7666666905085245,-0.08130208720763524,0.3771701388888889,0.230902778584924
calib,answer,single,L31,cf_push_0.03,5,0.005642364422480266,0.1684027744664086,True,False,0.1684027744664086,0.1263020717021492,0.005642364422480266,-0.0030381977558135986,0.061580891118330115,0.04365810896543895,0.021354178587595623,-0.004166670739650726,0.0134548619389534,0.008235676358971331
calib,answer,single,L31,cf_push_0.1,5,0.01736109455426534,0.567274295621448,True,False,0.567274295621448,0.4244465980264876,0.01736109455426534,-0.011284725699159835,0.2063419100116281,0.148897062329685,0.07291669845581054,-0.009895809789498647,0.03993055555555555,0.024305556362701788
calib,answer,single,L31,cf_push_0.3,5,0.05121526453230116,1.709201392200258,True,False,1.709201392200258,1.2780707316266167,0.05121526453230116,-0.027788647760947544,0.6185661764705882,0.4512752773568911,0.2244791825612386,-0.02865883817275365,0.11935763640536202,0.07204860945542653
calib,answer,single,L31,cf_push_1,5,0.17100693782170615,5.717881937821706,True,False,5.717881937821706,4.269661437968413,0.17100693782170615,-0.09463974999056922,2.0606617541874157,1.499977018465014,0.7479167064030965,-0.103150994181633,0.399305553899871,0.244769965360562
calib,answer,single,L31,gram_random,5,-0.002083313465118408,0.0022977835991803337,False,False,0.0021701372332043117,-0.003472202354007297,-0.00043403771188524034,-0.0034722256163756053,0.0022977835991803337,-1.57777000876034e-08,-0.002083313465118408,-0.005208297669887543,-0.0004340269499354892,-0.0034722222429182793
calib,answer,single,L31,jlens_answer,5,0.17274304231007895,5.71961806052261,True,False,5.71961806052261,4.270182293198174,0.17274304231007895,-0.09245879045791096,2.0583639635759243,1.499540439291912,0.7515625119209289,-0.1005468632777532,0.3971354199780358,0.24174262564629315
calib,answer,single,L31,jlens_offvalue,5,-0.035416634877522786,0.042968745032946266,False,False,0.042968745032946266,-0.01649304251703951,-0.013888892200258043,-0.0355902712378237,-0.015165444682626164,-0.02895220597000683,-0.035416634877522786,-0.08229164322217306,-0.0004340294334623549,-0.004340279433462355
calib,answer,single,L31,jlens_value,5,-0.064797802883036,0.10373264054457347,False,False,0.10373264054457347,-0.019986974406573505,-0.017361101177003648,-0.09289279497332044,-0.064797802883036,-0.1319048784673214,0.08281251589457193,0.03125001589457194,-0.023871525294250913,-0.057291658450331955
calib,answer,single,L31,logit_value,5,-0.06479779587072484,0.103732630610466,False,False,0.103732630610466,-0.01998697473771042,-0.017361104488372803,-0.0928928015132745,-0.06479779587072484,-0.1319048730766072,0.08281251589457193,0.03125001589457194,-0.023437495860788558,-0.05642360291547246
calib,answer,single,L31,noop_same_value,5,0.0,0.0,False,False,0.0,0.0,0.0,0.0,0.0,0.0,0.0,0.0,0.0,0.0
calib,answer,single,L31,probe_basis,5,-0.026041634877522788,0.1341145849890179,False,False,0.1341145849890179,0.01603733826842573,0.0039062433772616917,-0.03821615278720855,0.027113963575924143,-0.05882354523329174,-0.026041634877522788,-0.14947913497686385,0.0099826380610466,-0.03949652783986595
calib,answer,single,L31,whole_state,5,0.17100693782170615,5.717881937821706,True,False,5.717881937821706,4.269661437968413,0.17100693782170615,-0.09463974999056922,2.0606617541874157,1.499977018465014,0.7479167064030965,-0.103150994181633,0.399305553899871,0.244769965360562
calib,answer,single,L8,cf_push_0.03,5,-0.0008680654896630181,0.0013020800219641791,False,False,0.0013020800219641791,-0.0017360897113879521,-0.0008680654896630181,-0.003038220935397678,0.0009191106347476735,-0.0018382405533510096,0.0010416944821675619,-0.0015624761581420898,8.27842288547092e-10,-0.0026041666666666665
calib,answer,single,L8,cf_push_0.1,5,0.0004340261220932007,0.0039062433772616917,True,False,0.0039062433772616917,0.0017360995213190715,0.0013020800219641791,-0.0026041371954811945,0.0032169100116280947,-0.0009191264124477611,0.0010416785875956218,-0.00156249205271403,0.0004340261220932007,-0.0030382011085748673
calib,answer,single,L8,cf_push_0.3,5,-0.0017361086275842455,0.007378485467698839,False,False,0.007378485467698839,0.0008680704153246349,0.005208333333333333,-0.0004340311719311608,0.007352937670315013,-0.0009191211532143986,0.0031250317891438804,-0.003124988079071045,-0.0017361086275842455,-0.005208331677648757
calib,answer,single,L8,cf_push_1,5,-0.005642360283268822,0.029079859455426533,False,False,0.029079859455426533,0.008246537463532553,0.01519096228811476,-0.0013020901216400994,0.028033081222982967,0.004584080024677166,0.009895829359690349,-0.00625002384185791,-0.005642360283268822,-0.01563585702743795
calib,answer,single,L8,gram_random,5,-0.000868045621448093,0.0036764653290019315,False,False,0.0021701339218351576,-0.008257397760947546,-0.000868045621448093,-0.0039062467714150746,0.0036764653290019315,-0.001378680020570755,-0.0005208094914754232,-0.003645829459031423,0.0008680530720286899,-0.002170142200258043
calib,answer,single,L8,jlens_answer,5,-0.006510416666666667,0.00737846228811476,False,False,-0.006510416666666667,-0.013020833333333334,0.00737846228811476,0.0013020634651184082,0.001838238800273222,-0.008272055361200781,0.0015625238418579101,-0.004687492152055104,-0.0008680596947669983,-0.004785165915058718
calib,answer,single,L8,jlens_offvalue,5,-0.0026041547457377116,0.00737847884496053,False,False,0.004774300588501824,-0.009548621128002803,0.00737847884496053,-0.001302099972963333,0.007352948188781738,-0.005974250725086998,-0.0026041547457377116,-0.008333317538102469,0.001302084161175622,-0.0013020833333333333
calib,answer,single,L8,jlens_value,5,-0.005514716400819666,0.003038192788759867,False,False,-0.005208318432172139,-0.022569441215859517,-3.311369154188368e-09,-0.003906266556845771,-0.005514716400819666,-0.017922799596015147,-0.005208313465118408,-0.011458262304464976,0.003038192788759867,0.00043403108914693195
calib,answer,single,L8,logit_value,5,-0.0017361177338494195,0.0013786764705882354,False,False,0.0013020883003870647,-0.0021701272990968493,-0.0017361177338494195,-0.005208336727486717,0.0013786764705882354,-0.004595588322948007,3.973642985026042e-09,-0.004687492152055104,-4.13921144273546e-09,-0.0034722288449605307
calib,answer,single,L8,noop_same_value,5,0.0,0.0,False,False,0.0,0.0,0.0,0.0,0.0,0.0,0.0,0.0,0.0,0.0
calib,answer,single,L8,probe_basis,5,-0.026041676600774128,0.0026041984558105467,False,False,-0.026041676600774128,-0.048611121086610684,0.0008680489328172472,-0.00651042006082005,-0.015625010518466726,-0.038154891922193415,0.0026041984558105467,-0.003645817438761393,-0.0026041666666666665,-0.006944444444444444
calib,answer,single,L8,whole_state,5,-0.005642360283268822,0.029079859455426533,False,False,0.029079859455426533,0.008246537463532553,0.01519096228811476,-0.0013020901216400994,0.028033081222982967,0.004584080024677166,0.009895829359690349,-0.00625002384185791,-0.005642360283268822,-0.01563585702743795
calib,use,band,L16+24+31,cf_push_0.03,5,-0.0030381944444444445,0.004136022399453556,False,False,0.003038187821706136,-0.0008680456628402074,-0.0030381944444444445,-0.006944454461336136,0.004136022399453556,-5.303060307222252e-09,-0.0005208134651184082,-0.004166642924149831,-0.0004340269499354892,-0.00390625
calib,use,band,L16+24+31,cf_push_0.1,5,-0.001736111111111111,0.015165432411081651,False,False,0.007812493377261692,-0.00043402123782369827,-0.001736111111111111,-0.005208339956071641,0.015165432411081651,0.004595588191467173,0.0005208492279052734,-0.003645829459031423,0.000868054727713267,-0.0017361102832688226
calib,use,band,L16+24+31,cf_push_0.3,5,1.3245476616753471e-08,0.0533088182701784,True,False,0.03472221725516849,0.010850715513030688,1.3245476616753471e-08,-0.011718740065892538,0.0533088182701784,0.01792278877075981,0.00156250794728597,-0.008333325386047363,0.0013020816776487562,-0.002170138888888889
calib,use,band,L16+24+31,cf_push_1,5,0.0013020700878567165,0.18382352765868692,True,False,0.1671006894773907,0.10243056002590392,0.0013020700878567165,-0.02995878689818912,0.18382352765868692,0.06571690803941559,0.02031252384185791,-0.009895801742871602,0.00303819692797131,-0.0030381928094559245
calib,use,band,L16+24+31,gram_random,5,-0.001302093267440796,0.0026041658388243783,False,False,0.0008680439657635159,-0.0043402745491928525,-0.001302093267440796,-0.003472238779067993,0.001838235294117647,-0.0018382370471954346,0.0005208611488342285,-0.002083297570546468,0.0026041658388243783,-0.0004340269499354892
calib,use,band,L16+24+31,jlens_answer,5,-0.00130209657880995,0.006433823529411764,False,False,0.000868045621448093,-0.002170158757103814,-0.00130209657880995,-0.003906259934107463,0.006433823529411764,0.003216908258550307,0.0010416785875956218,-0.001562488079071045,0.00043402860562006634,-0.002170136405362023
calib,use,band,L16+24+31,jlens_offvalue,5,-0.0010416507720947266,0.0021701380610466003,False,False,0.0004340294334623549,-0.002170122332043118,-0.00043404102325439453,-0.0030382275581359863,0.0013786764705882354,-0.0018382265287287096,-0.0010416507720947266,-0.0041796942551930736,0.0021701380610466003,-0.0008680563833978442
calib,use,band,L16+24+31,jlens_value,5,-0.0008680688010321723,0.0022977888584136963,False,False,0.0021701306104660034,9.934107462565104e-09,-0.0008680688010321723,-0.00434028771188524,0.0022977888584136963,-0.0004595640827627743,0.001562527815500895,-0.0010416467984517416,0.0004340269499354892,-0.0030381961208250786
calib,use,band,L16+24+31,logit_value,5,-0.0017361044883728027,0.0004340269499354892,False,False,-0.0008680572112401327,-0.005208333416117562,-0.0017361044883728027,-0.005208323399225871,-7.012311150045956e-09,-0.002757354738081203,-0.0010416428248087564,-0.004166646798451742,0.0004340269499354892,-0.0026041633552975124
calib,use,band,L16+24+31,noop_same_value,5,0.0,0.0,False,False,0.0,0.0,0.0,0.0,0.0,0.0,0.0,0.0,0.0,0.0
calib,use,band,L16+24+31,probe_basis,5,0.0,0.03428818451033698,False,False,0.03428818451033698,0.016059031006362703,0.0,-0.009548614505264494,0.028033082976060754,0.002297783555353389,0.008333361148834229,0.0026041666666666665,0.0039062475164731345,0.00043402941276629765
calib,use,band,L16+24+31,whole_state,5,0.0026041650109820897,0.1852021953638862,True,False,0.1475694411330753,0.08549260836508539,0.0034722155994839137,-0.029079848031202952,0.1852021953638862,0.06661303398363731,0.016666694482167562,-0.014062448342641195,0.0026041650109820897,-0.0021701413931118118
calib,use,band,L8+16+24,cf_push_0.03,5,-0.0010416388511657714,0.009548612766795687,False,False,0.009548612766795687,0.0012912304037147103,0.0017361077997419569,-0.0013020866447024876,0.009191167705199298,5.083925583783328e-09,-0.0010416388511657714,-0.005729126930236817,0.002604168322351244,-0.000868054727713267
calib,use,band,L8+16+24,cf_push_0.1,5,-0.0026041507720947266,0.040364558498064675,False,False,0.040364558498064675,0.012141917852891818,0.005642374356587728,-0.0026041501926051245,0.03216911238782546,0.001378662226831212,-0.0026041507720947266,-0.015104146798451741,0.010416665838824378,-0.0008680555555555555
calib,use,band,L8+16+24,cf_push_0.3,5,0.0072916984558105465,0.24956597884496054,True,False,0.24956597884496054,0.14236112725403574,0.020833323399225872,-0.012163651486237843,0.1636029411764706,0.04778262346106417,0.0072916984558105465,-0.03333327829837799,0.03428819361660215,-0.002604166687362724
calib,use,band,L8+16+24,cf_push_1,5,0.08550346891085307,3.4869791749450894,True,False,3.4869791749450894,2.551551652989454,0.08550346891085307,-0.07944879424240854,1.2463235294117647,0.739820765353301,0.34635419050852456,-0.07606770048538843,0.1575520841611756,0.03730469410204225
calib,use,band,L8+16+24,gram_random,5,-0.0010416388511657714,0.0034722056653764513,False,False,0.0034722056653764513,-0.0026042265196641284,-0.0008680389987097846,-0.003906213574939304,0.000919112387825461,-0.0064338305417229145,-0.0010416388511657714,-0.004166635076204936,0.0008680522441864014,-0.001302087472544776
calib,use,band,L8+16+24,jlens_answer,5,-0.0026041507720947266,0.010416674945089553,False,False,0.010416674945089553,0.0021701686912112767,0.001302076710595025,-0.003906269950999154,0.006893377093707814,0.00045956403893582964,-0.0026041507720947266,-0.008854127029577892,0.002604164183139801,-0.0008680580390824212
calib,use,band,L8+16+24,jlens_offvalue,5,-0.009114586644702487,0.011029411764705883,False,False,0.008246531089146933,-0.0013020800219641791,-0.009114586644702487,-0.02256946778959698,0.011029411764705883,0.0013786764705882354,-0.002083301544189453,-0.005729150772094726,-0.0004340269499354892,-0.004785159395800696
calib,use,band,L8+16+24,jlens_value,5,-0.009114583333333334,0.010850696100129021,False,False,0.010850696100129021,0.0021701503545045854,-0.009114583333333334,-0.018240029944313896,0.006893385859096751,-0.00137867651441518,0.001562503973642985,-0.004687496026357015,0.0030381944444444445,-0.0034722238986028566
calib,use,band,L8+16+24,logit_value,5,-0.0026041799121432835,0.0039062450329462686,False,False,0.0039062450329462686,-0.0008680572526322471,-0.0026041799121432835,-0.006076415379842122,0.0009191176470588235,-0.00459559003219885,-0.0005208214124043782,-0.0026041626930236816,0.0013020825054910448,-0.001736111111111111
calib,use,band,L8+16+24,noop_same_value,5,0.0,0.0,False,False,0.0,0.0,0.0,0.0,0.0,0.0,0.0,0.0,0.0,0.0
calib,use,band,L8+16+24,probe_basis,5,0.008731621153214398,0.05642361773384942,True,False,0.05642361773384942,0.027332903568943342,0.018229166666666668,0.00520832993917995,0.008731621153214398,-0.011488970632062239,0.013020849227905274,-0.0010416587193806967,0.015190971394379934,0.0030273357199298015
calib,use,band,L8+16+24,whole_state,5,0.09071181548966302,3.433159707321061,True,False,3.433159707321061,2.5264431252247754,0.09071181548966302,-0.07249348908662796,1.227022053564296,0.7357421719852616,0.32760419845581057,-0.0942838305234909,0.15928819361660215,0.04165581427514553
calib,use,single,L16,cf_push_0.03,5,-0.002170138888888889,0.005055141799590167,False,False,0.004340282744831509,0.0008680605226092868,-0.002170138888888889,-0.005642357882526186,0.005055141799590167,0.00045956745743751525,-0.0005208214124043782,-0.003645833432674408,0.0008680555555555555,-0.0021701397167311776
calib,use,single,L16,cf_push_0.1,5,-0.0017361044883728027,0.01746322652872871,False,False,0.009982637233204313,0.0034722023126151826,-0.0017361044883728027,-0.006076382266150581,0.01746322652872871,0.006433811126386418,0.0005208611488342285,-0.004166595339775085,-0.0008680580390824212,-0.004774310522609287
calib,use,single,L16,cf_push_0.3,5,-0.002170142200258043,0.0551470605766072,False,False,0.03342012729909685,0.011707878443929884,-0.002170142200258043,-0.012597691516081491,0.0551470605766072,0.017003678136012133,0.002604182561238607,-0.007291631003220876,-8.27842288547092e-10,-0.0030381977558135986
calib,use,single,L16,cf_push_1,5,0.0021701372332043117,0.18336396006976857,True,False,0.14149304727713266,0.07898217240969341,0.00564234455426534,-0.0260416733721892,0.18336396006976857,0.062028943440493416,0.018229194482167563,-0.01145828604698181,0.0021701372332043117,-0.003906245860788557
calib,use,single,L16,gram_random,5,-0.0013020866447024876,0.001838228281806497,False,False,0.0017361011770036486,-0.0030381961001290213,-0.0013020866447024876,-0.003906256705522537,0.001838228281806497,-0.002297801129958209,3.973642985026042e-09,-0.0036458253860473635,0.0017361144224802654,-0.0013020833333333333
calib,use,single,L16,jlens_answer,5,-0.0017361077997419569,0.005055141799590167,False,False,0.0,-0.001736098031202952,-0.0017361077997419569,-0.00434028771188524,0.005055141799590167,0.0004595500143135295,1.9868214925130207e-08,-0.0015624801317850748,0.0026041650109820897,-0.0013020833333333333
calib,use,single,L16,jlens_offvalue,5,-0.0030381944444444445,0.001838231787962072,False,False,0.0013020717435412938,-0.0013020899560716418,-0.0030381944444444445,-0.006076375643412272,0.001838231787962072,-0.0018382370471954346,-0.0010416428248087564,-0.004166666666666667,0.001302085816860199,-0.0017361077997419569
calib,use,single,L16,jlens_value,5,-0.0010416467984517416,0.0018382300348842844,False,False,-8.27842288547092e-09,-0.0026041434870825875,-0.0008680621782938639,-0.0039062367545233834,0.0018382300348842844,-0.001378687032881905,-0.0010416467984517416,-0.003645809491475423,0.00043402777777777775,-0.0026041666666666665
calib,use,single,L16,logit_value,5,3.311369154188368e-09,0.0010416865348815917,True,False,3.311369154188368e-09,-0.003472218910853068,0.0008680522441864014,-0.00173611119389534,0.0004595447989071117,-0.0027573757311877083,0.0010416865348815917,-0.0020833174387613934,0.0004340269499354892,-0.0030381944444444445
calib,use,single,L16,noop_same_value,5,0.0,0.0,False,False,0.0,0.0,0.0,0.0,0.0,0.0,0.0,0.0,0.0,0.0
calib,use,single,L16,probe_basis,5,-0.00130209657880995,0.03298611276679569,False,False,0.03298611276679569,0.014322926559382016,-0.00130209657880995,-0.011284732239113913,0.02711396532900193,0.0018382387564462774,0.0067708492279052734,0.0010416746139526368,0.0017361119389533997,-0.000868054727713267
calib,use,single,L16,whole_state,5,0.0021701372332043117,0.18336396006976857,True,False,0.14149304727713266,0.07898217240969341,0.00564234455426534,-0.0260416733721892,0.18336396006976857,0.062028943440493416,0.018229194482167563,-0.01145828604698181,0.0021701372332043117,-0.003906245860788557
calib,use,single,L24,cf_push_0.03,5,-0.002170138888888889,0.0009191211532143986,False,False,0.0008680389987097846,-0.001302099972963333,-0.0008680688010321723,-0.004340294334623549,0.0009191211532143986,-0.0013786747175104478,-0.0010416388511657714,-0.0036458095908164976,-0.002170138888888889,-0.005642357013291783
calib,use,single,L24,cf_push_0.1,5,-0.002170128954781426,-1.3245476616753471e-08,False,False,-1.3245476616753471e-08,-0.002604176642166244,-0.002170128954781426,-0.004340274466408623,-0.0013786764705882354,-0.003676477600546444,-0.0005208134651184082,-0.003645817438761393,-0.00043402860562006634,-0.0034722172965606056
calib,use,single,L24,cf_push_0.3,5,-0.002083309491475423,0.0009191176470588235,False,False,-0.0008680638339784411,-0.006076418732603391,-0.0017360978656344945,-0.004774295704232322,0.0009191176470588235,-0.0027573494350208957,-0.002083309491475423,-0.005729134976863861,8.27842288547092e-10,-0.003472213943799337
calib,use,single,L24,cf_push_1,5,-0.0015624761581420898,0.0034722230500645107,False,False,0.002170138888888889,-0.006076387274596426,0.000868045621448093,-0.005208343267440796,-0.0009191176470588235,-0.013786764793536242,-0.0015624761581420898,-0.008854138950506846,0.0034722230500645107,-0.0017361053369111487
calib,use,single,L24,gram_random,5,-0.0008680555555555555,1.1920928955078126e-08,False,False,-0.0008680538998709784,-0.0030381961001290213,-0.00043401453230116103,-0.0030381911330752904,-3.506155575022978e-09,-0.0022977923645692714,1.1920928955078126e-08,-0.0026041626930236816,-0.0008680555555555555,-0.0034722238779067993
calib,use,single,L24,jlens_answer,5,-0.0008680621782938639,0.003038192788759867,False,False,0.003038192788759867,-0.000868037384417322,-0.0008680621782938639,-0.003906273179584079,0.0018382370471954346,-0.0009191088816698859,0.0005208571751912435,-0.0020833174387613934,-2.483526865641276e-09,-0.003472222222222222
calib,use,single,L24,jlens_offvalue,5,-0.0013020998901791042,0.002604174945089552,False,False,0.002604174945089552,2.483526865641276e-08,-0.0013020998901791042,-0.005208353284332488,-7.012311150045956e-09,-0.0018382475656621596,-0.0010416388511657714,-0.004166618982950846,-0.000868054727713267,-0.003472221394379934
calib,use,single,L24,jlens_value,5,-0.0013020899560716418,0.0013786677051992977,False,False,-9.934107462565104e-09,-0.001736121086610688,-0.0013020899560716418,-0.0043402910232543945,0.0013786677051992977,-0.0018382370471954346,-0.0005208094914754232,-0.003124988079071045,-0.001302084161175622,-0.0034722230500645107
calib,use,single,L24,logit_value,5,-0.00130209657880995,0.0022977923645692714,False,False,-0.0013020684321721394,-0.0039062550084458456,-0.00130209657880995,-0.0034722420904371473,0.0022977923645692714,-0.000459564126589719,-0.0005208174387613932,-0.0020833334326744077,0.0008680580390824212,-0.002170140544573466
calib,use,single,L24,noop_same_value,5,0.0,0.0,False,False,0.0,0.0,0.0,0.0,0.0,0.0,0.0,0.0,0.0,0.0
calib,use,single,L24,probe_basis,5,-0.0013020899560716418,0.0018382265287287096,False,False,0.0008680555555555555,-0.002615036401483747,-0.0013020899560716418,-0.003906250165568457,0.0018382265287287096,-0.004136034670998068,0.0015625317891438803,-0.0015624326467514038,0.0013020825054910448,-0.0008680572112401327
calib,use,single,L24,whole_state,5,-0.0015624761581420898,0.0034722230500645107,False,False,0.002170138888888889,-0.006076387274596426,0.000868045621448093,-0.005208343267440796,-0.0009191176470588235,-0.013786764793536242,-0.0015624761581420898,-0.008854138950506846,0.0034722230500645107,-0.0017361053369111487
calib,use,single,L31,cf_push_0.03,5,0.0,0.0,False,False,0.0,0.0,0.0,0.0,0.0,0.0,0.0,0.0,0.0,0.0
calib,use,single,L31,cf_push_0.1,5,0.0,0.0,False,False,0.0,0.0,0.0,0.0,0.0,0.0,0.0,0.0,0.0,0.0
calib,use,single,L31,cf_push_0.3,5,0.0,0.0,False,False,0.0,0.0,0.0,0.0,0.0,0.0,0.0,0.0,0.0,0.0
calib,use,single,L31,cf_push_1,5,0.0,0.0,False,False,0.0,0.0,0.0,0.0,0.0,0.0,0.0,0.0,0.0,0.0
calib,use,single,L31,gram_random,5,0.0,0.0,False,False,0.0,0.0,0.0,0.0,0.0,0.0,0.0,0.0,0.0,0.0
calib,use,single,L31,jlens_answer,5,0.0,0.0,False,False,0.0,0.0,0.0,0.0,0.0,0.0,0.0,0.0,0.0,0.0
calib,use,single,L31,jlens_offvalue,5,0.0,0.0,False,False,0.0,0.0,0.0,0.0,0.0,0.0,0.0,0.0,0.0,0.0
calib,use,single,L31,jlens_value,5,0.0,0.0,False,False,0.0,0.0,0.0,0.0,0.0,0.0,0.0,0.0,0.0,0.0
calib,use,single,L31,logit_value,5,0.0,0.0,False,False,0.0,0.0,0.0,0.0,0.0,0.0,0.0,0.0,0.0,0.0
calib,use,single,L31,noop_same_value,5,0.0,0.0,False,False,0.0,0.0,0.0,0.0,0.0,0.0,0.0,0.0,0.0,0.0
calib,use,single,L31,probe_basis,5,0.0,0.0,False,False,0.0,0.0,0.0,0.0,0.0,0.0,0.0,0.0,0.0,0.0
calib,use,single,L31,whole_state,5,0.0,0.0,False,False,0.0,0.0,0.0,0.0,0.0,0.0,0.0,0.0,0.0,0.0
calib,use,single,L8,cf_push_0.03,5,-0.0015624761581420898,0.006944459345605638,False,False,0.006944459345605638,0.00043408386409282684,0.0021701322661505807,-0.0013020700878567165,0.00597425944664899,-0.0004595605766071993,-0.0015624761581420898,-0.005729126930236817,0.0030381903052330017,-0.0008680638339784411
calib,use,single,L8,cf_push_0.1,5,-0.0026041428248087567,0.03168402115503947,False,False,0.03168402115503947,0.00866968615187539,0.005642371045218574,-0.00173609455426534,0.019301475847468656,-0.0023092862876022556,-0.0026041428248087567,-0.01147135277589162,0.011718749172157712,0.000434026929239432
calib,use,single,L8,cf_push_0.3,5,0.005208357175191244,0.2065972222222222,True,False,0.2065972222222222,0.11762154085768593,0.019531253311369155,-0.007378465682268143,0.1107536677051993,0.024356608881669885,0.005208357175191244,-0.02968747248252233,0.035590277777777776,-0.0013020825261871021
calib,use,single,L8,cf_push_1,5,0.08680553237597148,3.410590281089147,True,False,3.410590281089147,2.5103080971373455,0.08680553237597148,-0.06294488824076123,1.1907169082585503,0.7135914481738035,0.3401041905085246,-0.08028645704189936,0.1545138880610466,0.03641492896195915
calib,use,single,L8,gram_random,5,-0.004166654745737712,0.0027573511880986832,False,False,0.0008680522441864014,-0.0034722289277447594,-0.0030381944444444445,-0.00651042006082005,0.0027573511880986832,-0.002768846688901676,-0.004166654745737712,-0.006770821412404379,0.0013020849890179103,-0.0008680572112401327
calib,use,single,L8,jlens_answer,5,-0.0010416547457377115,0.007812495032946269,False,False,0.007812495032946269,0.0008681017077631421,0.002604156732559204,-0.0034722156822681424,0.005514695363886216,-0.00045956758891834933,-0.0010416547457377115,-0.007291654745737712,0.0008680555555555555,-0.002170140544573466
calib,use,single,L8,jlens_offvalue,5,-0.009114586644702487,0.009548614422480265,False,False,0.009548614422480265,0.001736133959558275,-0.009114586644702487,-0.02213541004392836,0.009191174717510448,0.0018382194725906147,-0.00312497615814209,-0.00624999612569809,0.0008680514163441128,-0.003472227230668068
calib,use,single,L8,jlens_value,5,-0.010850701067182753,0.013020834989017911,False,False,0.013020834989017911,0.004340272810724046,-0.010850701067182753,-0.022146276384592056,0.007352937670315013,-0.000919122906292186,0.002604186534881592,-0.0020963766177495313,-0.00043403108914693195,-0.0065104175152050124
calib,use,single,L8,logit_value,5,-0.001302093267440796,0.0010416825612386067,False,False,0.0008680439657635159,-0.0034722321977217994,-0.001302093267440796,-0.004785188453065024,-0.0004595605766071993,-0.005055148811901317,0.0010416825612386067,-0.0020833293596903483,-8.27842288547092e-10,-0.0034722222429182793
calib,use,single,L8,noop_same_value,5,0.0,0.0,False,False,0.0,0.0,0.0,0.0,0.0,0.0,0.0,0.0,0.0,0.0
calib,use,single,L8,probe_basis,5,0.008731617647058824,0.05642361442248026,True,False,0.05642361442248026,0.026041669895251595,0.017795135577519734,0.004340274383624394,0.008731617647058824,-0.01240809358218137,0.013020845254262288,-1.3024111588795239e-05,0.015190972222222222,0.002604167494508955
calib,use,single,L8,whole_state,5,0.08680553237597148,3.410590281089147,True,False,3.410590281089147,2.5103080971373455,0.08680553237597148,-0.06294488824076123,1.1907169082585503,0.7135914481738035,0.3401041905085246,-0.08028645704189936,0.1545138880610466,0.03641492896195915
test,answer,band,L16+24+31,cf_push_0.03,5,0.017671130952380952,0.3664434552192688,True,True,0.3664434552192688,0.3147321428216639,0.017671130952380952,0.009114584752491542,0.2016058953271972,0.1714355354714725,0.06491816682474953,0.041103988211779366,0.03236607071899232,0.019159223352159773
test,answer,band,L16+24+31,cf_push_0.1,5,0.05710565476190476,1.2676711252757482,True,True,1.2676711252757482,1.086300216721637,0.05710565476190476,0.026599702132599694,0.7083333291941218,0.5969997763633728,0.22414435730094,0.1420898349512191,0.10416666737624578,0.06156994248075145
test,answer,band,L16+24+31,cf_push_0.3,5,0.16610862385658992,4.20926340279125,True,True,4.20926340279125,3.585988669789263,0.16610862385658992,0.07458146725382124,2.421223954194122,1.9971299920851986,0.7098214363767987,0.4477260282529252,0.30933779655467897,0.1845005558892375
test,answer,band,L16+24+31,cf_push_1,5,0.5372023823715392,12.239164806547619,True,True,12.239164806547619,10.589162481505246,0.5372023823715392,0.2176990284096627,6.785590276122093,5.71266818087962,2.105282723194077,1.2742675755882547,0.9884672608403933,0.5902111238666943
test,answer,band,L16+24+31,gram_random,5,-0.003162193156424023,0.0020461305975914,False,False,-0.0026041652475084576,-0.010974696846235366,-0.0007440391040983654,-0.0039062343892597015,-0.0017361119389533997,-0.01302626176426808,-0.003162193156424023,-0.007812495086164702,0.0020461305975914,-1.4280279477437332e-09
test,answer,band,L16+24+31,jlens_answer,5,-0.008184526647840227,1.0719866085620153,False,False,1.0719866085620153,0.8370489191618703,0.03906251419158209,-0.014513566132102694,0.9500868055555556,0.7695312522765663,0.33965774731976645,0.2159551955227341,-0.008184526647840227,-0.03906715247957479
test,answer,band,L16+24+31,jlens_offvalue,5,-0.02083333759080796,0.02064732000941322,False,False,0.02064732000941322,-0.020284594630911236,0.006324410438537598,-0.0035388770912374765,-0.007161459161175622,-0.029296874213549828,-0.02083333759080796,-0.048372410326486544,0.000372024519102914,-0.0016741085708850906
test,answer,band,L16+24+31,jlens_value,5,-0.0013020776567004976,0.4378720230999447,False,False,0.4378720230999447,0.34243397549504323,0.0027901814097449893,-0.010416646975846518,0.15256075974967745,0.10633679973996348,-0.0013020776567004976,-0.02715772411652974,0.001674107497646695,-0.0022321432296718868
test,answer,band,L16+24+31,logit_value,5,-0.006696432474113646,0.5995163775625683,False,False,0.5995163775625683,0.4452939142073904,0.020275304714838665,0.005203685803072793,0.2619357589218352,0.20919053339295918,0.11625744615282331,0.07309804800010863,-0.006696432474113646,-0.015252977325802757
test,answer,band,L16+24+31,noop_same_value,5,0.0,0.0,False,False,0.0,0.0,0.0,0.0,0.0,0.0,0.0,0.0,0.0,0.0
test,answer,band,L16+24+31,probe_basis,5,0.012276787133443923,0.19215030187652224,True,True,0.19215030187652224,0.1140113445619742,0.023995547067551387,0.009300616454510462,0.126953119205104,0.0640190922551685,0.062314003705978394,0.02585567839088894,0.012276787133443923,0.005766373287354197
test,answer,band,L16+24+31,whole_state,5,0.1848958418482826,5.496651785714286,True,True,5.496651785714286,4.6799665150897845,0.1848958418482826,0.07552085554315931,3.0985242989328174,2.56576604909367,0.9393601374966758,0.5926246494409584,0.3742559523809524,0.22208890961039635
test,answer,band,L8+16+24,cf_push_0.03,5,0.013020830495016915,0.20275297051384336,True,True,0.20275297051384336,0.17391647268973645,0.013020830495016915,0.007254474077905927,0.1111111044883728,0.09396157968375417,0.037202403658912295,0.0230654966263544,0.021577380952380952,0.013020835399982476
test,answer,band,L8+16+24,cf_push_0.1,5,0.04055060659136091,0.7248883992433548,True,True,0.7248883992433548,0.6210937513304609,0.04055060659136091,0.02101935932324046,0.4019097189108531,0.3389756959138645,0.1328125149011612,0.08407739714852401,0.06789434488330569,0.040917967313102314
test,answer,band,L8+16+24,cf_push_0.3,5,0.11309524802934556,2.579241062913622,True,True,2.579241062913622,2.2032505551441797,0.11309524802934556,0.05449684638352621,1.4965277819169893,1.229801423723499,0.43229167872951146,0.27248419883350533,0.19866071464050383,0.11811755874327251
test,answer,band,L8+16+24,cf_push_1,5,0.36755952097120737,7.439732140728405,True,True,7.439732140728405,6.4499162878841165,0.36755952097120737,0.15811012004102978,3.9199218675494194,3.3195638028904795,1.1968006044626236,0.7093936200475409,0.6333705342951275,0.3779668894285957
test,answer,band,L8+16+24,gram_random,5,-0.004278274519102914,0.0020461298880122955,False,False,-0.004278274519102914,-0.01228145110820021,-0.0001860019706544422,-0.0031621924468449186,-0.0021701446837849086,-0.013677317235204907,-0.0031621959947404406,-0.00930057895325479,0.0020461298880122955,-0.0001860111951828003
test,answer,band,L8+16+24,jlens_answer,5,0.0003720287765775408,0.2924107064803441,True,False,0.2924107064803441,0.2189174100047066,0.01822917801993234,0.002227505473863511,0.008463538355297513,-0.00846897510604726,0.0003720287765775408,-0.010788678413345701,0.014508929635797228,0.009300594475297701
test,answer,band,L8+16+24,jlens_offvalue,5,-0.005208336644702488,0.02920387259551457,False,False,0.02920387259551457,0.010974706372334844,-0.004464295648393177,-0.00948661853160177,-0.005208336644702488,-0.0201877285208967,-0.0027901665085837955,-0.010788669295254209,0.0003720238095238095,-0.002046129550962221
test,answer,band,L8+16+24,jlens_value,5,-0.005208318432172139,0.1380208432674408,False,False,0.1380208432674408,0.10509673802270776,0.0009300680387587775,-0.004092259279319219,0.021484371688630845,0.00868055462423298,-0.005208318432172139,-0.013955544573920113,0.0007440433615729923,-0.002232145340669723
test,answer,band,L8+16+24,logit_value,5,-0.0018601133709862118,0.5997023866290138,False,False,0.5997023866290138,0.4542131605779841,0.017113098076411655,0.002971537730523518,0.2814670064383083,0.22655164108922082,-0.0018601133709862118,-0.023809522745155152,-0.001674108562015352,-0.004464288552602132
test,answer,band,L8+16+24,noop_same_value,5,0.0,0.0,False,False,0.0,0.0,0.0,0.0,0.0,0.0,0.0,0.0,0.0,0.0
test,answer,band,L8+16+24,probe_basis,5,-0.016183037133443923,0.012152773638566336,False,False,-0.016183037133443923,-0.04129928487042586,-0.004092250551496234,-0.008556541942414782,0.012152773638566336,-0.007166886101994249,0.0011160877488908313,-0.00651505919439452,-0.0014880945285161336,-0.004092260503343173
test,answer,band,L8+16+24,whole_state,5,0.18340773667607987,5.451636898375693,True,True,5.451636898375693,4.633900668915539,0.18340773667607987,0.07625557634802091,3.0694444419609175,2.5323079442398417,0.9082961330811182,0.5714285881568988,0.3454241053689094,0.20311569042858624
test,answer,single,L16,cf_push_0.03,5,0.007254464285714286,0.07366071144739787,True,True,0.07366071144739787,0.060639884464797525,0.007254464285714286,0.004092267545915786,0.042751734455426536,0.033637154412766296,0.012834822847729637,0.007254470654186749,0.011718747161683581,0.006696426442691258
test,answer,single,L16,cf_push_0.1,5,0.020461319457916988,0.25799850551854997,True,True,0.25799850551854997,0.21519251804621448,0.020461319457916988,0.011156073212623597,0.14908853587177065,0.11912976478536923,0.04854911281948998,0.030133942514657976,0.033296131307170504,0.01971260891074226
test,answer,single,L16,cf_push_0.3,5,0.05970983916804904,0.9056919635761351,True,True,0.9056919635761351,0.7645042789833886,0.05970983916804904,0.03180338334114779,0.513671869205104,0.41557074398216276,0.15848215633914584,0.0989583572106702,0.09709821428571429,0.05784505146245162
test,answer,single,L16,cf_push_1,5,0.18880208333333334,4.1995907709712075,True,True,4.1995907709712075,3.5163085998346406,0.18880208333333334,0.09318731437836375,2.3396267369389534,1.8246310857642027,0.5933779854150045,0.3643926651172695,0.3165922633239201,0.1878534233463662
test,answer,single,L16,gram_random,5,-0.0020461217278525943,0.002232140728405544,False,False,-0.0013020861716497513,-0.008184531632633437,-0.0007440461998894101,-0.0035342290287926083,0.001736109455426534,-0.010416671675112512,-0.0020461217278525943,-0.006696408809650512,0.002232140728405544,0.0001860090664454869
test,answer,single,L16,jlens_answer,5,0.002976191895348685,0.0189732164144516,True,False,0.014694936928294954,0.007249802120384716,0.011904760485603696,-0.000930055266334897,0.012586802244186401,-0.017578125041392115,0.002976191895348685,-0.0067010799511557535,0.0189732164144516,0.013950895677719797
test,answer,single,L16,jlens_offvalue,5,-0.018229151765505474,0.019903278066998438,False,False,0.019903278066998438,0.004650293326094037,-0.002604156732559204,-0.010974677119936263,-0.0006510400109820896,-0.015413413507242997,-0.018229151765505474,-0.03385413562258085,0.0014880963024638948,-0.000372024519102914
test,answer,single,L16,jlens_value,5,-0.010788684089978537,0.0697544657048725,False,False,0.0697544657048725,0.046493674122861456,-0.0003720266478402274,-0.005394360919793447,0.03255207588275274,0.010199646879401471,-0.010788684089978537,-0.017671108423244385,0.0009300577498617626,-0.0011160735573087419
test,answer,single,L16,logit_value,5,0.0005580364238648187,0.07589285927159446,True,False,0.07589285927159446,0.04612629720497699,0.0013020847524915422,-0.001488085374945686,0.054687491721577115,0.027772340799371402,0.008556561101050604,0.0027902003555070787,0.0005580364238648187,-0.0014880952558347157
test,answer,single,L16,noop_same_value,5,0.0,0.0,False,False,0.0,0.0,0.0,0.0,0.0,0.0,0.0,0.0,0.0,0.0
test,answer,single,L16,probe_basis,5,0.011718749290420896,0.182477681409745,True,True,0.182477681409745,0.10099981691510905,0.02473958900996617,0.010226001945279893,0.11002604249450895,0.04600151444060935,0.07682291879540398,0.03831846712245828,0.011718749290420896,0.005022320692383108
test,answer,single,L16,whole_state,5,0.18880208333333334,4.1995907709712075,True,True,4.1995907709712075,3.5163085998346406,0.18880208333333334,0.09318731437836375,2.3396267369389534,1.8246310857642027,0.5933779854150045,0.3643926651172695,0.3165922633239201,0.1878534233463662
test,answer,single,L24,cf_push_0.03,5,0.006882450410297939,0.12834820577076503,True,True,0.12834820577076503,0.11067241323845727,0.006882450410297939,0.003906254257474627,0.0644531241721577,0.055772570996648736,0.022879474929400852,0.01395089142024517,0.012090772745155152,0.007063797604115236
test,answer,single,L24,cf_push_0.1,5,0.019531255676632837,0.44438244047619047,True,True,0.44438244047619047,0.3822451790351243,0.019531255676632837,0.009300587893951506,0.2322048528326882,0.20030380777186818,0.07979911352906909,0.04966518485120364,0.034970239514396304,0.020456657913469133
test,answer,single,L24,cf_push_0.3,5,0.05543154903820583,1.5078125021287374,True,True,1.5078125021287374,1.2899879203311035,0.05543154903820583,0.02324685174084845,0.8213975611660216,0.6926920506896244,0.25855655826273416,0.1638718523262512,0.1037946417927742,0.06119326288324027
test,answer,single,L24,cf_push_1,5,0.18340773667607987,5.451636898375693,True,True,5.451636898375693,4.633900668915539,0.18340773667607987,0.07625557634802091,3.0694444419609175,2.5323079442398417,0.9082961330811182,0.5714285881568988,0.3454241053689094,0.20311569042858624
test,answer,single,L24,gram_random,5,-0.0035342304479508172,0.00260416560229801,False,False,-0.0035342304479508172,-0.00781250645716985,0.0007440419424147833,-0.0014880981118906113,0.0021701372332043117,-0.0023871561098429894,-0.001674104304540725,-0.004650283533902395,0.00260416560229801,0.0007440479649674324
test,answer,single,L24,jlens_answer,5,0.004836317329179673,2.3097098143327806,True,False,2.3097098143327806,1.8089564715467747,0.1103050566854931,0.050767294778710316,0.3936631936166022,0.2838487349243628,0.004836317329179673,-0.052097290576923465,0.0589657716807865,0.037941776251509074
test,answer,single,L24,jlens_offvalue,5,-0.030877976900055296,0.0020461284688540866,False,False,-0.030877976900055296,-0.07403739057481289,0.0016741099811735608,-0.005766357800790241,-0.004774311350451576,-0.022352429831193555,-0.012462794071152097,-0.035342250604714666,0.0020461284688540866,0.00018600974941537494
test,answer,single,L24,jlens_value,5,-0.02362349700360071,0.553571431409745,False,False,0.553571431409745,0.4136486318139803,0.008742568038758777,-0.004650287720419111,0.1714409755335914,0.13280163721905813,-0.02362349700360071,-0.047619037826855976,-0.001116070364202772,-0.003906243649267015
test,answer,single,L24,logit_value,5,-0.010044628665560768,0.5535714271522704,False,False,0.5535714271522704,0.40736141712183044,0.016555062362125943,0.0027855229519662406,0.24023437251647314,0.18619248181995418,-0.010044628665560768,-0.029389871089231398,-0.00334821499529339,-0.006510419522722562
test,answer,single,L24,noop_same_value,5,0.0,0.0,False,False,0.0,0.0,0.0,0.0,0.0,0.0,0.0,0.0,0.0,0.0
test,answer,single,L24,probe_basis,5,0.014508932828903198,0.22470237882364363,True,False,0.22470237882364363,0.15364583184321723,0.014508932828903198,-0.005580344441391173,0.19921874751647314,0.09655490134739214,0.03050596657253447,-0.01247208613370146,0.026041664892718905,0.012462797255388328
test,answer,single,L24,whole_state,5,0.18340773667607987,5.451636898375693,True,True,5.451636898375693,4.633900668915539,0.18340773667607987,0.07625557634802091,3.0694444419609175,2.5323079442398417,0.9082961330811182,0.5714285881568988,0.3454241053689094,0.20311569042858624
test,answer,single,L31,cf_push_0.03,5,0.006696441343852452,0.163132444024086,True,True,0.163132444024086,0.1389509020107133,0.006696441343852452,0.003720243771870931,0.0926649272441864,0.07682291664597062,0.026971734705425444,0.016555076979455494,0.011532738450027648,0.006324407218822411
test,answer,single,L31,cf_push_0.1,5,0.019345249448503767,0.5440848207189923,True,True,0.5440848207189923,0.4627976239082359,0.019345249448503767,0.008551898031007678,0.3075086813833978,0.25390083121342794,0.09449405897231329,0.05989119470829055,0.038318452380952384,0.022507439030423054
test,answer,single,L31,cf_push_0.3,5,0.056547616918881737,1.643415175023533,True,True,1.643415175023533,1.4002464588554133,0.056547616918881737,0.023437502802837462,0.928385405904717,0.7690538060127033,0.2810639916431336,0.17801339640503838,0.11253720238095238,0.06696428500470661
test,answer,single,L31,cf_push_1,5,0.1848958418482826,5.496651785714286,True,True,5.496651785714286,4.6799665150897845,0.1848958418482826,0.07552085554315931,3.0985242989328174,2.56576604909367,0.9393601374966758,0.5926246494409584,0.3742559523809524,0.22208890961039635
test,answer,single,L31,gram_random,5,-2.483526865641276e-09,0.0016740993374869937,False,False,0.0016740993374869937,-0.00037203659968716756,0.0011160771052042644,-0.0007486957169714426,-2.483526865641276e-09,-0.0019531258899304605,0.0009300722962334042,-0.0016740745909157252,0.0011160742668878463,-0.000930057412811688
test,answer,single,L31,jlens_answer,5,0.18284971231505984,5.49813987385659,True,True,5.49813987385659,4.682305620894546,0.18284971231505984,0.07161460408852215,3.0952690922551684,2.5618598097521397,0.9430803848164422,0.5984003318917184,0.37462797654526575,0.22284226081378403
test,answer,single,L31,jlens_offvalue,5,-0.004836306685493106,0.052269341690199714,False,False,0.052269341690199714,0.014880948087998799,-0.004836306685493106,-0.018415163244519916,0.006727423104974959,-0.010205094185140397,0.005394361558414641,-0.02865047440642402,0.0013020833333333333,-0.003906250017739477
test,answer,single,L31,jlens_value,5,-0.03732640544573466,0.15587797264258066,False,False,0.15587797264258066,0.07198661125841595,0.021763394276301067,-0.0007486936237130844,-0.03732640544573466,-0.0950520984414551,0.14360118976661138,0.09225260654375667,-0.032180060942967735,-0.04985119123898801
test,answer,single,L31,logit_value,5,-0.03710939155684577,0.15606398241860525,False,False,0.15606398241860525,0.07235397657468205,0.02157738662901379,-0.0009347082248755861,-0.03710939155684577,-0.09483509624583854,0.14378720025221506,0.09243861731319201,-0.03218006165254684,-0.04985119269362518
test,answer,single,L31,noop_same_value,5,0.0,0.0,False,False,0.0,0.0,0.0,0.0,0.0,0.0,0.0,0.0,0.0,0.0
test,answer,single,L31,probe_basis,5,0.005208331559385572,0.04613095380011059,True,False,0.04613095380011059,-0.007440469804264251,0.00688243621871585,-0.005771019416196006,0.03624131613307529,-0.008045785749951998,0.009672637496675764,-0.04203866716651689,0.005208331559385572,-0.008928576431104115
test,answer,single,L31,whole_state,5,0.1848958418482826,5.496651785714286,True,True,5.496651785714286,4.6799665150897845,0.1848958418482826,0.07552085554315931,3.0985242989328174,2.56576604909367,0.9393601374966758,0.5926246494409584,0.3742559523809524,0.22208890961039635
test,answer,single,L8,cf_push_0.03,5,2.483526865641276e-09,0.002232144276301066,True,False,0.0005580421004976545,-0.0011207282720577148,0.002232144276301066,0.0005580300376528786,2.483526865641276e-09,-0.001953125848538346,0.0009300616525468372,-0.00037203447094985413,0.0005580342951275053,-0.0011160714463109061
test,answer,single,L8,cf_push_0.1,5,-0.0005580286184946696,0.003720238095238095,False,False,0.003720238095238095,0.0013020826060147512,0.0022321485337756927,-4.292953582037061e-09,0.0032552091611756217,0.00108506271822585,-0.0005580286184946696,-0.0026041659748270397,0.0009300591690199715,-0.0005626910765256198
test,answer,single,L8,cf_push_0.3,5,0.0018601204667772566,0.008370540681339446,True,False,0.008370540681339446,0.00409226186928295,0.0044642942292349675,-4.651291029793611e-06,0.005208336644702488,0.0002170237609081798,0.0018601254338309879,-0.0011160799967391151,0.0018601204667772566,-0.00018601048560369583
test,answer,single,L8,cf_push_1,5,0.002790177861849467,0.03329613379069737,True,False,0.03329613379069737,0.019717273169330186,0.014694947571981521,0.002790184212582452,0.021918403605620067,0.006727428051332633,0.007626500867661976,0.0007440566484417235,0.002790177861849467,-0.002790179316486631
test,answer,single,L8,gram_random,5,-0.0018601098230906896,0.001488095238095238,False,False,0.00018601616223653158,-0.003720238840296155,0.0005580470675513858,-0.0013020762375422887,-0.0017361127667956883,-0.005642362787491745,-0.0018601098230906896,-0.00465027636715344,0.001488095238095238,-0.0005580378785019829
test,answer,single,L8,jlens_answer,5,-0.008742568038758777,0.001302090429124378,False,False,-0.008742568038758777,-0.012467459589242934,0.001302090429124378,-0.0018601221697671074,-0.003906254139211442,-0.015407983731064532,-0.0005580172652289981,-0.007068410001340366,-0.002790178216639019,-0.005952380242801848
test,answer,single,L8,jlens_offvalue,5,-0.006510418322351243,0.008556541942414782,False,False,0.008556541942414782,-0.0022368042774143673,-0.00037202097120739167,-0.0039062471971625374,-0.006510418322351243,-0.01714409480078353,-0.0035342049031030563,-0.008742532595282508,0.0005580360690752665,-0.0016741089345443817
test,answer,single,L8,jlens_value,5,-0.008246528605620066,0.0014880959476743425,False,False,-0.0009300573950722104,-0.0065104152829874124,-0.0001860019706544422,-0.0024181533782255083,-0.008246528605620066,-0.015190974705749087,-0.0029761862187158493,-0.006324407653439613,0.0014880959476743425,-0.0005580335855484009
test,answer,single,L8,logit_value,5,-0.0029761847995576404,0.0020461430152257285,False,False,-0.0029761847995576404,-0.007812495068425224,0.0011160756860460555,-0.0011160587271054586,-0.001953129139211443,-0.006293399590584967,0.0020461430152257285,-0.00037201602189313793,0.0005580342951275053,-0.0013020833333333333
test,answer,single,L8,noop_same_value,5,0.0,0.0,False,False,0.0,0.0,0.0,0.0,0.0,0.0,0.0,0.0,0.0,0.0
test,answer,single,L8,probe_basis,5,-0.01283482639562516,0.0029761968624024164,False,False,-0.01283482639562516,-0.030324612167619523,-0.0009300581046513148,-0.005022325827961876,-0.004774305555555556,-0.018012151184181372,0.0029761968624024164,-0.0013020706141278857,-0.0005580357142857143,-0.0026041652475084576
test,answer,single,L8,whole_state,5,0.002790177861849467,0.03329613379069737,True,False,0.03329613379069737,0.019717273169330186,0.014694947571981521,0.002790184212582452,0.021918403605620067,0.006727428051332633,0.007626500867661976,0.0007440566484417235,0.002790177861849467,-0.002790179316486631
test,use,band,L16+24+31,cf_push_0.03,5,-0.001302066303434826,0.004123266372415755,False,False,0.0005580371334439232,-0.002046128859122594,0.0020461281140645346,0.0001860104501247406,0.004123266372415755,0.0008680588462286526,-0.001302066303434826,-0.0031621967043195453,0.0005580374882334755,-0.0011160700094132196
test,use,band,L16+24+31,cf_push_0.1,5,-0.0016740957895914714,0.0121527761220932,False,False,0.0027901863767987208,-0.003534202206702459,0.002976191895348685,0.0005580285830157144,0.0121527761220932,0.004123262191812197,-0.0016740957895914714,-0.0044642736691804154,0.0009300616525468372,-0.0009300602333886283
test,use,band,L16+24+31,cf_push_0.3,5,0.0001860133239201137,0.04709200809399287,True,False,0.021391365499723525,0.0026041609190759203,0.006696428571428571,0.001116064332780384,0.04709200809399287,0.0190972146888574,0.0016741312685466948,-0.005766341533689272,0.0001860133239201137,-0.0018601183557794207
test,use,band,L16+24+31,cf_push_1,5,0.001860118338039943,0.17860242393281725,True,False,0.17038690618106297,0.12201449292756263,0.015625001419158208,-0.0018601120227859133,0.17860242393281725,0.08289389639265007,0.03497025654429481,0.011904780034508023,0.001860118338039943,-0.0016741085797548295
test,use,band,L16+24+31,gram_random,5,-0.0005580392621812367,0.0019531258278422886,False,False,-0.0005580392621812367,-0.003162210966859545,-1.419158208937872e-09,-0.0016741114003317697,0.0019531258278422886,-0.000651037527455224,-4.967053731282552e-09,-0.0016741177865437099,1.419158208937872e-09,-0.0016741100343919937
test,use,band,L16+24+31,jlens_answer,5,-0.0007440483286267235,0.0028211772441864014,False,False,-0.000558030747231983,-0.0029761777037665958,0.0014881023338862828,-0.0003720096534206754,0.0028211772441864014,-0.00021701473742723464,0.0007440639393670219,-0.0009300339789617629,-0.0007440483286267235,-0.002790180008326258
test,use,band,L16+24+31,jlens_offvalue,5,-0.001302085816860199,0.0005580456483931769,False,False,-0.0007440525861013503,-0.0035342311752693993,0.0005580456483931769,-0.0009300495897020612,-0.001302085816860199,-0.0032552167773246764,0.00018603106339772543,-0.001674097226489158,-0.00037202593826112293,-0.002046132389278639
test,use,band,L16+24+31,jlens_value,5,0.0007440469094685145,0.0011160827818371,True,False,0.0007440469094685145,-0.001488095291313671,0.0011160827818371,-0.0005580229418618339,0.0008680563833978442,-0.0015190931037068367,0.0009300737153916131,-0.0007440419778937385,0.0011160746216773987,-0.0009300573950722104
test,use,band,L16+24+31,logit_value,5,-0.0005580328759692964,0.0019531192051039801,False,False,0.0011160692998341151,-0.0011160756860460555,0.0011160884584699357,-0.0005580272348154158,0.0019531192051039801,-0.0008680638339784411,-0.0005580328759692964,-0.0022321428926218123,0.0016741064332780383,-0.00018601190476190475
test,use,band,L16+24+31,noop_same_value,5,0.0,0.0,False,False,0.0,0.0,0.0,0.0,0.0,0.0,0.0,0.0,0.0,0.0
test,use,band,L16+24+31,probe_basis,5,-0.0016741000470660982,0.026258673932817247,False,False,0.013206851624307177,0.0046503081208183646,-0.0016741000470660982,-0.007998504844449816,0.026258673932817247,0.006076384708285331,0.008742568748337882,0.0024181539636282693,-0.00018601048560369583,-0.002232141437984648
test,use,band,L16+24+31,whole_state,5,0.0007440451355207534,0.18142360862758425,True,False,0.1430431604385376,0.09021579552264442,0.016183037133443923,-0.0007440363012609027,0.18142360862758425,0.08744575219849746,0.03571429564839318,0.011342083432135127,0.0007440451355207534,-0.0026088224280448186
test,use,band,L8+16+24,cf_push_0.03,5,-0.001488081756092253,0.007812501655684577,False,False,0.003534222642580668,-0.0029761869637739092,0.002604179439090547,0.00018601896507399422,0.007812501655684577,0.0010796419241362151,-0.001488081756092253,-0.004464264480131013,0.00130208439770199,-0.0024228073922651153
test,use,band,L8+16+24,cf_push_0.1,5,0.00260416879540398,0.029947910871770646,True,False,0.027901787133443923,0.005199031638247627,0.00706846657253447,0.0020461522397540862,0.029947910871770646,0.00781249406023158,0.0033482199623471216,-0.005766364861102331,0.00260416879540398,-0.006510415957087562
test,use,band,L8+16+24,cf_push_0.3,5,0.008556546554678962,0.22730654549031032,True,False,0.22730654549031032,0.1372767930939084,0.016183037133443923,-0.003162196988151187,0.15082465443346235,0.0768174932234817,0.03273809949556986,-0.0011160592238108316,0.008556546554678962,-0.018601192986326558
test,use,band,L8+16+24,cf_push_1,5,0.03497023241860526,3.2338169642857144,True,False,3.2338169642857144,2.563899743326363,0.03497023241860526,-0.049302470719530464,1.7719184036056201,1.3916124165058137,0.41090031393936705,0.21537389987636182,0.0894717269000553,-0.016750371562583105
test,use,band,L8+16+24,gram_random,5,0.00037202097120739167,0.002046139467330206,True,False,0.0011160657519385928,-0.004650304022999037,0.002046139467330206,-9.969586417788549e-09,0.0019531192051039801,-0.0015191005542874337,0.00037202097120739167,-0.0022321393269868124,0.0005580364238648187,-0.0016741085708850906
test,use,band,L8+16+24,jlens_answer,5,-0.0009300566854931059,0.008556541942414782,False,False,0.008556541942414782,0.0016741014130058742,-0.0005580399717603411,-0.004464301360504967,0.007161455849806468,0.0008680612055791748,0.004278270261628287,-0.0009300496074415389,-0.0009300566854931059,-0.004092257292497726
test,use,band,L8+16+24,jlens_offvalue,5,0.0003720227451551528,0.019345240223975407,True,False,0.019345240223975407,0.011156058063109715,0.001302090429124378,-0.001860099285840988,0.007161452538437313,0.0008626156383090552,0.003534233286267235,0.00018601323522272564,0.0003720227451551528,-0.0027901803542460715
test,use,band,L8+16+24,jlens_value,5,-0.003906248580841791,0.0070684538001105895,False,False,0.0070684538001105895,0.0009300594883305686,-0.003906248580841791,-0.009491262691361562,0.0010850686166021558,-0.005208324516812961,0.003348229896454584,-0.0005580258156572069,-0.0009300595238095238,-0.005394342435257775
test,use,band,L8+16+24,logit_value,5,-0.002976182670820327,0.0026041723432995026,False,False,-0.002976182670820327,-0.006515075248621759,0.0026041723432995026,-0.0005580230128197443,0.000434023638566335,-0.003694671909842226,-0.0005580193939663115,-0.002790176478170213,0.0005580367786543709,-0.0016741050141198294
test,use,band,L8+16+24,noop_same_value,5,0.0,0.0,False,False,0.0,0.0,0.0,0.0,0.0,0.0,0.0,0.0,0.0,0.0
test,use,band,L8+16+24,probe_basis,5,-0.0017361144224802654,0.010044643566721962,False,False,0.010044643566721962,-0.0033528693907317656,0.006510416666666667,-0.004282937908456439,-0.0017361144224802654,-0.01649306064678563,0.0005580499058678036,-0.009300569994818595,0.009300594528516134,0.002418152979087262
test,use,band,L8+16+24,whole_state,5,0.031994039104098364,3.212797619757198,True,False,3.212797619757198,2.5489118418878034,0.031994039104098364,-0.051901977615697044,1.715711800588502,1.3499294680646725,0.4082961387577511,0.2131557003727981,0.0876116074976467,-0.01972656005195209
test,use,single,L16,cf_push_0.03,5,-0.00018599345570518856,0.0036892303162150914,False,False,0.0018601169188817341,-0.0005580357675041471,0.0027901927630106607,0.0011160898421491896,0.0036892303162150914,0.00043401867151260376,-0.00018599345570518856,-0.001860110585888227,0.0007440454903103056,-0.0011160685902550107
test,use,single,L16,cf_push_0.1,5,-0.0013020726896467664,0.011718745860788558,False,False,0.005580364948227292,-0.00019066073000431033,0.003906257095791045,0.0018601289462475549,0.011718745860788558,0.002815753656129043,-0.0013020726896467664,-0.004278266731472242,0.0018601176284608386,0.00018601048560369583
test,use,single,L16,cf_push_0.3,5,0.000744050457364037,0.046875004139211446,True,False,0.027157736676079885,0.008184520261628287,0.007068458057585217,0.001860134339048749,0.046875004139211446,0.019531256581346194,0.0018601289817265102,-0.0050223073079472495,0.000744050457364037,-0.0009300588142304193
test,use,single,L16,cf_push_1,5,0.0009300595238095238,0.17881944361660215,True,False,0.14043898525692167,0.08667689455407006,0.015438992352712722,-0.0013067358306476046,0.17881944361660215,0.0854926174092624,0.03627233845846994,0.011532767808863096,0.0009300595238095238,-0.0026041610077733083
test,use,single,L16,gram_random,5,-0.0007440469094685145,0.0014881044626235962,False,False,-0.0007440469094685145,-0.0035342205670617875,0.0005580357142857143,-0.0011160728832085927,0.00021701885594262017,-0.0021701273197929066,0.0014881044626235962,-0.0003720210421653021,0.00018601190476190475,-0.0014880931093579246
test,use,single,L16,jlens_answer,5,-0.0013020840429124377,0.0026041583882437814,False,False,2.128737313406808e-09,-0.002046128823643639,0.0018601204667772566,-0.00018601761687369572,0.0026041583882437814,-1.2438330385420056e-08,0.00037204438731783913,-0.0014880585883344922,-0.0013020840429124377,-0.002976189766611372
test,use,single,L16,jlens_offvalue,5,-0.0011160579465684436,0.0009300581046513148,False,False,-0.0007440525861013503,-0.0035342261904761905,0.0009300581046513148,-0.0007440448162101563,-0.0006510416666666666,-0.003038189477390713,-0.0011160579465684436,-0.0027901722206955864,0.0005580346499170576,-0.0014880923997788202
test,use,single,L16,jlens_value,5,0.0005580399717603411,0.002170128954781426,True,False,0.0007440497477849325,-0.001116074976466951,0.0009300666196005685,-0.0009300581046513148,0.002170128954781426,-5.919072363111701e-09,0.0005580399717603411,-0.0013020819141751243,0.000744047619047619,-0.0011160714285714285
test,use,single,L16,logit_value,5,0.000186006228129069,0.0019531258278422886,True,False,0.000186006228129069,-0.0018601183735188983,0.0013020861716497513,-0.0007440335339023953,0.0019531258278422886,-5.431576735443231e-06,0.0003720358723685855,-0.0014880953445321036,0.0007440483286267235,-0.0009300602333886283
test,use,single,L16,noop_same_value,5,0.0,0.0,False,False,0.0,0.0,0.0,0.0,0.0,0.0,0.0,0.0,0.0,0.0
test,use,single,L16,probe_basis,5,-0.0018601076943533762,0.026258680555555556,False,False,0.013392850756645203,0.0048316522723152525,-0.0018601076943533762,-0.00800315879640125,0.026258680555555556,0.005208348834680186,0.009114582623754228,0.00241815760022118,0.00037202309994470504,-0.001488099584267253
test,use,single,L16,whole_state,5,0.0009300595238095238,0.17881944361660215,True,False,0.14043898525692167,0.08667689455407006,0.015438992352712722,-0.0013067358306476046,0.17881944361660215,0.0854926174092624,0.03627233845846994,0.011532767808863096,0.0009300595238095238,-0.0026041610077733083
test,use,single,L24,cf_push_0.03,5,-0.0009300623621259417,0.001488095238095238,False,False,-0.0009300623621259417,-0.0026041673939852486,0.001488095238095238,-0.00037203381458918253,0.0006510416666666666,-0.0008680638339784411,0.0003720309053148542,-0.0011160728477296374,0.000744049038205828,-0.0009300609429677328
test,use,single,L24,cf_push_0.1,5,-0.0027901785714285715,0.002232140018826439,False,False,-0.0027901785714285715,-0.004464276596194221,0.002232140018826439,0.00037200674414634706,0.00086804727713267,-0.0008734978528486355,0.0003720266478402274,-0.0018601077120928538,0.00037202593826112293,-0.0014880923997788202
test,use,single,L24,cf_push_0.3,5,-0.006882445443244208,0.0032552099890179103,False,False,-0.006882445443244208,-0.010416671651459876,0.0020461266949063257,-0.00018601055656160628,0.0032552099890179103,3.290673096974692e-09,-0.0009300545567557925,-0.0029761869815133866,-0.00018601154997235252,-0.0022321428660125957
test,use,single,L24,cf_push_1,5,-0.01078868621871585,0.0026041737624577115,False,False,-0.01078868621871585,-0.018787192553281786,0.0026041737624577115,-0.0016787613076823097,0.0026041633552975124,-0.004557294978035821,-0.006324400504430135,-0.01004466132393905,0.002232143921511514,4.248604888007755e-09
test,use,single,L24,gram_random,5,-0.0009300403651737032,0.0005580350047066098,False,False,0.000558030747231983,-0.001302086916707811,-0.00055804139091855,-0.002604155419837861,-0.00021701388888888888,-0.0019531217507190175,-0.0009300403651737032,-0.002418148393432299,0.0005580350047066098,-0.0011160749942064287
test,use,single,L24,jlens_answer,5,-0.0018601204667772566,0.0011160799435206822,False,False,-0.0018601204667772566,-0.003720238095238095,0.0011160799435206822,-0.0007440249479952313,-0.0006510433223512438,-0.0023871511220932007,0.00018603035381862095,-0.0013020792177745274,0.0005580371334439232,-0.001302083342203072
test,use,single,L24,jlens_offvalue,5,-0.0004340335726737976,0.0011160700094132196,False,False,0.0007440532956804548,-0.0013020776921794529,0.000744047619047619,-0.0009300609429677328,-0.0004340335726737976,-0.0019531349341074624,0.0009300602333886283,-0.0003767029160544983,0.0011160700094132196,-0.0003720252286820185
test,use,single,L24,jlens_value,5,-0.0006510458058781094,0.0009300538471766881,False,False,0.0009300538471766881,-0.0013020854620706466,0.00055804139091855,-0.0011160714640503838,-0.0006510458058781094,-0.00217014385594262,-0.0005580165556498937,-0.0020461167785383403,0.00037202735741933185,-0.001488087432725089
test,use,single,L24,logit_value,5,-0.0005580339403379531,0.000930055266334897,False,False,0.0003720309053148542,-0.0013020664098716917,0.000930055266334897,-0.0009300623976048969,8.27842288547092e-10,-0.0019531192258000374,-0.0003720174233118693,-0.001488099495569865,-0.0005580339403379531,-0.002232142857142857
test,use,single,L24,noop_same_value,5,0.0,0.0,False,False,0.0,0.0,0.0,0.0,0.0,0.0,0.0,0.0,0.0,0.0
test,use,single,L24,probe_basis,5,-0.0016740865650631132,0.0027901913438524517,False,False,0.0016741035949616205,-0.0014880917079391934,0.0027901913438524517,0.001302090429124378,0.0021701322661505807,-0.001302085816860199,-0.0016740865650631132,-0.0037202225199767522,0.001674108562015352,-0.0003720223903656006
test,use,single,L24,whole_state,5,-0.01078868621871585,0.0026041737624577115,False,False,-0.01078868621871585,-0.018787192553281786,0.0026041737624577115,-0.0016787613076823097,0.0026041633552975124,-0.004557294978035821,-0.006324400504430135,-0.01004466132393905,0.002232143921511514,4.248604888007755e-09
test,use,single,L31,cf_push_0.03,5,0.0,0.0,False,False,0.0,0.0,0.0,0.0,0.0,0.0,0.0,0.0,0.0,0.0
test,use,single,L31,cf_push_0.1,5,0.0,0.0,False,False,0.0,0.0,0.0,0.0,0.0,0.0,0.0,0.0,0.0,0.0
test,use,single,L31,cf_push_0.3,5,0.0,0.0,False,False,0.0,0.0,0.0,0.0,0.0,0.0,0.0,0.0,0.0,0.0
test,use,single,L31,cf_push_1,5,0.0,0.0,False,False,0.0,0.0,0.0,0.0,0.0,0.0,0.0,0.0,0.0,0.0
test,use,single,L31,gram_random,5,0.0,0.0,False,False,0.0,0.0,0.0,0.0,0.0,0.0,0.0,0.0,0.0,0.0
test,use,single,L31,jlens_answer,5,0.0,0.0,False,False,0.0,0.0,0.0,0.0,0.0,0.0,0.0,0.0,0.0,0.0
test,use,single,L31,jlens_offvalue,5,0.0,0.0,False,False,0.0,0.0,0.0,0.0,0.0,0.0,0.0,0.0,0.0,0.0
test,use,single,L31,jlens_value,5,0.0,0.0,False,False,0.0,0.0,0.0,0.0,0.0,0.0,0.0,0.0,0.0,0.0
test,use,single,L31,logit_value,5,0.0,0.0,False,False,0.0,0.0,0.0,0.0,0.0,0.0,0.0,0.0,0.0,0.0
test,use,single,L31,noop_same_value,5,0.0,0.0,False,False,0.0,0.0,0.0,0.0,0.0,0.0,0.0,0.0,0.0,0.0
test,use,single,L31,probe_basis,5,0.0,0.0,False,False,0.0,0.0,0.0,0.0,0.0,0.0,0.0,0.0,0.0,0.0
test,use,single,L31,whole_state,5,0.0,0.0,False,False,0.0,0.0,0.0,0.0,0.0,0.0,0.0,0.0,0.0,0.0
test,use,single,L8,cf_push_0.03,5,-0.0014880803369340442,0.002976189057032267,False,False,0.002976189057032267,-0.0029761855268762225,0.0020461323715391614,-3.547895522344478e-11,0.0026041650109820897,-0.0028211788998709787,-0.0014880803369340442,-0.004464281527768998,0.002790178926218124,-0.0009300595238095238
test,use,single,L8,cf_push_0.1,5,0.0020461295332227436,0.02287946144739787,True,False,0.02287946144739787,0.004268963617228327,0.004836302428018479,-2.8737953730991885e-09,0.015842010577519734,-0.0006510386036501991,0.003906262062844776,-0.004092253425291606,0.0020461295332227436,-0.007254463629353614
test,use,single,L8,cf_push_0.3,5,0.009858628114064535,0.19233631165254683,True,False,0.19233631165254683,0.11662017147810685,0.01227678997176034,-0.004092253460770562,0.10373263640536202,0.0479600718865792,0.029389881661960056,-0.0009347005791607354,0.009858628114064535,-0.01729910974169061
test,use,single,L8,cf_push_1,5,0.0288318388518833,3.2087053606907525,True,False,3.2087053606907525,2.5518833754850285,0.0288318388518833,-0.05152994504287129,1.6894531233443155,1.3349663628679183,0.40513394205343156,0.20684059327911763,0.08798362811406453,-0.020833334096130873
test,use,single,L8,gram_random,5,0.0004340211550394694,0.0020461337906973703,True,False,0.000558030747231983,-0.004836318145195643,0.0020461337906973703,0.00037202097120739167,0.0004340211550394694,-0.0028211938217282298,0.000558052034605117,-0.0016787517815828321,0.0013020851072810945,-0.0009300563395732925
test,use,single,L8,jlens_answer,5,-0.0016741071428571428,0.007161446743541294,False,False,0.004092264743078323,-0.0022321436376798722,-0.0016741071428571428,-0.005766376143410092,0.007161446743541294,0.001302075862056679,0.005952388757751102,0.0007440518765222459,-0.0011160710737818764,-0.00409226261434101
test,use,single,L8,jlens_offvalue,5,0.0005580342951275053,0.020089285714285716,True,False,0.020089285714285716,0.011904763323920113,0.0005580342951275053,-0.002976194733665103,0.01085069113307529,0.0041232580732968125,0.0037202459006082443,2.5349713507152748e-08,0.0018601197571981522,-0.0013020826237542288
test,use,single,L8,jlens_value,5,-0.002790172894795736,0.0076264966101873485,False,False,0.0076264966101873485,0.0022321456599803196,-0.002790172894795736,-0.007626492352712722,0.0021701455116271973,-0.002821174781355593,0.004092271129290263,0.00018600972280615851,0.0001860111951828003,-0.004278273827263287
test,use,single,L8,logit_value,5,-0.002387154433462355,0.0005580456483931769,False,False,-0.002046125275748117,-0.0059523675590753555,0.0005580456483931769,-0.002418136383805956,-0.002387154433462355,-0.0062934085933698545,-0.0014880789177758352,-0.0035342212411619365,0.0005580364238648187,-0.0018647699661198114
test,use,single,L8,noop_same_value,5,0.0,0.0,False,False,0.0,0.0,0.0,0.0,0.0,0.0,0.0,0.0,0.0,0.0
test,use,single,L8,probe_basis,5,-0.0013020808498064678,0.011904764033499219,False,False,0.011904764033499219,-0.0013020933916171392,0.006882444733665103,-0.003720235363358543,-0.0013020808498064678,-0.014328350851105318,0.0027901913438524517,-0.006510392824808756,0.009114582623754228,0.00260416522976898
test,use,single,L8,whole_state,5,0.0288318388518833,3.2087053606907525,True,False,3.2087053606907525,2.5518833754850285,0.0288318388518833,-0.05152994504287129,1.6894531233443155,1.3349663628679183,0.40513394205343156,0.20684059327911763,0.08798362811406453,-0.020833334096130873
