example_id,layer,n_steps,sanitized,t_failure,model_ever_wrong,t_latent_jlens,lead_jlens,latent_first_jlens,t_latent_logit,lead_logit,latent_first_logit,t_latent_random,lead_random,latent_first_random,t_latent_probe,lead_probe,latent_first_probe
synthetic_taint_1_770841,-1,7,True,2,True,7.0,-5.0,False,7.0,-5.0,False,7.0,-5.0,False,7.0,-5.0,False
synthetic_taint_1_770841,0,7,True,2,True,7.0,-5.0,False,7.0,-5.0,False,,,False,,,False
synthetic_taint_1_770841,3,7,True,2,True,7.0,-5.0,False,2.0,0.0,False,7.0,-5.0,False,7.0,-5.0,False
synthetic_taint_1_770841,7,7,True,2,True,7.0,-5.0,False,7.0,-5.0,False,2.0,0.0,False,5.0,-3.0,False
synthetic_taint_1_770841,11,7,True,2,True,2.0,0.0,False,8.0,-6.0,False,2.0,0.0,False,7.0,-5.0,False
synthetic_taint_1_770841,15,7,True,2,True,2.0,0.0,False,3.0,-1.0,False,8.0,-6.0,False,7.0,-5.0,False
synthetic_taint_1_770841,19,7,True,2,True,2.0,0.0,False,7.0,-5.0,False,3.0,-1.0,False,,,False
synthetic_taint_1_770841,23,7,True,2,True,2.0,0.0,False,2.0,0.0,False,,,False,,,False
synthetic_taint_0_968660,-1,3,False,2,True,,,False,,,False,,,False,,,False
synthetic_taint_0_968660,0,3,False,2,True,,,False,,,False,,,False,,,False
synthetic_taint_0_968660,3,3,False,2,True,,,False,2.0,0.0,False,,,False,,,False
synthetic_taint_0_968660,7,3,False,2,True,,,False,,,False,2.0,0.0,False,,,False
synthetic_taint_0_968660,11,3,False,2,True,2.0,0.0,False,,,False,2.0,0.0,False,,,False
synthetic_taint_0_968660,15,3,False,2,True,2.0,0.0,False,3.0,-1.0,False,,,False,,,False
synthetic_taint_0_968660,19,3,False,2,True,2.0,0.0,False,,,False,3.0,-1.0,False,,,False
synthetic_taint_0_968660,23,3,False,2,True,2.0,0.0,False,2.0,0.0,False,,,False,,,False
synthetic_taint_0_270176,-1,3,False,2,True,,,False,,,False,,,False,,,False
synthetic_taint_0_270176,0,3,False,2,True,,,False,,,False,4.0,-2.0,False,4.0,-2.0,False
synthetic_taint_0_270176,3,3,False,2,True,,,False,,,False,,,False,,,False
synthetic_taint_0_270176,7,3,False,2,True,,,False,,,False,2.0,0.0,False,3.0,-1.0,False
synthetic_taint_0_270176,11,3,False,2,True,,,False,2.0,0.0,False,4.0,-2.0,False,2.0,0.0,False
synthetic_taint_0_270176,15,3,False,2,True,,,False,2.0,0.0,False,4.0,-2.0,False,,,False
synthetic_taint_0_270176,19,3,False,2,True,,,False,,,False,4.0,-2.0,False,2.0,0.0,False
synthetic_taint_0_270176,23,3,False,2,True,,,False,,,False,,,False,,,False
synthetic_taint_0_620785,-1,3,False,2,True,,,False,,,False,,,False,,,False
synthetic_taint_0_620785,0,3,False,2,True,,,False,,,False,4.0,-2.0,False,4.0,-2.0,False
synthetic_taint_0_620785,3,3,False,2,True,,,False,,,False,,,False,,,False
synthetic_taint_0_620785,7,3,False,2,True,,,False,,,False,2.0,0.0,False,3.0,-1.0,False
synthetic_taint_0_620785,11,3,False,2,True,,,False,2.0,0.0,False,,,False,2.0,0.0,False
synthetic_taint_0_620785,15,3,False,2,True,,,False,2.0,0.0,False,4.0,-2.0,False,,,False
synthetic_taint_0_620785,19,3,False,2,True,,,False,,,False,,,False,2.0,0.0,False
synthetic_taint_0_620785,23,3,False,2,True,,,False,,,False,,,False,,,False
synthetic_taint_0_205943,-1,5,False,2,True,,,False,,,False,,,False,,,False
synthetic_taint_0_205943,0,5,False,2,True,,,False,,,False,,,False,4.0,-2.0,False
synthetic_taint_0_205943,3,5,False,2,True,,,False,4.0,-2.0,False,,,False,,,False
synthetic_taint_0_205943,7,5,False,2,True,,,False,,,False,2.0,0.0,False,2.0,0.0,False
synthetic_taint_0_205943,11,5,False,2,True,,,False,,,False,6.0,-4.0,False,6.0,-4.0,False
synthetic_taint_0_205943,15,5,False,2,True,,,False,2.0,0.0,False,,,False,,,False
synthetic_taint_0_205943,19,5,False,2,True,5.0,-3.0,False,,,False,,,False,,,False
synthetic_taint_0_205943,23,5,False,2,True,5.0,-3.0,False,5.0,-3.0,False,,,False,,,False
synthetic_taint_0_907065,-1,6,False,2,True,,,False,,,False,,,False,,,False
synthetic_taint_0_907065,0,6,False,2,True,,,False,,,False,4.0,-2.0,False,7.0,-5.0,False
synthetic_taint_0_907065,3,6,False,2,True,,,False,,,False,,,False,,,False
synthetic_taint_0_907065,7,6,False,2,True,,,False,,,False,2.0,0.0,False,3.0,-1.0,False
synthetic_taint_0_907065,11,6,False,2,True,,,False,2.0,0.0,False,,,False,2.0,0.0,False
synthetic_taint_0_907065,15,6,False,2,True,,,False,2.0,0.0,False,,,False,7.0,-5.0,False
synthetic_taint_0_907065,19,6,False,2,True,,,False,,,False,,,False,2.0,0.0,False
synthetic_taint_0_907065,23,6,False,2,True,,,False,,,False,,,False,,,False
synthetic_taint_1_123646,-1,5,True,2,True,5.0,-3.0,False,5.0,-3.0,False,5.0,-3.0,False,5.0,-3.0,False
synthetic_taint_1_123646,0,5,True,2,True,5.0,-3.0,False,5.0,-3.0,False,5.0,-3.0,False,,,False
synthetic_taint_1_123646,3,5,True,2,True,5.0,-3.0,False,2.0,0.0,False,5.0,-3.0,False,2.0,0.0,False
synthetic_taint_1_123646,7,5,True,2,True,5.0,-3.0,False,5.0,-3.0,False,2.0,0.0,False,,,False
synthetic_taint_1_123646,11,5,True,2,True,6.0,-4.0,False,2.0,0.0,False,,,False,,,False
synthetic_taint_1_123646,15,5,True,2,True,2.0,0.0,False,3.0,-1.0,False,5.0,-3.0,False,,,False
synthetic_taint_1_123646,19,5,True,2,True,2.0,0.0,False,6.0,-4.0,False,6.0,-4.0,False,,,False
synthetic_taint_1_123646,23,5,True,2,True,2.0,0.0,False,2.0,0.0,False,,,False,,,False
synthetic_taint_0_298774,-1,6,False,2,True,,,False,,,False,,,False,,,False
synthetic_taint_0_298774,0,6,False,2,True,,,False,,,False,4.0,-2.0,False,7.0,-5.0,False
synthetic_taint_0_298774,3,6,False,2,True,,,False,,,False,,,False,,,False
synthetic_taint_0_298774,7,6,False,2,True,,,False,,,False,2.0,0.0,False,3.0,-1.0,False
synthetic_taint_0_298774,11,6,False,2,True,,,False,2.0,0.0,False,,,False,2.0,0.0,False
synthetic_taint_0_298774,15,6,False,2,True,,,False,2.0,0.0,False,7.0,-5.0,False,,,False
synthetic_taint_0_298774,19,6,False,2,True,,,False,,,False,,,False,2.0,0.0,False
synthetic_taint_0_298774,23,6,False,2,True,,,False,,,False,,,False,,,False
synthetic_taint_0_629939,-1,5,False,2,True,,,False,,,False,,,False,,,False
synthetic_taint_0_629939,0,5,False,2,True,,,False,,,False,,,False,,,False
synthetic_taint_0_629939,3,5,False,2,True,,,False,2.0,0.0,False,,,False,2.0,0.0,False
synthetic_taint_0_629939,7,5,False,2,True,,,False,,,False,2.0,0.0,False,6.0,-4.0,False
synthetic_taint_0_629939,11,5,False,2,True,,,False,2.0,0.0,False,,,False,,,False
synthetic_taint_0_629939,15,5,False,2,True,2.0,0.0,False,3.0,-1.0,False,,,False,,,False
synthetic_taint_0_629939,19,5,False,2,True,2.0,0.0,False,,,False,,,False,,,False
synthetic_taint_0_629939,23,5,False,2,True,2.0,0.0,False,2.0,0.0,False,6.0,-4.0,False,,,False
synthetic_taint_1_591551,-1,7,True,2,True,7.0,-5.0,False,7.0,-5.0,False,7.0,-5.0,False,7.0,-5.0,False
synthetic_taint_1_591551,0,7,True,2,True,7.0,-5.0,False,7.0,-5.0,False,4.0,-2.0,False,,,False
synthetic_taint_1_591551,3,7,True,2,True,7.0,-5.0,False,7.0,-5.0,False,7.0,-5.0,False,7.0,-5.0,False
synthetic_taint_1_591551,7,7,True,2,True,7.0,-5.0,False,7.0,-5.0,False,2.0,0.0,False,3.0,-1.0,False
synthetic_taint_1_591551,11,7,True,2,True,8.0,-6.0,False,2.0,0.0,False,8.0,-6.0,False,2.0,0.0,False
synthetic_taint_1_591551,15,7,True,2,True,8.0,-6.0,False,2.0,0.0,False,,,False,,,False
synthetic_taint_1_591551,19,7,True,2,True,8.0,-6.0,False,8.0,-6.0,False,7.0,-5.0,False,2.0,0.0,False
synthetic_taint_1_591551,23,7,True,2,True,8.0,-6.0,False,8.0,-6.0,False,8.0,-6.0,False,,,False
synthetic_taint_0_271493,-1,4,False,2,True,,,False,,,False,,,False,,,False
synthetic_taint_0_271493,0,4,False,2,True,,,False,,,False,,,False,4.0,-2.0,False
synthetic_taint_0_271493,3,4,False,2,True,,,False,4.0,-2.0,False,,,False,,,False
synthetic_taint_0_271493,7,4,False,2,True,,,False,,,False,2.0,0.0,False,2.0,0.0,False
synthetic_taint_0_271493,11,4,False,2,True,,,False,,,False,,,False,5.0,-3.0,False
synthetic_taint_0_271493,15,4,False,2,True,,,False,2.0,0.0,False,5.0,-3.0,False,,,False
synthetic_taint_0_271493,19,4,False,2,True,,,False,,,False,5.0,-3.0,False,,,False
synthetic_taint_0_271493,23,4,False,2,True,,,False,,,False,5.0,-3.0,False,,,False
synthetic_taint_0_296145,-1,6,False,2,True,,,False,,,False,,,False,,,False
synthetic_taint_0_296145,0,6,False,2,True,,,False,,,False,7.0,-5.0,False,4.0,-2.0,False
synthetic_taint_0_296145,3,6,False,2,True,,,False,4.0,-2.0,False,,,False,,,False
synthetic_taint_0_296145,7,6,False,2,True,,,False,,,False,2.0,0.0,False,2.0,0.0,False
synthetic_taint_0_296145,11,6,False,2,True,,,False,,,False,,,False,7.0,-5.0,False
synthetic_taint_0_296145,15,6,False,2,True,,,False,2.0,0.0,False,,,False,,,False
synthetic_taint_0_296145,19,6,False,2,True,5.0,-3.0,False,,,False,,,False,,,False
synthetic_taint_0_296145,23,6,False,2,True,5.0,-3.0,False,5.0,-3.0,False,,,False,,,False
synthetic_taint_0_628557,-1,3,False,2,True,,,False,,,False,,,False,,,False
synthetic_taint_0_628557,0,3,False,2,True,,,False,,,False,,,False,4.0,-2.0,False
synthetic_taint_0_628557,3,3,False,2,True,,,False,,,False,,,False,,,False
synthetic_taint_0_628557,7,3,False,2,True,,,False,,,False,2.0,0.0,False,2.0,0.0,False
synthetic_taint_0_628557,11,3,False,2,True,,,False,,,False,4.0,-2.0,False,4.0,-2.0,False
synthetic_taint_0_628557,15,3,False,2,True,,,False,2.0,0.0,False,4.0,-2.0,False,,,False
synthetic_taint_0_628557,19,3,False,2,True,,,False,,,False,4.0,-2.0,False,,,False
synthetic_taint_0_628557,23,3,False,2,True,,,False,,,False,4.0,-2.0,False,,,False
synthetic_taint_0_864619,-1,3,False,2,True,,,False,,,False,,,False,,,False
synthetic_taint_0_864619,0,3,False,2,True,,,False,,,False,,,False,4.0,-2.0,False
synthetic_taint_0_864619,3,3,False,2,True,,,False,2.0,0.0,False,,,False,2.0,0.0,False
synthetic_taint_0_864619,7,3,False,2,True,,,False,,,False,2.0,0.0,False,,,False
synthetic_taint_0_864619,11,3,False,2,True,,,False,2.0,0.0,False,4.0,-2.0,False,4.0,-2.0,False
synthetic_taint_0_864619,15,3,False,2,True,2.0,0.0,False,3.0,-1.0,False,4.0,-2.0,False,,,False
synthetic_taint_0_864619,19,3,False,2,True,2.0,0.0,False,,,False,4.0,-2.0,False,,,False
synthetic_taint_0_864619,23,3,False,2,True,2.0,0.0,False,2.0,0.0,False,4.0,-2.0,False,,,False
synthetic_taint_0_412651,-1,3,False,2,True,,,False,,,False,,,False,,,False
synthetic_taint_0_412651,0,3,False,2,True,,,False,,,False,,,False,,,False
synthetic_taint_0_412651,3,3,False,2,True,,,False,2.0,0.0,False,,,False,,,False
synthetic_taint_0_412651,7,3,False,2,True,,,False,,,False,2.0,0.0,False,4.0,-2.0,False
synthetic_taint_0_412651,11,3,False,2,True,2.0,0.0,False,,,False,2.0,0.0,False,,,False
synthetic_taint_0_412651,15,3,False,2,True,2.0,0.0,False,3.0,-1.0,False,,,False,,,False
synthetic_taint_0_412651,19,3,False,2,True,2.0,0.0,False,,,False,3.0,-1.0,False,,,False
synthetic_taint_0_412651,23,3,False,2,True,2.0,0.0,False,2.0,0.0,False,,,False,,,False
synthetic_taint_1_502187,-1,6,True,2,True,6.0,-4.0,False,6.0,-4.0,False,6.0,-4.0,False,6.0,-4.0,False
synthetic_taint_1_502187,0,6,True,2,True,6.0,-4.0,False,6.0,-4.0,False,,,False,4.0,-2.0,False
synthetic_taint_1_502187,3,6,True,2,True,6.0,-4.0,False,4.0,-2.0,False,6.0,-4.0,False,6.0,-4.0,False
synthetic_taint_1_502187,7,6,True,2,True,6.0,-4.0,False,6.0,-4.0,False,2.0,0.0,False,2.0,0.0,False
synthetic_taint_1_502187,11,6,True,2,True,7.0,-5.0,False,7.0,-5.0,False,,,False,,,False
synthetic_taint_1_502187,15,6,True,2,True,7.0,-5.0,False,2.0,0.0,False,,,False,,,False
synthetic_taint_1_502187,19,6,True,2,True,5.0,-3.0,False,7.0,-5.0,False,7.0,-5.0,False,,,False
synthetic_taint_1_502187,23,6,True,2,True,5.0,-3.0,False,5.0,-3.0,False,,,False,,,False
synthetic_taint_0_278520,-1,3,False,2,True,,,False,,,False,,,False,,,False
synthetic_taint_0_278520,0,3,False,2,True,,,False,,,False,,,False,4.0,-2.0,False
synthetic_taint_0_278520,3,3,False,2,True,,,False,,,False,,,False,,,False
synthetic_taint_0_278520,7,3,False,2,True,,,False,,,False,2.0,0.0,False,3.0,-1.0,False
synthetic_taint_0_278520,11,3,False,2,True,,,False,2.0,0.0,False,4.0,-2.0,False,2.0,0.0,False
synthetic_taint_0_278520,15,3,False,2,True,,,False,2.0,0.0,False,4.0,-2.0,False,,,False
synthetic_taint_0_278520,19,3,False,2,True,,,False,,,False,,,False,2.0,0.0,False
synthetic_taint_0_278520,23,3,False,2,True,,,False,,,False,,,False,,,False
synthetic_taint_0_235778,-1,3,False,2,True,,,False,,,False,,,False,,,False
synthetic_taint_0_235778,0,3,False,2,True,,,False,,,False,,,False,,,False
synthetic_taint_0_235778,3,3,False,2,True,,,False,2.0,0.0,False,,,False,,,False
synthetic_taint_0_235778,7,3,False,2,True,,,False,,,False,2.0,0.0,False,,,False
synthetic_taint_0_235778,11,3,False,2,True,2.0,0.0,False,,,False,2.0,0.0,False,,,False
synthetic_taint_0_235778,15,3,False,2,True,2.0,0.0,False,3.0,-1.0,False,,,False,,,False
synthetic_taint_0_235778,19,3,False,2,True,2.0,0.0,False,,,False,3.0,-1.0,False,,,False
synthetic_taint_0_235778,23,3,False,2,True,2.0,0.0,False,2.0,0.0,False,,,False,,,False
synthetic_taint_0_896664,-1,4,False,2,True,,,False,,,False,,,False,,,False
synthetic_taint_0_896664,0,4,False,2,True,,,False,,,False,4.0,-2.0,False,5.0,-3.0,False
synthetic_taint_0_896664,3,4,False,2,True,,,False,,,False,,,False,,,False
synthetic_taint_0_896664,7,4,False,2,True,,,False,,,False,2.0,0.0,False,3.0,-1.0,False
synthetic_taint_0_896664,11,4,False,2,True,,,False,2.0,0.0,False,,,False,2.0,0.0,False
synthetic_taint_0_896664,15,4,False,2,True,,,False,2.0,0.0,False,5.0,-3.0,False,,,False
synthetic_taint_0_896664,19,4,False,2,True,,,False,,,False,,,False,2.0,0.0,False
synthetic_taint_0_896664,23,4,False,2,True,,,False,,,False,,,False,,,False
synthetic_taint_0_175457,-1,4,False,2,True,,,False,,,False,,,False,,,False
synthetic_taint_0_175457,0,4,False,2,True,,,False,,,False,,,False,4.0,-2.0,False
synthetic_taint_0_175457,3,4,False,2,True,,,False,4.0,-2.0,False,,,False,,,False
synthetic_taint_0_175457,7,4,False,2,True,,,False,,,False,2.0,0.0,False,2.0,0.0,False
synthetic_taint_0_175457,11,4,False,2,True,,,False,,,False,,,False,5.0,-3.0,False
synthetic_taint_0_175457,15,4,False,2,True,,,False,2.0,0.0,False,,,False,,,False
synthetic_taint_0_175457,19,4,False,2,True,,,False,,,False,,,False,,,False
synthetic_taint_0_175457,23,4,False,2,True,,,False,,,False,,,False,,,False
synthetic_taint_1_969160,-1,7,True,2,True,7.0,-5.0,False,7.0,-5.0,False,7.0,-5.0,False,7.0,-5.0,False
synthetic_taint_1_969160,0,7,True,2,True,7.0,-5.0,False,7.0,-5.0,False,4.0,-2.0,False,,,False
synthetic_taint_1_969160,3,7,True,2,True,7.0,-5.0,False,7.0,-5.0,False,7.0,-5.0,False,7.0,-5.0,False
synthetic_taint_1_969160,7,7,True,2,True,7.0,-5.0,False,7.0,-5.0,False,2.0,0.0,False,3.0,-1.0,False
synthetic_taint_1_969160,11,7,True,2,True,8.0,-6.0,False,2.0,0.0,False,,,False,2.0,0.0,False
synthetic_taint_1_969160,15,7,True,2,True,8.0,-6.0,False,2.0,0.0,False,,,False,,,False
synthetic_taint_1_969160,19,7,True,2,True,8.0,-6.0,False,8.0,-6.0,False,7.0,-5.0,False,2.0,0.0,False
synthetic_taint_1_969160,23,7,True,2,True,8.0,-6.0,False,8.0,-6.0,False,8.0,-6.0,False,,,False
synthetic_taint_1_606172,-1,5,True,2,True,5.0,-3.0,False,5.0,-3.0,False,5.0,-3.0,False,5.0,-3.0,False
synthetic_taint_1_606172,0,5,True,2,True,5.0,-3.0,False,5.0,-3.0,False,,,False,,,False
synthetic_taint_1_606172,3,5,True,2,True,5.0,-3.0,False,2.0,0.0,False,5.0,-3.0,False,5.0,-3.0,False
synthetic_taint_1_606172,7,5,True,2,True,5.0,-3.0,False,5.0,-3.0,False,2.0,0.0,False,,,False
synthetic_taint_1_606172,11,5,True,2,True,2.0,0.0,False,6.0,-4.0,False,2.0,0.0,False,5.0,-3.0,False
synthetic_taint_1_606172,15,5,True,2,True,2.0,0.0,False,3.0,-1.0,False,,,False,5.0,-3.0,False
synthetic_taint_1_606172,19,5,True,2,True,2.0,0.0,False,6.0,-4.0,False,3.0,-1.0,False,,,False
synthetic_taint_1_606172,23,5,True,2,True,2.0,0.0,False,2.0,0.0,False,,,False,6.0,-4.0,False
synthetic_taint_1_756250,-1,5,True,2,True,5.0,-3.0,False,5.0,-3.0,False,5.0,-3.0,False,5.0,-3.0,False
synthetic_taint_1_756250,0,5,True,2,True,5.0,-3.0,False,5.0,-3.0,False,5.0,-3.0,False,,,False
synthetic_taint_1_756250,3,5,True,2,True,5.0,-3.0,False,2.0,0.0,False,5.0,-3.0,False,2.0,0.0,False
synthetic_taint_1_756250,7,5,True,2,True,5.0,-3.0,False,5.0,-3.0,False,2.0,0.0,False,5.0,-3.0,False
synthetic_taint_1_756250,11,5,True,2,True,6.0,-4.0,False,2.0,0.0,False,,,False,5.0,-3.0,False
synthetic_taint_1_756250,15,5,True,2,True,2.0,0.0,False,3.0,-1.0,False,5.0,-3.0,False,5.0,-3.0,False
synthetic_taint_1_756250,19,5,True,2,True,2.0,0.0,False,6.0,-4.0,False,5.0,-3.0,False,5.0,-3.0,False
synthetic_taint_1_756250,23,5,True,2,True,2.0,0.0,False,2.0,0.0,False,,,False,,,False
synthetic_taint_1_175457,-1,4,True,2,True,4.0,-2.0,False,4.0,-2.0,False,4.0,-2.0,False,4.0,-2.0,False
synthetic_taint_1_175457,0,4,True,2,True,4.0,-2.0,False,4.0,-2.0,False,4.0,-2.0,False,,,False
synthetic_taint_1_175457,3,4,True,2,True,4.0,-2.0,False,,,False,4.0,-2.0,False,4.0,-2.0,False
synthetic_taint_1_175457,7,4,True,2,True,4.0,-2.0,False,4.0,-2.0,False,2.0,0.0,False,2.0,0.0,False
synthetic_taint_1_175457,11,4,True,2,True,5.0,-3.0,False,5.0,-3.0,False,,,False,4.0,-2.0,False
synthetic_taint_1_175457,15,4,True,2,True,5.0,-3.0,False,2.0,0.0,False,,,False,4.0,-2.0,False
synthetic_taint_1_175457,19,4,True,2,True,,,False,,,False,5.0,-3.0,False,,,False
synthetic_taint_1_175457,23,4,True,2,True,,,False,,,False,,,False,,,False
synthetic_taint_1_69448,-1,4,True,2,True,4.0,-2.0,False,4.0,-2.0,False,4.0,-2.0,False,4.0,-2.0,False
synthetic_taint_1_69448,0,4,True,2,True,4.0,-2.0,False,4.0,-2.0,False,4.0,-2.0,False,,,False
synthetic_taint_1_69448,3,4,True,2,True,4.0,-2.0,False,5.0,-3.0,False,4.0,-2.0,False,4.0,-2.0,False
synthetic_taint_1_69448,7,4,True,2,True,4.0,-2.0,False,4.0,-2.0,False,2.0,0.0,False,2.0,0.0,False
synthetic_taint_1_69448,11,4,True,2,True,5.0,-3.0,False,5.0,-3.0,False,,,False,4.0,-2.0,False
synthetic_taint_1_69448,15,4,True,2,True,5.0,-3.0,False,2.0,0.0,False,,,False,4.0,-2.0,False
synthetic_taint_1_69448,19,4,True,2,True,5.0,-3.0,False,5.0,-3.0,False,,,False,,,False
synthetic_taint_1_69448,23,4,True,2,True,,,False,,,False,,,False,,,False
synthetic_taint_1_452845,-1,6,True,2,True,6.0,-4.0,False,6.0,-4.0,False,6.0,-4.0,False,6.0,-4.0,False
synthetic_taint_1_452845,0,6,True,2,True,6.0,-4.0,False,6.0,-4.0,False,6.0,-4.0,False,4.0,-2.0,False
synthetic_taint_1_452845,3,6,True,2,True,6.0,-4.0,False,4.0,-2.0,False,6.0,-4.0,False,6.0,-4.0,False
synthetic_taint_1_452845,7,6,True,2,True,6.0,-4.0,False,6.0,-4.0,False,2.0,0.0,False,2.0,0.0,False
synthetic_taint_1_452845,11,6,True,2,True,7.0,-5.0,False,7.0,-5.0,False,7.0,-5.0,False,6.0,-4.0,False
synthetic_taint_1_452845,15,6,True,2,True,7.0,-5.0,False,2.0,0.0,False,,,False,6.0,-4.0,False
synthetic_taint_1_452845,19,6,True,2,True,5.0,-3.0,False,7.0,-5.0,False,6.0,-4.0,False,,,False
synthetic_taint_1_452845,23,6,True,2,True,5.0,-3.0,False,5.0,-3.0,False,7.0,-5.0,False,,,False
synthetic_taint_1_805999,-1,4,True,2,True,4.0,-2.0,False,4.0,-2.0,False,4.0,-2.0,False,4.0,-2.0,False
synthetic_taint_1_805999,0,4,True,2,True,4.0,-2.0,False,4.0,-2.0,False,4.0,-2.0,False,,,False
synthetic_taint_1_805999,3,4,True,2,True,4.0,-2.0,False,2.0,0.0,False,4.0,-2.0,False,4.0,-2.0,False
synthetic_taint_1_805999,7,4,True,2,True,4.0,-2.0,False,4.0,-2.0,False,2.0,0.0,False,4.0,-2.0,False
synthetic_taint_1_805999,11,4,True,2,True,2.0,0.0,False,5.0,-3.0,False,2.0,0.0,False,4.0,-2.0,False
synthetic_taint_1_805999,15,4,True,2,True,2.0,0.0,False,3.0,-1.0,False,,,False,4.0,-2.0,False
synthetic_taint_1_805999,19,4,True,2,True,2.0,0.0,False,5.0,-3.0,False,3.0,-1.0,False,4.0,-2.0,False
synthetic_taint_1_805999,23,4,True,2,True,2.0,0.0,False,2.0,0.0,False,,,False,,,False
synthetic_taint_0_38611,-1,4,False,2,True,,,False,,,False,,,False,,,False
synthetic_taint_0_38611,0,4,False,2,True,,,False,,,False,,,False,,,False
synthetic_taint_0_38611,3,4,False,2,True,,,False,2.0,0.0,False,,,False,,,False
synthetic_taint_0_38611,7,4,False,2,True,,,False,,,False,2.0,0.0,False,5.0,-3.0,False
synthetic_taint_0_38611,11,4,False,2,True,2.0,0.0,False,,,False,2.0,0.0,False,,,False
synthetic_taint_0_38611,15,4,False,2,True,2.0,0.0,False,3.0,-1.0,False,5.0,-3.0,False,,,False
synthetic_taint_0_38611,19,4,False,2,True,2.0,0.0,False,,,False,3.0,-1.0,False,,,False
synthetic_taint_0_38611,23,4,False,2,True,2.0,0.0,False,2.0,0.0,False,,,False,,,False
synthetic_taint_0_801087,-1,4,False,2,True,,,False,,,False,,,False,,,False
synthetic_taint_0_801087,0,4,False,2,True,,,False,,,False,,,False,,,False
synthetic_taint_0_801087,3,4,False,2,True,,,False,2.0,0.0,False,,,False,,,False
synthetic_taint_0_801087,7,4,False,2,True,,,False,,,False,2.0,0.0,False,5.0,-3.0,False
synthetic_taint_0_801087,11,4,False,2,True,2.0,0.0,False,,,False,2.0,0.0,False,,,False
synthetic_taint_0_801087,15,4,False,2,True,2.0,0.0,False,3.0,-1.0,False,5.0,-3.0,False,,,False
synthetic_taint_0_801087,19,4,False,2,True,2.0,0.0,False,,,False,3.0,-1.0,False,,,False
synthetic_taint_0_801087,23,4,False,2,True,2.0,0.0,False,2.0,0.0,False,,,False,,,False
synthetic_taint_1_237404,-1,4,True,2,True,4.0,-2.0,False,4.0,-2.0,False,4.0,-2.0,False,4.0,-2.0,False
synthetic_taint_1_237404,0,4,True,2,True,4.0,-2.0,False,4.0,-2.0,False,4.0,-2.0,False,,,False
synthetic_taint_1_237404,3,4,True,2,True,4.0,-2.0,False,2.0,0.0,False,4.0,-2.0,False,4.0,-2.0,False
synthetic_taint_1_237404,7,4,True,2,True,4.0,-2.0,False,4.0,-2.0,False,2.0,0.0,False,4.0,-2.0,False
synthetic_taint_1_237404,11,4,True,2,True,2.0,0.0,False,,,False,2.0,0.0,False,4.0,-2.0,False
synthetic_taint_1_237404,15,4,True,2,True,2.0,0.0,False,3.0,-1.0,False,5.0,-3.0,False,4.0,-2.0,False
synthetic_taint_1_237404,19,4,True,2,True,2.0,0.0,False,5.0,-3.0,False,3.0,-1.0,False,4.0,-2.0,False
synthetic_taint_1_237404,23,4,True,2,True,2.0,0.0,False,2.0,0.0,False,,,False,,,False
synthetic_taint_1_269774,-1,7,True,2,True,7.0,-5.0,False,7.0,-5.0,False,7.0,-5.0,False,7.0,-5.0,False
synthetic_taint_1_269774,0,7,True,2,True,7.0,-5.0,False,7.0,-5.0,False,4.0,-2.0,False,,,False
synthetic_taint_1_269774,3,7,True,2,True,7.0,-5.0,False,7.0,-5.0,False,7.0,-5.0,False,7.0,-5.0,False
synthetic_taint_1_269774,7,7,True,2,True,7.0,-5.0,False,7.0,-5.0,False,2.0,0.0,False,3.0,-1.0,False
synthetic_taint_1_269774,11,7,True,2,True,8.0,-6.0,False,2.0,0.0,False,7.0,-5.0,False,2.0,0.0,False
synthetic_taint_1_269774,15,7,True,2,True,8.0,-6.0,False,2.0,0.0,False,7.0,-5.0,False,7.0,-5.0,False
synthetic_taint_1_269774,19,7,True,2,True,8.0,-6.0,False,8.0,-6.0,False,7.0,-5.0,False,2.0,0.0,False
synthetic_taint_1_269774,23,7,True,2,True,,,False,,,False,7.0,-5.0,False,,,False
synthetic_taint_0_532510,-1,5,False,2,True,,,False,,,False,,,False,,,False
synthetic_taint_0_532510,0,5,False,2,True,,,False,,,False,,,False,4.0,-2.0,False
synthetic_taint_0_532510,3,5,False,2,True,,,False,4.0,-2.0,False,,,False,,,False
synthetic_taint_0_532510,7,5,False,2,True,,,False,,,False,2.0,0.0,False,2.0,0.0,False
synthetic_taint_0_532510,11,5,False,2,True,,,False,,,False,,,False,6.0,-4.0,False
synthetic_taint_0_532510,15,5,False,2,True,,,False,2.0,0.0,False,,,False,,,False
synthetic_taint_0_532510,19,5,False,2,True,5.0,-3.0,False,,,False,,,False,,,False
synthetic_taint_0_532510,23,5,False,2,True,5.0,-3.0,False,5.0,-3.0,False,6.0,-4.0,False,,,False
synthetic_taint_0_378596,-1,4,False,2,True,,,False,,,False,,,False,,,False
synthetic_taint_0_378596,0,4,False,2,True,,,False,,,False,,,False,,,False
synthetic_taint_0_378596,3,4,False,2,True,,,False,2.0,0.0,False,,,False,,,False
synthetic_taint_0_378596,7,4,False,2,True,,,False,,,False,2.0,0.0,False,5.0,-3.0,False
synthetic_taint_0_378596,11,4,False,2,True,2.0,0.0,False,,,False,2.0,0.0,False,,,False
synthetic_taint_0_378596,15,4,False,2,True,2.0,0.0,False,3.0,-1.0,False,,,False,,,False
synthetic_taint_0_378596,19,4,False,2,True,2.0,0.0,False,,,False,3.0,-1.0,False,,,False
synthetic_taint_0_378596,23,4,False,2,True,2.0,0.0,False,2.0,0.0,False,,,False,,,False
synthetic_taint_1_145269,-1,6,True,2,True,6.0,-4.0,False,6.0,-4.0,False,6.0,-4.0,False,6.0,-4.0,False
synthetic_taint_1_145269,0,6,True,2,True,6.0,-4.0,False,6.0,-4.0,False,,,False,4.0,-2.0,False
synthetic_taint_1_145269,3,6,True,2,True,6.0,-4.0,False,4.0,-2.0,False,6.0,-4.0,False,6.0,-4.0,False
synthetic_taint_1_145269,7,6,True,2,True,6.0,-4.0,False,6.0,-4.0,False,2.0,0.0,False,2.0,0.0,False
synthetic_taint_1_145269,11,6,True,2,True,7.0,-5.0,False,7.0,-5.0,False,,,False,,,False
synthetic_taint_1_145269,15,6,True,2,True,7.0,-5.0,False,2.0,0.0,False,,,False,,,False
synthetic_taint_1_145269,19,6,True,2,True,5.0,-3.0,False,7.0,-5.0,False,7.0,-5.0,False,,,False
synthetic_taint_1_145269,23,6,True,2,True,5.0,-3.0,False,5.0,-3.0,False,,,False,,,False
synthetic_taint_1_978659,-1,4,True,2,True,4.0,-2.0,False,4.0,-2.0,False,4.0,-2.0,False,4.0,-2.0,False
synthetic_taint_1_978659,0,4,True,2,True,4.0,-2.0,False,4.0,-2.0,False,5.0,-3.0,False,,,False
synthetic_taint_1_978659,3,4,True,2,True,4.0,-2.0,False,2.0,0.0,False,4.0,-2.0,False,4.0,-2.0,False
synthetic_taint_1_978659,7,4,True,2,True,4.0,-2.0,False,4.0,-2.0,False,2.0,0.0,False,,,False
synthetic_taint_1_978659,11,4,True,2,True,2.0,0.0,False,5.0,-3.0,False,2.0,0.0,False,4.0,-2.0,False
synthetic_taint_1_978659,15,4,True,2,True,2.0,0.0,False,3.0,-1.0,False,,,False,4.0,-2.0,False
synthetic_taint_1_978659,19,4,True,2,True,2.0,0.0,False,4.0,-2.0,False,3.0,-1.0,False,,,False
synthetic_taint_1_978659,23,4,True,2,True,2.0,0.0,False,2.0,0.0,False,,,False,5.0,-3.0,False
synthetic_taint_1_682554,-1,5,True,2,True,5.0,-3.0,False,5.0,-3.0,False,5.0,-3.0,False,5.0,-3.0,False
synthetic_taint_1_682554,0,5,True,2,True,5.0,-3.0,False,5.0,-3.0,False,4.0,-2.0,False,,,False
synthetic_taint_1_682554,3,5,True,2,True,5.0,-3.0,False,5.0,-3.0,False,5.0,-3.0,False,5.0,-3.0,False
synthetic_taint_1_682554,7,5,True,2,True,5.0,-3.0,False,5.0,-3.0,False,2.0,0.0,False,3.0,-1.0,False
synthetic_taint_1_682554,11,5,True,2,True,5.0,-3.0,False,2.0,0.0,False,,,False,2.0,0.0,False
synthetic_taint_1_682554,15,5,True,2,True,6.0,-4.0,False,2.0,0.0,False,,,False,,,False
synthetic_taint_1_682554,19,5,True,2,True,6.0,-4.0,False,6.0,-4.0,False,5.0,-3.0,False,2.0,0.0,False
synthetic_taint_1_682554,23,5,True,2,True,,,False,,,False,,,False,,,False
synthetic_taint_0_562201,-1,5,False,2,True,,,False,,,False,,,False,,,False
synthetic_taint_0_562201,0,5,False,2,True,,,False,,,False,,,False,4.0,-2.0,False
synthetic_taint_0_562201,3,5,False,2,True,,,False,4.0,-2.0,False,,,False,,,False
synthetic_taint_0_562201,7,5,False,2,True,,,False,,,False,2.0,0.0,False,2.0,0.0,False
synthetic_taint_0_562201,11,5,False,2,True,,,False,,,False,,,False,6.0,-4.0,False
synthetic_taint_0_562201,15,5,False,2,True,,,False,2.0,0.0,False,,,False,,,False
synthetic_taint_0_562201,19,5,False,2,True,5.0,-3.0,False,,,False,,,False,,,False
synthetic_taint_0_562201,23,5,False,2,True,5.0,-3.0,False,5.0,-3.0,False,,,False,,,False
synthetic_taint_0_252175,-1,6,False,2,True,,,False,,,False,,,False,,,False
synthetic_taint_0_252175,0,6,False,2,True,,,False,,,False,4.0,-2.0,False,7.0,-5.0,False
synthetic_taint_0_252175,3,6,False,2,True,,,False,,,False,,,False,,,False
synthetic_taint_0_252175,7,6,False,2,True,,,False,,,False,2.0,0.0,False,3.0,-1.0,False
synthetic_taint_0_252175,11,6,False,2,True,,,False,2.0,0.0,False,,,False,2.0,0.0,False
synthetic_taint_0_252175,15,6,False,2,True,,,False,2.0,0.0,False,7.0,-5.0,False,,,False
synthetic_taint_0_252175,19,6,False,2,True,,,False,,,False,,,False,2.0,0.0,False
synthetic_taint_0_252175,23,6,False,2,True,,,False,,,False,,,False,,,False
synthetic_taint_1_683681,-1,4,True,2,True,4.0,-2.0,False,4.0,-2.0,False,4.0,-2.0,False,4.0,-2.0,False
synthetic_taint_1_683681,0,4,True,2,True,4.0,-2.0,False,4.0,-2.0,False,4.0,-2.0,False,,,False
synthetic_taint_1_683681,3,4,True,2,True,4.0,-2.0,False,4.0,-2.0,False,4.0,-2.0,False,4.0,-2.0,False
synthetic_taint_1_683681,7,4,True,2,True,4.0,-2.0,False,4.0,-2.0,False,2.0,0.0,False,3.0,-1.0,False
synthetic_taint_1_683681,11,4,True,2,True,5.0,-3.0,False,2.0,0.0,False,,,False,2.0,0.0,False
synthetic_taint_1_683681,15,4,True,2,True,5.0,-3.0,False,2.0,0.0,False,,,False,4.0,-2.0,False
synthetic_taint_1_683681,19,4,True,2,True,5.0,-3.0,False,5.0,-3.0,False,4.0,-2.0,False,2.0,0.0,False
synthetic_taint_1_683681,23,4,True,2,True,,,False,,,False,,,False,,,False
synthetic_taint_0_452845,-1,3,False,2,True,,,False,,,False,,,False,,,False
synthetic_taint_0_452845,0,3,False,2,True,,,False,,,False,,,False,4.0,-2.0,False
synthetic_taint_0_452845,3,3,False,2,True,,,False,,,False,,,False,,,False
synthetic_taint_0_452845,7,3,False,2,True,,,False,,,False,2.0,0.0,False,2.0,0.0,False
synthetic_taint_0_452845,11,3,False,2,True,,,False,,,False,,,False,4.0,-2.0,False
synthetic_taint_0_452845,15,3,False,2,True,,,False,2.0,0.0,False,,,False,,,False
synthetic_taint_0_452845,19,3,False,2,True,,,False,,,False,,,False,,,False
synthetic_taint_0_452845,23,3,False,2,True,,,False,,,False,,,False,,,False
synthetic_taint_1_421789,-1,7,True,2,True,7.0,-5.0,False,7.0,-5.0,False,7.0,-5.0,False,7.0,-5.0,False
synthetic_taint_1_421789,0,7,True,2,True,7.0,-5.0,False,7.0,-5.0,False,7.0,-5.0,False,,,False
synthetic_taint_1_421789,3,7,True,2,True,7.0,-5.0,False,2.0,0.0,False,7.0,-5.0,False,7.0,-5.0,False
synthetic_taint_1_421789,7,7,True,2,True,7.0,-5.0,False,7.0,-5.0,False,2.0,0.0,False,5.0,-3.0,False
synthetic_taint_1_421789,11,7,True,2,True,2.0,0.0,False,8.0,-6.0,False,2.0,0.0,False,7.0,-5.0,False
synthetic_taint_1_421789,15,7,True,2,True,2.0,0.0,False,3.0,-1.0,False,7.0,-5.0,False,7.0,-5.0,False
synthetic_taint_1_421789,19,7,True,2,True,2.0,0.0,False,8.0,-6.0,False,3.0,-1.0,False,7.0,-5.0,False
synthetic_taint_1_421789,23,7,True,2,True,2.0,0.0,False,2.0,0.0,False,,,False,,,False
synthetic_taint_1_350811,-1,4,True,2,True,4.0,-2.0,False,4.0,-2.0,False,4.0,-2.0,False,4.0,-2.0,False
synthetic_taint_1_350811,0,4,True,2,True,4.0,-2.0,False,4.0,-2.0,False,4.0,-2.0,False,,,False
synthetic_taint_1_350811,3,4,True,2,True,4.0,-2.0,False,2.0,0.0,False,4.0,-2.0,False,2.0,0.0,False
synthetic_taint_1_350811,7,4,True,2,True,4.0,-2.0,False,4.0,-2.0,False,2.0,0.0,False,,,False
synthetic_taint_1_350811,11,4,True,2,True,5.0,-3.0,False,2.0,0.0,False,5.0,-3.0,False,,,False
synthetic_taint_1_350811,15,4,True,2,True,2.0,0.0,False,3.0,-1.0,False,5.0,-3.0,False,,,False
synthetic_taint_1_350811,19,4,True,2,True,2.0,0.0,False,5.0,-3.0,False,5.0,-3.0,False,,,False
synthetic_taint_1_350811,23,4,True,2,True,2.0,0.0,False,2.0,0.0,False,,,False,,,False
synthetic_taint_1_840296,-1,6,True,2,True,6.0,-4.0,False,6.0,-4.0,False,6.0,-4.0,False,6.0,-4.0,False
synthetic_taint_1_840296,0,6,True,2,True,6.0,-4.0,False,6.0,-4.0,False,4.0,-2.0,False,,,False
synthetic_taint_1_840296,3,6,True,2,True,6.0,-4.0,False,6.0,-4.0,False,6.0,-4.0,False,6.0,-4.0,False
synthetic_taint_1_840296,7,6,True,2,True,6.0,-4.0,False,6.0,-4.0,False,2.0,0.0,False,3.0,-1.0,False
synthetic_taint_1_840296,11,6,True,2,True,7.0,-5.0,False,2.0,0.0,False,6.0,-4.0,False,2.0,0.0,False
synthetic_taint_1_840296,15,6,True,2,True,7.0,-5.0,False,2.0,0.0,False,6.0,-4.0,False,,,False
synthetic_taint_1_840296,19,6,True,2,True,7.0,-5.0,False,7.0,-5.0,False,6.0,-4.0,False,2.0,0.0,False
synthetic_taint_1_840296,23,6,True,2,True,,,False,,,False,6.0,-4.0,False,,,False
synthetic_taint_1_471924,-1,7,True,2,True,7.0,-5.0,False,7.0,-5.0,False,7.0,-5.0,False,7.0,-5.0,False
synthetic_taint_1_471924,0,7,True,2,True,7.0,-5.0,False,7.0,-5.0,False,,,False,,,False
synthetic_taint_1_471924,3,7,True,2,True,7.0,-5.0,False,2.0,0.0,False,7.0,-5.0,False,7.0,-5.0,False
synthetic_taint_1_471924,7,7,True,2,True,7.0,-5.0,False,7.0,-5.0,False,2.0,0.0,False,5.0,-3.0,False
synthetic_taint_1_471924,11,7,True,2,True,2.0,0.0,False,8.0,-6.0,False,2.0,0.0,False,7.0,-5.0,False
synthetic_taint_1_471924,15,7,True,2,True,2.0,0.0,False,3.0,-1.0,False,8.0,-6.0,False,7.0,-5.0,False
synthetic_taint_1_471924,19,7,True,2,True,2.0,0.0,False,7.0,-5.0,False,3.0,-1.0,False,,,False
synthetic_taint_1_471924,23,7,True,2,True,2.0,0.0,False,2.0,0.0,False,,,False,8.0,-6.0,False
synthetic_taint_1_205943,-1,7,True,2,True,7.0,-5.0,False,7.0,-5.0,False,7.0,-5.0,False,7.0,-5.0,False
synthetic_taint_1_205943,0,7,True,2,True,7.0,-5.0,False,7.0,-5.0,False,,,False,4.0,-2.0,False
synthetic_taint_1_205943,3,7,True,2,True,7.0,-5.0,False,4.0,-2.0,False,7.0,-5.0,False,7.0,-5.0,False
synthetic_taint_1_205943,7,7,True,2,True,7.0,-5.0,False,7.0,-5.0,False,2.0,0.0,False,2.0,0.0,False
synthetic_taint_1_205943,11,7,True,2,True,8.0,-6.0,False,8.0,-6.0,False,,,False,,,False
synthetic_taint_1_205943,15,7,True,2,True,8.0,-6.0,False,2.0,0.0,False,,,False,,,False
synthetic_taint_1_205943,19,7,True,2,True,5.0,-3.0,False,8.0,-6.0,False,8.0,-6.0,False,,,False
synthetic_taint_1_205943,23,7,True,2,True,5.0,-3.0,False,5.0,-3.0,False,,,False,,,False
synthetic_taint_1_132467,-1,6,True,2,True,6.0,-4.0,False,6.0,-4.0,False,6.0,-4.0,False,6.0,-4.0,False
synthetic_taint_1_132467,0,6,True,2,True,6.0,-4.0,False,6.0,-4.0,False,6.0,-4.0,False,,,False
synthetic_taint_1_132467,3,6,True,2,True,6.0,-4.0,False,2.0,0.0,False,6.0,-4.0,False,2.0,0.0,False
synthetic_taint_1_132467,7,6,True,2,True,6.0,-4.0,False,6.0,-4.0,False,2.0,0.0,False,,,False
synthetic_taint_1_132467,11,6,True,2,True,7.0,-5.0,False,2.0,0.0,False,,,False,,,False
synthetic_taint_1_132467,15,6,True,2,True,2.0,0.0,False,3.0,-1.0,False,6.0,-4.0,False,7.0,-5.0,False
synthetic_taint_1_132467,19,6,True,2,True,2.0,0.0,False,7.0,-5.0,False,7.0,-5.0,False,,,False
synthetic_taint_1_132467,23,6,True,2,True,2.0,0.0,False,2.0,0.0,False,,,False,,,False
synthetic_taint_1_691514,-1,7,True,2,True,7.0,-5.0,False,7.0,-5.0,False,7.0,-5.0,False,7.0,-5.0,False
synthetic_taint_1_691514,0,7,True,2,True,7.0,-5.0,False,7.0,-5.0,False,,,False,,,False
synthetic_taint_1_691514,3,7,True,2,True,7.0,-5.0,False,2.0,0.0,False,7.0,-5.0,False,2.0,0.0,False
synthetic_taint_1_691514,7,7,True,2,True,7.0,-5.0,False,7.0,-5.0,False,2.0,0.0,False,6.0,-4.0,False
synthetic_taint_1_691514,11,7,True,2,True,8.0,-6.0,False,2.0,0.0,False,,,False,,,False
synthetic_taint_1_691514,15,7,True,2,True,2.0,0.0,False,3.0,-1.0,False,7.0,-5.0,False,,,False
synthetic_taint_1_691514,19,7,True,2,True,2.0,0.0,False,8.0,-6.0,False,7.0,-5.0,False,,,False
synthetic_taint_1_691514,23,7,True,2,True,2.0,0.0,False,2.0,0.0,False,,,False,,,False
synthetic_taint_0_350811,-1,6,False,2,True,,,False,,,False,,,False,,,False
synthetic_taint_0_350811,0,6,False,2,True,,,False,,,False,,,False,7.0,-5.0,False
synthetic_taint_0_350811,3,6,False,2,True,,,False,2.0,0.0,False,,,False,2.0,0.0,False
synthetic_taint_0_350811,7,6,False,2,True,,,False,,,False,2.0,0.0,False,6.0,-4.0,False
synthetic_taint_0_350811,11,6,False,2,True,,,False,2.0,0.0,False,,,False,,,False
synthetic_taint_0_350811,15,6,False,2,True,2.0,0.0,False,3.0,-1.0,False,,,False,,,False
synthetic_taint_0_350811,19,6,False,2,True,2.0,0.0,False,,,False,,,False,7.0,-5.0,False
synthetic_taint_0_350811,23,6,False,2,True,2.0,0.0,False,2.0,0.0,False,,,False,,,False
synthetic_taint_0_421789,-1,6,False,2,True,,,False,,,False,,,False,,,False
synthetic_taint_0_421789,0,6,False,2,True,,,False,,,False,,,False,,,False
synthetic_taint_0_421789,3,6,False,2,True,,,False,2.0,0.0,False,,,False,,,False
synthetic_taint_0_421789,7,6,False,2,True,,,False,,,False,2.0,0.0,False,5.0,-3.0,False
synthetic_taint_0_421789,11,6,False,2,True,2.0,0.0,False,,,False,2.0,0.0,False,,,False
synthetic_taint_0_421789,15,6,False,2,True,2.0,0.0,False,3.0,-1.0,False,,,False,,,False
synthetic_taint_0_421789,19,6,False,2,True,2.0,0.0,False,,,False,3.0,-1.0,False,,,False
synthetic_taint_0_421789,23,6,False,2,True,2.0,0.0,False,2.0,0.0,False,,,False,,,False
synthetic_taint_1_165688,-1,4,True,2,True,4.0,-2.0,False,4.0,-2.0,False,4.0,-2.0,False,4.0,-2.0,False
synthetic_taint_1_165688,0,4,True,2,True,4.0,-2.0,False,4.0,-2.0,False,4.0,-2.0,False,,,False
synthetic_taint_1_165688,3,4,True,2,True,4.0,-2.0,False,2.0,0.0,False,4.0,-2.0,False,2.0,0.0,False
synthetic_taint_1_165688,7,4,True,2,True,4.0,-2.0,False,4.0,-2.0,False,2.0,0.0,False,4.0,-2.0,False
synthetic_taint_1_165688,11,4,True,2,True,5.0,-3.0,False,2.0,0.0,False,5.0,-3.0,False,4.0,-2.0,False
synthetic_taint_1_165688,15,4,True,2,True,2.0,0.0,False,3.0,-1.0,False,4.0,-2.0,False,4.0,-2.0,False
synthetic_taint_1_165688,19,4,True,2,True,2.0,0.0,False,5.0,-3.0,False,5.0,-3.0,False,4.0,-2.0,False
synthetic_taint_1_165688,23,4,True,2,True,2.0,0.0,False,2.0,0.0,False,,,False,,,False
synthetic_taint_1_412651,-1,7,True,2,True,7.0,-5.0,False,7.0,-5.0,False,7.0,-5.0,False,7.0,-5.0,False
synthetic_taint_1_412651,0,7,True,2,True,7.0,-5.0,False,7.0,-5.0,False,7.0,-5.0,False,,,False
synthetic_taint_1_412651,3,7,True,2,True,7.0,-5.0,False,2.0,0.0,False,7.0,-5.0,False,7.0,-5.0,False
synthetic_taint_1_412651,7,7,True,2,True,7.0,-5.0,False,7.0,-5.0,False,2.0,0.0,False,5.0,-3.0,False
synthetic_taint_1_412651,11,7,True,2,True,2.0,0.0,False,8.0,-6.0,False,2.0,0.0,False,7.0,-5.0,False
synthetic_taint_1_412651,15,7,True,2,True,2.0,0.0,False,3.0,-1.0,False,7.0,-5.0,False,7.0,-5.0,False
synthetic_taint_1_412651,19,7,True,2,True,2.0,0.0,False,8.0,-6.0,False,3.0,-1.0,False,7.0,-5.0,False
synthetic_taint_1_412651,23,7,True,2,True,2.0,0.0,False,2.0,0.0,False,8.0,-6.0,False,,,False
synthetic_taint_0_145269,-1,4,False,2,True,,,False,,,False,,,False,,,False
synthetic_taint_0_145269,0,4,False,2,True,,,False,,,False,,,False,4.0,-2.0,False
synthetic_taint_0_145269,3,4,False,2,True,,,False,4.0,-2.0,False,,,False,,,False
synthetic_taint_0_145269,7,4,False,2,True,,,False,,,False,2.0,0.0,False,2.0,0.0,False
synthetic_taint_0_145269,11,4,False,2,True,,,False,,,False,5.0,-3.0,False,5.0,-3.0,False
synthetic_taint_0_145269,15,4,False,2,True,,,False,2.0,0.0,False,5.0,-3.0,False,,,False
synthetic_taint_0_145269,19,4,False,2,True,,,False,,,False,,,False,,,False
synthetic_taint_0_145269,23,4,False,2,True,,,False,,,False,,,False,,,False
synthetic_taint_1_317188,-1,5,True,2,True,5.0,-3.0,False,5.0,-3.0,False,5.0,-3.0,False,5.0,-3.0,False
synthetic_taint_1_317188,0,5,True,2,True,5.0,-3.0,False,5.0,-3.0,False,5.0,-3.0,False,,,False
synthetic_taint_1_317188,3,5,True,2,True,5.0,-3.0,False,2.0,0.0,False,5.0,-3.0,False,2.0,0.0,False
synthetic_taint_1_317188,7,5,True,2,True,5.0,-3.0,False,5.0,-3.0,False,2.0,0.0,False,,,False
synthetic_taint_1_317188,11,5,True,2,True,6.0,-4.0,False,2.0,0.0,False,,,False,,,False
synthetic_taint_1_317188,15,5,True,2,True,2.0,0.0,False,3.0,-1.0,False,5.0,-3.0,False,,,False
synthetic_taint_1_317188,19,5,True,2,True,2.0,0.0,False,6.0,-4.0,False,6.0,-4.0,False,,,False
synthetic_taint_1_317188,23,5,True,2,True,2.0,0.0,False,2.0,0.0,False,,,False,,,False
synthetic_taint_0_256787,-1,3,False,2,True,,,False,,,False,,,False,,,False
synthetic_taint_0_256787,0,3,False,2,True,,,False,,,False,,,False,,,False
synthetic_taint_0_256787,3,3,False,2,True,,,False,2.0,0.0,False,,,False,,,False
synthetic_taint_0_256787,7,3,False,2,True,,,False,,,False,2.0,0.0,False,4.0,-2.0,False
synthetic_taint_0_256787,11,3,False,2,True,2.0,0.0,False,,,False,2.0,0.0,False,,,False
synthetic_taint_0_256787,15,3,False,2,True,2.0,0.0,False,3.0,-1.0,False,,,False,,,False
synthetic_taint_0_256787,19,3,False,2,True,2.0,0.0,False,,,False,3.0,-1.0,False,,,False
synthetic_taint_0_256787,23,3,False,2,True,2.0,0.0,False,2.0,0.0,False,,,False,,,False
synthetic_taint_0_317853,-1,5,False,2,True,,,False,,,False,,,False,,,False
synthetic_taint_0_317853,0,5,False,2,True,,,False,,,False,,,False,,,False
synthetic_taint_0_317853,3,5,False,2,True,,,False,2.0,0.0,False,,,False,,,False
synthetic_taint_0_317853,7,5,False,2,True,,,False,,,False,2.0,0.0,False,5.0,-3.0,False
synthetic_taint_0_317853,11,5,False,2,True,2.0,0.0,False,,,False,2.0,0.0,False,,,False
synthetic_taint_0_317853,15,5,False,2,True,2.0,0.0,False,3.0,-1.0,False,,,False,,,False
synthetic_taint_0_317853,19,5,False,2,True,2.0,0.0,False,,,False,3.0,-1.0,False,,,False
synthetic_taint_0_317853,23,5,False,2,True,2.0,0.0,False,2.0,0.0,False,,,False,,,False
synthetic_taint_0_502233,-1,6,False,2,True,,,False,,,False,,,False,,,False
synthetic_taint_0_502233,0,6,False,2,True,,,False,,,False,,,False,7.0,-5.0,False
synthetic_taint_0_502233,3,6,False,2,True,,,False,2.0,0.0,False,,,False,2.0,0.0,False
synthetic_taint_0_502233,7,6,False,2,True,,,False,,,False,2.0,0.0,False,6.0,-4.0,False
synthetic_taint_0_502233,11,6,False,2,True,,,False,2.0,0.0,False,,,False,,,False
synthetic_taint_0_502233,15,6,False,2,True,2.0,0.0,False,3.0,-1.0,False,,,False,,,False
synthetic_taint_0_502233,19,6,False,2,True,2.0,0.0,False,,,False,,,False,7.0,-5.0,False
synthetic_taint_0_502233,23,6,False,2,True,2.0,0.0,False,2.0,0.0,False,,,False,,,False
synthetic_taint_0_387007,-1,4,False,2,True,,,False,,,False,,,False,,,False
synthetic_taint_0_387007,0,4,False,2,True,,,False,,,False,4.0,-2.0,False,5.0,-3.0,False
synthetic_taint_0_387007,3,4,False,2,True,,,False,,,False,,,False,,,False
synthetic_taint_0_387007,7,4,False,2,True,,,False,,,False,2.0,0.0,False,3.0,-1.0,False
synthetic_taint_0_387007,11,4,False,2,True,,,False,2.0,0.0,False,5.0,-3.0,False,2.0,0.0,False
synthetic_taint_0_387007,15,4,False,2,True,,,False,2.0,0.0,False,5.0,-3.0,False,,,False
synthetic_taint_0_387007,19,4,False,2,True,,,False,,,False,,,False,2.0,0.0,False
synthetic_taint_0_387007,23,4,False,2,True,,,False,,,False,,,False,,,False
synthetic_taint_0_294504,-1,6,False,2,True,,,False,,,False,,,False,,,False
synthetic_taint_0_294504,0,6,False,2,True,,,False,,,False,,,False,7.0,-5.0,False
synthetic_taint_0_294504,3,6,False,2,True,,,False,2.0,0.0,False,,,False,2.0,0.0,False
synthetic_taint_0_294504,7,6,False,2,True,,,False,,,False,2.0,0.0,False,6.0,-4.0,False
synthetic_taint_0_294504,11,6,False,2,True,,,False,2.0,0.0,False,,,False,,,False
synthetic_taint_0_294504,15,6,False,2,True,2.0,0.0,False,3.0,-1.0,False,,,False,,,False
synthetic_taint_0_294504,19,6,False,2,True,2.0,0.0,False,,,False,,,False,7.0,-5.0,False
synthetic_taint_0_294504,23,6,False,2,True,2.0,0.0,False,2.0,0.0,False,,,False,,,False
synthetic_taint_0_539218,-1,5,False,2,True,,,False,,,False,,,False,,,False
synthetic_taint_0_539218,0,5,False,2,True,,,False,,,False,,,False,4.0,-2.0,False
synthetic_taint_0_539218,3,5,False,2,True,,,False,4.0,-2.0,False,,,False,,,False
synthetic_taint_0_539218,7,5,False,2,True,,,False,,,False,2.0,0.0,False,2.0,0.0,False
synthetic_taint_0_539218,11,5,False,2,True,,,False,,,False,6.0,-4.0,False,6.0,-4.0,False
synthetic_taint_0_539218,15,5,False,2,True,,,False,2.0,0.0,False,,,False,,,False
synthetic_taint_0_539218,19,5,False,2,True,5.0,-3.0,False,,,False,,,False,,,False
synthetic_taint_0_539218,23,5,False,2,True,5.0,-3.0,False,5.0,-3.0,False,,,False,,,False
synthetic_taint_0_43208,-1,4,False,2,True,,,False,,,False,,,False,,,False
synthetic_taint_0_43208,0,4,False,2,True,,,False,,,False,,,False,,,False
synthetic_taint_0_43208,3,4,False,2,True,,,False,2.0,0.0,False,,,False,2.0,0.0,False
synthetic_taint_0_43208,7,4,False,2,True,,,False,,,False,2.0,0.0,False,5.0,-3.0,False
synthetic_taint_0_43208,11,4,False,2,True,,,False,2.0,0.0,False,,,False,,,False
synthetic_taint_0_43208,15,4,False,2,True,2.0,0.0,False,3.0,-1.0,False,,,False,,,False
synthetic_taint_0_43208,19,4,False,2,True,2.0,0.0,False,,,False,,,False,,,False
synthetic_taint_0_43208,23,4,False,2,True,2.0,0.0,False,2.0,0.0,False,5.0,-3.0,False,,,False
synthetic_taint_1_438484,-1,7,True,2,True,7.0,-5.0,False,7.0,-5.0,False,7.0,-5.0,False,7.0,-5.0,False
synthetic_taint_1_438484,0,7,True,2,True,7.0,-5.0,False,7.0,-5.0,False,4.0,-2.0,False,,,False
synthetic_taint_1_438484,3,7,True,2,True,7.0,-5.0,False,7.0,-5.0,False,7.0,-5.0,False,7.0,-5.0,False
synthetic_taint_1_438484,7,7,True,2,True,7.0,-5.0,False,7.0,-5.0,False,2.0,0.0,False,3.0,-1.0,False
synthetic_taint_1_438484,11,7,True,2,True,8.0,-6.0,False,2.0,0.0,False,8.0,-6.0,False,2.0,0.0,False
synthetic_taint_1_438484,15,7,True,2,True,8.0,-6.0,False,2.0,0.0,False,,,False,,,False
synthetic_taint_1_438484,19,7,True,2,True,8.0,-6.0,False,8.0,-6.0,False,7.0,-5.0,False,2.0,0.0,False
synthetic_taint_1_438484,23,7,True,2,True,8.0,-6.0,False,8.0,-6.0,False,8.0,-6.0,False,,,False
synthetic_taint_1_775286,-1,6,True,2,True,6.0,-4.0,False,6.0,-4.0,False,6.0,-4.0,False,6.0,-4.0,False
synthetic_taint_1_775286,0,6,True,2,True,6.0,-4.0,False,6.0,-4.0,False,6.0,-4.0,False,,,False
synthetic_taint_1_775286,3,6,True,2,True,6.0,-4.0,False,2.0,0.0,False,6.0,-4.0,False,6.0,-4.0,False
synthetic_taint_1_775286,7,6,True,2,True,6.0,-4.0,False,6.0,-4.0,False,2.0,0.0,False,5.0,-3.0,False
synthetic_taint_1_775286,11,6,True,2,True,2.0,0.0,False,7.0,-5.0,False,2.0,0.0,False,6.0,-4.0,False
synthetic_taint_1_775286,15,6,True,2,True,2.0,0.0,False,3.0,-1.0,False,6.0,-4.0,False,6.0,-4.0,False
synthetic_taint_1_775286,19,6,True,2,True,2.0,0.0,False,7.0,-5.0,False,3.0,-1.0,False,6.0,-4.0,False
synthetic_taint_1_775286,23,6,True,2,True,2.0,0.0,False,2.0,0.0,False,,,False,,,False
synthetic_taint_1_96268,-1,4,True,2,True,4.0,-2.0,False,4.0,-2.0,False,4.0,-2.0,False,4.0,-2.0,False
synthetic_taint_1_96268,0,4,True,2,True,4.0,-2.0,False,4.0,-2.0,False,4.0,-2.0,False,,,False
synthetic_taint_1_96268,3,4,True,2,True,4.0,-2.0,False,5.0,-3.0,False,4.0,-2.0,False,4.0,-2.0,False
synthetic_taint_1_96268,7,4,True,2,True,4.0,-2.0,False,4.0,-2.0,False,2.0,0.0,False,2.0,0.0,False
synthetic_taint_1_96268,11,4,True,2,True,5.0,-3.0,False,5.0,-3.0,False,,,False,4.0,-2.0,False
synthetic_taint_1_96268,15,4,True,2,True,5.0,-3.0,False,2.0,0.0,False,,,False,4.0,-2.0,False
synthetic_taint_1_96268,19,4,True,2,True,5.0,-3.0,False,5.0,-3.0,False,,,False,,,False
synthetic_taint_1_96268,23,4,True,2,True,,,False,,,False,,,False,,,False
synthetic_taint_0_580533,-1,3,False,2,True,,,False,,,False,,,False,,,False
synthetic_taint_0_580533,0,3,False,2,True,,,False,,,False,4.0,-2.0,False,4.0,-2.0,False
synthetic_taint_0_580533,3,3,False,2,True,,,False,,,False,,,False,,,False
synthetic_taint_0_580533,7,3,False,2,True,,,False,,,False,2.0,0.0,False,3.0,-1.0,False
synthetic_taint_0_580533,11,3,False,2,True,,,False,2.0,0.0,False,,,False,2.0,0.0,False
synthetic_taint_0_580533,15,3,False,2,True,,,False,2.0,0.0,False,4.0,-2.0,False,,,False
synthetic_taint_0_580533,19,3,False,2,True,,,False,,,False,,,False,2.0,0.0,False
synthetic_taint_0_580533,23,3,False,2,True,,,False,,,False,,,False,,,False
synthetic_taint_0_132467,-1,3,False,2,True,,,False,,,False,,,False,,,False
synthetic_taint_0_132467,0,3,False,2,True,,,False,,,False,,,False,,,False
synthetic_taint_0_132467,3,3,False,2,True,,,False,2.0,0.0,False,,,False,2.0,0.0,False
synthetic_taint_0_132467,7,3,False,2,True,,,False,,,False,2.0,0.0,False,,,False
synthetic_taint_0_132467,11,3,False,2,True,,,False,2.0,0.0,False,4.0,-2.0,False,,,False
synthetic_taint_0_132467,15,3,False,2,True,2.0,0.0,False,3.0,-1.0,False,4.0,-2.0,False,,,False
synthetic_taint_0_132467,19,3,False,2,True,2.0,0.0,False,,,False,,,False,,,False
synthetic_taint_0_132467,23,3,False,2,True,2.0,0.0,False,2.0,0.0,False,4.0,-2.0,False,,,False
synthetic_taint_1_294504,-1,4,True,2,True,4.0,-2.0,False,4.0,-2.0,False,4.0,-2.0,False,4.0,-2.0,False
synthetic_taint_1_294504,0,4,True,2,True,4.0,-2.0,False,4.0,-2.0,False,4.0,-2.0,False,,,False
synthetic_taint_1_294504,3,4,True,2,True,4.0,-2.0,False,2.0,0.0,False,4.0,-2.0,False,2.0,0.0,False
synthetic_taint_1_294504,7,4,True,2,True,4.0,-2.0,False,4.0,-2.0,False,2.0,0.0,False,4.0,-2.0,False
synthetic_taint_1_294504,11,4,True,2,True,,,False,2.0,0.0,False,,,False,4.0,-2.0,False
synthetic_taint_1_294504,15,4,True,2,True,2.0,0.0,False,3.0,-1.0,False,4.0,-2.0,False,4.0,-2.0,False
synthetic_taint_1_294504,19,4,True,2,True,2.0,0.0,False,5.0,-3.0,False,5.0,-3.0,False,4.0,-2.0,False
synthetic_taint_1_294504,23,4,True,2,True,2.0,0.0,False,2.0,0.0,False,,,False,,,False
synthetic_taint_0_691514,-1,5,False,2,True,,,False,,,False,,,False,,,False
synthetic_taint_0_691514,0,5,False,2,True,,,False,,,False,,,False,6.0,-4.0,False
synthetic_taint_0_691514,3,5,False,2,True,,,False,2.0,0.0,False,,,False,2.0,0.0,False
synthetic_taint_0_691514,7,5,False,2,True,,,False,,,False,2.0,0.0,False,6.0,-4.0,False
synthetic_taint_0_691514,11,5,False,2,True,,,False,2.0,0.0,False,,,False,,,False
synthetic_taint_0_691514,15,5,False,2,True,2.0,0.0,False,3.0,-1.0,False,,,False,,,False
synthetic_taint_0_691514,19,5,False,2,True,2.0,0.0,False,,,False,,,False,,,False
synthetic_taint_0_691514,23,5,False,2,True,2.0,0.0,False,2.0,0.0,False,6.0,-4.0,False,,,False
synthetic_taint_1_982496,-1,6,True,2,True,6.0,-4.0,False,6.0,-4.0,False,6.0,-4.0,False,6.0,-4.0,False
synthetic_taint_1_982496,0,6,True,2,True,6.0,-4.0,False,6.0,-4.0,False,6.0,-4.0,False,,,False
synthetic_taint_1_982496,3,6,True,2,True,6.0,-4.0,False,2.0,0.0,False,6.0,-4.0,False,2.0,0.0,False
synthetic_taint_1_982496,7,6,True,2,True,6.0,-4.0,False,6.0,-4.0,False,2.0,0.0,False,,,False
synthetic_taint_1_982496,11,6,True,2,True,7.0,-5.0,False,2.0,0.0,False,,,False,,,False
synthetic_taint_1_982496,15,6,True,2,True,2.0,0.0,False,3.0,-1.0,False,6.0,-4.0,False,,,False
synthetic_taint_1_982496,19,6,True,2,True,2.0,0.0,False,7.0,-5.0,False,,,False,,,False
synthetic_taint_1_982496,23,6,True,2,True,2.0,0.0,False,2.0,0.0,False,,,False,,,False
synthetic_taint_0_69914,-1,6,False,2,True,,,False,,,False,,,False,,,False
synthetic_taint_0_69914,0,6,False,2,True,,,False,,,False,,,False,7.0,-5.0,False
synthetic_taint_0_69914,3,6,False,2,True,,,False,2.0,0.0,False,,,False,,,False
synthetic_taint_0_69914,7,6,False,2,True,,,False,,,False,2.0,0.0,False,5.0,-3.0,False
synthetic_taint_0_69914,11,6,False,2,True,2.0,0.0,False,,,False,2.0,0.0,False,,,False
synthetic_taint_0_69914,15,6,False,2,True,2.0,0.0,False,3.0,-1.0,False,,,False,,,False
synthetic_taint_0_69914,19,6,False,2,True,2.0,0.0,False,,,False,3.0,-1.0,False,,,False
synthetic_taint_0_69914,23,6,False,2,True,2.0,0.0,False,2.0,0.0,False,,,False,,,False
synthetic_taint_0_149527,-1,4,False,2,True,,,False,,,False,,,False,,,False
synthetic_taint_0_149527,0,4,False,2,True,,,False,,,False,,,False,4.0,-2.0,False
synthetic_taint_0_149527,3,4,False,2,True,,,False,4.0,-2.0,False,,,False,,,False
synthetic_taint_0_149527,7,4,False,2,True,,,False,,,False,2.0,0.0,False,2.0,0.0,False
synthetic_taint_0_149527,11,4,False,2,True,,,False,,,False,5.0,-3.0,False,5.0,-3.0,False
synthetic_taint_0_149527,15,4,False,2,True,,,False,2.0,0.0,False,5.0,-3.0,False,,,False
synthetic_taint_0_149527,19,4,False,2,True,,,False,,,False,,,False,,,False
synthetic_taint_0_149527,23,4,False,2,True,,,False,,,False,,,False,,,False
