model,lens,basis,arm,layer,site,condition,n_candidates,n,sv1_share,sv1_floor,mean_pairwise_cosine,resultant_length,mean_norm,dropped_zero_norm
deepseek-coder-6.7b,clens,frozen_pool,main,-1,sink_arg,clean_heldout,196,18,0.3702991859465403,0.05555555555555555,-0.040712076530722056,0.13078708290315996,5.661812868856075,54
deepseek-coder-6.7b,clens,frozen_pool,same_label_unsafe,-1,sink_arg,clean_heldout,196,43,0.4992421870658556,0.023255813953488372,-0.02302786886996814,0.02763108607538868,6.650507217283274,29
deepseek-coder-6.7b,clens,frozen_pool,same_label_safe,-1,sink_arg,clean_heldout,196,43,0.4869120579233167,0.023255813953488372,-0.02320667459304106,0.024265808605159134,6.6064161292420716,29
deepseek-coder-6.7b,clens,frozen_pool,main,-1,last_token,clean_heldout,196,0,,,,,,72
deepseek-coder-6.7b,clens,frozen_pool,same_label_unsafe,-1,last_token,clean_heldout,196,0,,,,,,72
deepseek-coder-6.7b,clens,frozen_pool,same_label_safe,-1,last_token,clean_heldout,196,0,,,,,,72
deepseek-coder-6.7b,clens,frozen_pool,main,0,sink_arg,clean_heldout,196,72,0.27789449661170157,0.013888888888888888,-0.0028785898667744703,0.10512030934567652,2.9760254917455207,0
deepseek-coder-6.7b,clens,frozen_pool,same_label_unsafe,0,sink_arg,clean_heldout,196,72,0.29483700378310035,0.013888888888888888,-0.009322055720402431,0.06852960064529165,6.931439172357336,0
deepseek-coder-6.7b,clens,frozen_pool,same_label_safe,0,sink_arg,clean_heldout,196,72,0.2968828121965721,0.013888888888888888,-0.01055430392724733,0.05900146198346834,6.965780272434203,0
deepseek-coder-6.7b,clens,frozen_pool,main,0,last_token,clean_heldout,196,72,0.4006014969293326,0.013888888888888888,-0.006674759780446634,0.08548002167403157,0.18291520656697235,0
deepseek-coder-6.7b,clens,frozen_pool,same_label_unsafe,0,last_token,clean_heldout,196,72,0.4181448118685098,0.013888888888888888,-0.011627845300970776,0.0492193197771006,0.5463717695519639,0
deepseek-coder-6.7b,clens,frozen_pool,same_label_safe,0,last_token,clean_heldout,196,72,0.4226396099745347,0.013888888888888888,-0.01263645931497714,0.03778803981799573,0.5537414512614911,0
deepseek-coder-6.7b,clens,frozen_pool,main,3,sink_arg,clean_heldout,196,72,0.18185432367852336,0.013888888888888888,0.021772175082317144,0.1880390189578171,3.4742857042368467,0
deepseek-coder-6.7b,clens,frozen_pool,same_label_unsafe,3,sink_arg,clean_heldout,196,72,0.3308117112802752,0.013888888888888888,-0.011668250182115135,0.04881288494937487,6.185804209707515,0
deepseek-coder-6.7b,clens,frozen_pool,same_label_safe,3,sink_arg,clean_heldout,196,72,0.31083125279047724,0.013888888888888888,-0.01204568520880688,0.04483865367668463,6.228680391619008,0
deepseek-coder-6.7b,clens,frozen_pool,main,3,last_token,clean_heldout,196,72,0.26556695582540946,0.013888888888888888,-0.004703084248022069,0.09618277005484235,0.38467681331449316,0
deepseek-coder-6.7b,clens,frozen_pool,same_label_unsafe,3,last_token,clean_heldout,196,72,0.4296012489894478,0.013888888888888888,-0.013556780706063516,0.02281220734043322,1.7212657710686217,0
deepseek-coder-6.7b,clens,frozen_pool,same_label_safe,3,last_token,clean_heldout,196,72,0.45016595350876604,0.013888888888888888,-0.013396232288717674,0.026052166550192362,1.7433037276585661,0
deepseek-coder-6.7b,clens,frozen_pool,main,7,sink_arg,clean_heldout,196,72,0.25881316845041746,0.013888888888888888,0.037817430483309135,0.2262323524214697,4.02309268226579,0
deepseek-coder-6.7b,clens,frozen_pool,same_label_unsafe,7,sink_arg,clean_heldout,196,72,0.25758432141233184,0.013888888888888888,-0.012398027229828029,0.040780589521209255,6.182677502466741,0
deepseek-coder-6.7b,clens,frozen_pool,same_label_safe,7,sink_arg,clean_heldout,196,72,0.23923555387104095,0.013888888888888888,-0.012890148132064919,0.0343186624446749,6.411685977177279,0
deepseek-coder-6.7b,clens,frozen_pool,main,7,last_token,clean_heldout,196,72,0.22982660140112485,0.013888888888888888,0.06652593646615709,0.28194122439834557,1.4311240344321479,0
deepseek-coder-6.7b,clens,frozen_pool,same_label_unsafe,7,last_token,clean_heldout,196,72,0.2608492134776196,0.013888888888888888,-0.013705043403168898,0.01934407689097637,3.998323634903476,0
deepseek-coder-6.7b,clens,frozen_pool,same_label_safe,7,last_token,clean_heldout,196,72,0.25447963242086696,0.013888888888888888,-0.013265253495475028,0.02842314242471195,4.114483520049203,0
deepseek-coder-6.7b,clens,frozen_pool,main,11,sink_arg,clean_heldout,196,72,0.23922409502265632,0.013888888888888888,0.14147007826980973,0.3916555948285519,6.838488362964605,0
deepseek-coder-6.7b,clens,frozen_pool,same_label_unsafe,11,sink_arg,clean_heldout,196,72,0.2570629868103613,0.013888888888888888,-0.013135295415055046,0.03059457684584433,8.972355812933921,0
deepseek-coder-6.7b,clens,frozen_pool,same_label_safe,11,sink_arg,clean_heldout,196,72,0.271083920814297,0.013888888888888888,-0.01324098581847132,0.028841041091293422,9.77081154497064,0
deepseek-coder-6.7b,clens,frozen_pool,main,11,last_token,clean_heldout,196,72,0.2549563807569071,0.013888888888888888,0.1095900907735041,0.34922327394994246,3.2093383200447434,0
deepseek-coder-6.7b,clens,frozen_pool,same_label_unsafe,11,last_token,clean_heldout,196,72,0.2605923466209342,0.013888888888888888,-0.013770524000030916,0.017596083843747237,6.537530482431462,0
deepseek-coder-6.7b,clens,frozen_pool,same_label_safe,11,last_token,clean_heldout,196,72,0.2538418602099517,0.013888888888888888,-0.01350496392719764,0.023905938699924585,6.814013514695158,0
deepseek-coder-6.7b,clens,frozen_pool,main,15,sink_arg,clean_heldout,196,72,0.44842723196271117,0.013888888888888888,0.42559255344364294,0.6584606553514147,8.872645065591156,0
deepseek-coder-6.7b,clens,frozen_pool,same_label_unsafe,15,sink_arg,clean_heldout,196,72,0.2143016581026861,0.013888888888888888,-0.013540005944282474,0.023171935239022404,9.297271000754385,0
deepseek-coder-6.7b,clens,frozen_pool,same_label_safe,15,sink_arg,clean_heldout,196,72,0.21420395859854124,0.013888888888888888,-0.013580882681767003,0.02228518740558362,9.98170113346969,0
deepseek-coder-6.7b,clens,frozen_pool,main,15,last_token,clean_heldout,196,72,0.2108907840778803,0.013888888888888888,0.17738041476198552,0.43451776347944643,5.619301854721054,0
deepseek-coder-6.7b,clens,frozen_pool,same_label_unsafe,15,last_token,clean_heldout,196,72,0.20968708977753714,0.013888888888888888,-0.013813667378761328,0.016342521271188515,8.060911712076804,0
deepseek-coder-6.7b,clens,frozen_pool,same_label_safe,15,last_token,clean_heldout,196,72,0.19359593695340546,0.013888888888888888,-0.013712015662831542,0.0191655390751503,8.540121796036026,0
deepseek-coder-6.7b,clens,frozen_pool,main,19,sink_arg,clean_heldout,196,72,0.4779568125629868,0.013888888888888888,0.4540450773524442,0.6794319573080427,8.844165120206261,0
deepseek-coder-6.7b,clens,frozen_pool,same_label_unsafe,19,sink_arg,clean_heldout,196,72,0.18776416717257363,0.013888888888888888,-0.013777579991394284,0.017397246194523326,9.591788346914143,0
deepseek-coder-6.7b,clens,frozen_pool,same_label_safe,19,sink_arg,clean_heldout,196,72,0.20232000704562564,0.013888888888888888,-0.013794512414325766,0.016910556607104697,10.049016242151728,0
deepseek-coder-6.7b,clens,frozen_pool,main,19,last_token,clean_heldout,196,72,0.19304769215131076,0.013888888888888888,0.12746548325347007,0.3736094460908115,7.16900599750135,0
deepseek-coder-6.7b,clens,frozen_pool,same_label_unsafe,19,last_token,clean_heldout,196,72,0.25327629659110334,0.013888888888888888,-0.013707523277904712,0.01928076447480367,11.294186030583948,0
deepseek-coder-6.7b,clens,frozen_pool,same_label_safe,19,last_token,clean_heldout,196,72,0.2510137508704719,0.013888888888888888,-0.013494584720111754,0.024119057953337762,11.406459197190404,0
deepseek-coder-6.7b,clens,frozen_pool,main,23,sink_arg,clean_heldout,196,72,0.4616503645902718,0.013888888888888888,0.4317663824858951,0.6630675049061595,8.212783536042771,0
deepseek-coder-6.7b,clens,frozen_pool,same_label_unsafe,23,sink_arg,clean_heldout,196,72,0.18775265764754137,0.013888888888888888,-0.01373245427141245,0.018632314644826956,9.494993853383862,0
deepseek-coder-6.7b,clens,frozen_pool,same_label_safe,23,sink_arg,clean_heldout,196,72,0.22259222942947363,0.013888888888888888,-0.013772637540857413,0.01753676083384215,9.698933418171485,0
deepseek-coder-6.7b,clens,frozen_pool,main,23,last_token,clean_heldout,196,72,0.18387700402042773,0.013888888888888888,0.10193395345848519,0.33824117578110446,6.579693328385162,0
deepseek-coder-6.7b,clens,frozen_pool,same_label_unsafe,23,last_token,clean_heldout,196,72,0.2297705658455279,0.013888888888888888,-0.013752527212647851,0.018093341279015473,10.378918422678876,0
deepseek-coder-6.7b,clens,frozen_pool,same_label_safe,23,last_token,clean_heldout,196,72,0.21485032936835283,0.013888888888888888,-0.013815408190859087,0.016289916124624066,10.452109668539915,0
deepseek-coder-6.7b,clens,frozen_pool,main,27,sink_arg,clean_heldout,196,72,0.40289357926276487,0.013888888888888888,0.37385332419110645,0.618506108134401,7.743796011975866,0
deepseek-coder-6.7b,clens,frozen_pool,same_label_unsafe,27,sink_arg,clean_heldout,196,72,0.20269799283377474,0.013888888888888888,-0.013639469654189471,0.020948897661448137,10.145930768654983,0
deepseek-coder-6.7b,clens,frozen_pool,same_label_safe,27,sink_arg,clean_heldout,196,72,0.23835292793378318,0.013888888888888888,-0.013818394835442963,0.0161992655369987,10.046605289560395,0
deepseek-coder-6.7b,clens,frozen_pool,main,27,last_token,clean_heldout,196,72,0.18143705476121033,0.013888888888888888,0.0903886437862304,0.32097061367788016,6.142058200453094,0
deepseek-coder-6.7b,clens,frozen_pool,same_label_unsafe,27,last_token,clean_heldout,196,72,0.22346923304264918,0.013888888888888888,-0.01374770438911886,0.018224292537922838,10.153816199226704,0
deepseek-coder-6.7b,clens,frozen_pool,same_label_safe,27,last_token,clean_heldout,196,72,0.20995672120390912,0.013888888888888888,-0.013864540890794249,0.014727900937415963,10.36196222503269,0
deepseek-coder-6.7b,clens,frozen_pool,main,31,sink_arg,clean_heldout,196,72,0.36884268279559346,0.013888888888888888,0.3298051264357933,0.5823344301761915,4.76225445845615,0
deepseek-coder-6.7b,clens,frozen_pool,same_label_unsafe,31,sink_arg,clean_heldout,196,72,0.2870311491053837,0.013888888888888888,-0.013192155612951478,0.029664080289984116,7.6410594874520825,0
deepseek-coder-6.7b,clens,frozen_pool,same_label_safe,31,sink_arg,clean_heldout,196,72,0.257368952020135,0.013888888888888888,-0.013407506465166303,0.025837913834021876,7.701341663016431,0
deepseek-coder-6.7b,clens,frozen_pool,main,31,last_token,clean_heldout,196,72,0.17234416505333947,0.013888888888888888,0.07213604620425076,0.29158711487739825,1.8531638700695376,0
deepseek-coder-6.7b,clens,frozen_pool,same_label_unsafe,31,last_token,clean_heldout,196,72,0.25395319599505634,0.013888888888888888,-0.013776119497569636,0.017438588943519986,3.63893880267521,0
deepseek-coder-6.7b,clens,frozen_pool,same_label_safe,31,last_token,clean_heldout,196,72,0.2431918325066554,0.013888888888888888,-0.013873355788550415,0.014429781613097138,3.686230432628354,0
deepseek-coder-6.7b,logit,frozen_pool,main,-1,sink_arg,clean_heldout,196,18,0.23596794942796123,0.05555555555555555,-0.02966183939247361,0.16595660917640637,19.045759832155536,54
deepseek-coder-6.7b,logit,frozen_pool,same_label_unsafe,-1,sink_arg,clean_heldout,196,43,0.37068476453823324,0.023255813953488372,-0.02375671219043649,0.007182161366833718,18.044888404936433,29
deepseek-coder-6.7b,logit,frozen_pool,same_label_safe,-1,sink_arg,clean_heldout,196,43,0.3729996367776434,0.023255813953488372,-0.02375251133328918,0.007462345790318866,18.025322849275152,29
deepseek-coder-6.7b,logit,frozen_pool,main,-1,last_token,clean_heldout,196,0,,,,,,72
deepseek-coder-6.7b,logit,frozen_pool,same_label_unsafe,-1,last_token,clean_heldout,196,0,,,,,,72
deepseek-coder-6.7b,logit,frozen_pool,same_label_safe,-1,last_token,clean_heldout,196,0,,,,,,72
deepseek-coder-6.7b,logit,frozen_pool,main,0,sink_arg,clean_heldout,196,72,0.25208826836586673,0.013888888888888888,0.0008528665358613234,0.12136684084294433,4.903247493851048,0
deepseek-coder-6.7b,logit,frozen_pool,same_label_unsafe,0,sink_arg,clean_heldout,196,72,0.22025118901946789,0.013888888888888888,-0.011254101659809447,0.052830807267888656,10.112518717770136,0
deepseek-coder-6.7b,logit,frozen_pool,same_label_safe,0,sink_arg,clean_heldout,196,72,0.22233833165616435,0.013888888888888888,-0.011081743601813935,0.054415607987559046,10.024895339962969,0
deepseek-coder-6.7b,logit,frozen_pool,main,0,last_token,clean_heldout,196,72,0.25569625298094834,0.013888888888888888,-0.005158066580125157,0.0938214374350371,0.5614995725484945,0
deepseek-coder-6.7b,logit,frozen_pool,same_label_unsafe,0,last_token,clean_heldout,196,72,0.3288404333844355,0.013888888888888888,-0.012456758402832122,0.040064211204383304,1.68845663289986,0
deepseek-coder-6.7b,logit,frozen_pool,same_label_safe,0,last_token,clean_heldout,196,72,0.32272927640037435,0.013888888888888888,-0.012867565928955663,0.03464158127728782,1.6915257976659657,0
deepseek-coder-6.7b,logit,frozen_pool,main,3,sink_arg,clean_heldout,196,72,0.14053497981579097,0.013888888888888888,0.012556032365205347,0.16208186794237228,9.319346316407607,0
deepseek-coder-6.7b,logit,frozen_pool,same_label_unsafe,3,sink_arg,clean_heldout,196,72,0.19688873916820857,0.013888888888888888,-0.0127165567953534,0.036728067440520186,12.257123890356354,0
deepseek-coder-6.7b,logit,frozen_pool,same_label_safe,3,sink_arg,clean_heldout,196,72,0.1869410902717913,0.013888888888888888,-0.013130860328864999,0.03066596843647716,12.474577332194862,0
deepseek-coder-6.7b,logit,frozen_pool,main,3,last_token,clean_heldout,196,72,0.20011182152963958,0.013888888888888888,-0.004170067317430894,0.09887739465160367,1.0361896714746124,0
deepseek-coder-6.7b,logit,frozen_pool,same_label_unsafe,3,last_token,clean_heldout,196,72,0.23020269581542058,0.013888888888888888,-0.0136203553886805,0.021394043629687033,3.9945103197227385,0
deepseek-coder-6.7b,logit,frozen_pool,same_label_safe,3,last_token,clean_heldout,196,72,0.2380454027817721,0.013888888888888888,-0.0135192538446607,0.023609372264788514,3.9982639382577876,0
deepseek-coder-6.7b,logit,frozen_pool,main,7,sink_arg,clean_heldout,196,72,0.26221393252826897,0.013888888888888888,0.06816267738618748,0.28478915432735574,8.576279089722014,0
deepseek-coder-6.7b,logit,frozen_pool,same_label_unsafe,7,sink_arg,clean_heldout,196,72,0.22292229348955772,0.013888888888888888,-0.013368718805909511,0.02656777621596234,11.941548561089114,0
deepseek-coder-6.7b,logit,frozen_pool,same_label_safe,7,sink_arg,clean_heldout,196,72,0.1807557907394121,0.013888888888888888,-0.013513274121074944,0.0237339236243537,11.981310757477916,0
deepseek-coder-6.7b,logit,frozen_pool,main,7,last_token,clean_heldout,196,72,0.25031194613868357,0.013888888888888888,0.04922815150734226,0.24986659654651777,3.4045603448182953,0
deepseek-coder-6.7b,logit,frozen_pool,same_label_unsafe,7,last_token,clean_heldout,196,72,0.2640180868834498,0.013888888888888888,-0.013765883075135312,0.017725649049937946,9.34973110478049,0
deepseek-coder-6.7b,logit,frozen_pool,same_label_safe,7,last_token,clean_heldout,196,72,0.27326586724180474,0.013888888888888888,-0.01352097048075072,0.023573494963947585,9.59190741770547,0
deepseek-coder-6.7b,logit,frozen_pool,main,11,sink_arg,clean_heldout,196,72,0.3190270668202884,0.013888888888888888,0.2751136498375319,0.5340238906753242,11.393637693591602,0
deepseek-coder-6.7b,logit,frozen_pool,same_label_unsafe,11,sink_arg,clean_heldout,196,72,0.23512937094637598,0.013888888888888888,-0.013481490005798763,0.024385278342420727,12.98288929785383,0
deepseek-coder-6.7b,logit,frozen_pool,same_label_safe,11,sink_arg,clean_heldout,196,72,0.18189338553084508,0.013888888888888888,-0.013657941915031635,0.020509524898593513,12.83490161069635,0
deepseek-coder-6.7b,logit,frozen_pool,main,11,last_token,clean_heldout,196,72,0.2348892372186323,0.013888888888888888,0.18049350224130395,0.4380359995849622,6.131756682811172,0
deepseek-coder-6.7b,logit,frozen_pool,same_label_unsafe,11,last_token,clean_heldout,196,72,0.2485953605176132,0.013888888888888888,-0.013741137812254674,0.018401092709823836,11.147362109417612,0
deepseek-coder-6.7b,logit,frozen_pool,same_label_safe,11,last_token,clean_heldout,196,72,0.23683488602916075,0.013888888888888888,-0.013511118722579863,0.023778658351797755,11.728972366733023,0
deepseek-coder-6.7b,logit,frozen_pool,main,15,sink_arg,clean_heldout,196,72,0.5722189680416334,0.013888888888888888,0.5564204990014264,0.7500542149766138,13.285045873961922,0
deepseek-coder-6.7b,logit,frozen_pool,same_label_unsafe,15,sink_arg,clean_heldout,196,72,0.20202342792862513,0.013888888888888888,-0.013690460227429637,0.019712278975191455,11.92918085393853,0
deepseek-coder-6.7b,logit,frozen_pool,same_label_safe,15,sink_arg,clean_heldout,196,72,0.18909871978597245,0.013888888888888888,-0.013657366240091716,0.02052335964262855,12.286223949514214,0
deepseek-coder-6.7b,logit,frozen_pool,main,15,last_token,clean_heldout,196,72,0.29751419504284665,0.013888888888888888,0.2608944564447982,0.5207300751986563,9.00252432880818,0
deepseek-coder-6.7b,logit,frozen_pool,same_label_unsafe,15,last_token,clean_heldout,196,72,0.22639039408563086,0.013888888888888888,-0.01385204973541567,0.015140301619577134,12.003300558344591,0
deepseek-coder-6.7b,logit,frozen_pool,same_label_safe,15,last_token,clean_heldout,196,72,0.20270810533057304,0.013888888888888888,-0.01378922828389976,0.01706392875300814,12.500888963287236,0
deepseek-coder-6.7b,logit,frozen_pool,main,19,sink_arg,clean_heldout,196,72,0.5767748294591493,0.013888888888888888,0.5595741975548106,0.7521244728027213,11.605916224784872,0
deepseek-coder-6.7b,logit,frozen_pool,same_label_unsafe,19,sink_arg,clean_heldout,196,72,0.17370285620732814,0.013888888888888888,-0.01384097561206285,0.015496743180933163,10.519944967359041,0
deepseek-coder-6.7b,logit,frozen_pool,same_label_safe,19,sink_arg,clean_heldout,196,72,0.18573099930524614,0.013888888888888888,-0.013821302865460005,0.0161105109548685,11.1656510154763,0
deepseek-coder-6.7b,logit,frozen_pool,main,19,last_token,clean_heldout,196,72,0.2166754709779429,0.013888888888888888,0.1473829663109252,0.39902991060396314,8.214963744325166,0
deepseek-coder-6.7b,logit,frozen_pool,same_label_unsafe,19,last_token,clean_heldout,196,72,0.22274407656837733,0.013888888888888888,-0.01372193602996974,0.018908603961684704,12.230493369452358,0
deepseek-coder-6.7b,logit,frozen_pool,same_label_safe,19,last_token,clean_heldout,196,72,0.2047547603151945,0.013888888888888888,-0.013720495377777342,0.018946132769354546,12.141954307032908,0
deepseek-coder-6.7b,logit,frozen_pool,main,23,sink_arg,clean_heldout,196,72,0.5301994253363048,0.013888888888888888,0.5069556478847641,0.7168008692158421,10.043517620859006,0
deepseek-coder-6.7b,logit,frozen_pool,same_label_unsafe,23,sink_arg,clean_heldout,196,72,0.18004932453788053,0.013888888888888888,-0.013809659829188813,0.016462985472296122,10.06516857446534,0
deepseek-coder-6.7b,logit,frozen_pool,same_label_safe,23,sink_arg,clean_heldout,196,72,0.21068865474023532,0.013888888888888888,-0.013835332049528026,0.015675274445368897,10.711281305302592,0
deepseek-coder-6.7b,logit,frozen_pool,main,23,last_token,clean_heldout,196,72,0.20115368743523288,0.013888888888888888,0.10777781685616573,0.3466551479814663,6.770455426163616,0
deepseek-coder-6.7b,logit,frozen_pool,same_label_unsafe,23,last_token,clean_heldout,196,72,0.21324905779932468,0.013888888888888888,-0.013771452526880465,0.01757004655636617,10.510565221184246,0
deepseek-coder-6.7b,logit,frozen_pool,same_label_safe,23,last_token,clean_heldout,196,72,0.18954339264051762,0.013888888888888888,-0.01381066496839395,0.016432854643142078,10.589404122503375,0
deepseek-coder-6.7b,logit,frozen_pool,main,27,sink_arg,clean_heldout,196,72,0.4538733834591069,0.013888888888888888,0.4280384426134414,0.6602895979285901,7.655260088655418,0
deepseek-coder-6.7b,logit,frozen_pool,same_label_unsafe,27,sink_arg,clean_heldout,196,72,0.19470889036583458,0.013888888888888888,-0.013818886950876397,0.016184280133553403,8.853352028796804,0
deepseek-coder-6.7b,logit,frozen_pool,same_label_safe,27,sink_arg,clean_heldout,196,72,0.23078087768704217,0.013888888888888888,-0.013858541224210064,0.014927404459716404,9.24198110222479,0
deepseek-coder-6.7b,logit,frozen_pool,main,27,last_token,clean_heldout,196,72,0.20126877091567275,0.013888888888888888,0.09994399470969088,0.33532785831324124,5.533044135221431,0
deepseek-coder-6.7b,logit,frozen_pool,same_label_unsafe,27,last_token,clean_heldout,196,72,0.20855208349524457,0.013888888888888888,-0.013747352026342743,0.01823382316894788,9.084352855975167,0
deepseek-coder-6.7b,logit,frozen_pool,same_label_safe,27,last_token,clean_heldout,196,72,0.1962395405755646,0.013888888888888888,-0.013814334796205224,0.016322372797545986,9.29673301735739,0
deepseek-coder-6.7b,logit,frozen_pool,main,31,sink_arg,clean_heldout,196,72,0.36884014598024056,0.013888888888888888,0.3298036012083351,0.5823331387830217,4.7623410040948,0
deepseek-coder-6.7b,logit,frozen_pool,same_label_unsafe,31,sink_arg,clean_heldout,196,72,0.2870320045004694,0.013888888888888888,-0.013192151734093471,0.02966414476157371,7.641237054673297,0
deepseek-coder-6.7b,logit,frozen_pool,same_label_safe,31,sink_arg,clean_heldout,196,72,0.2573752706897247,0.013888888888888888,-0.013407494506838083,0.025838142029462396,7.701536178181194,0
deepseek-coder-6.7b,logit,frozen_pool,main,31,last_token,clean_heldout,196,72,0.17234495369145936,0.013888888888888888,0.07213473167404702,0.2915848920806516,1.8532341278734437,0
deepseek-coder-6.7b,logit,frozen_pool,same_label_unsafe,31,last_token,clean_heldout,196,72,0.25395081077249543,0.013888888888888888,-0.013776122024361789,0.017438517501302597,3.639076738480375,0
deepseek-coder-6.7b,logit,frozen_pool,same_label_safe,31,last_token,clean_heldout,196,72,0.24318851414904355,0.013888888888888888,-0.01387337041038049,0.014429281986730122,3.6863841230223104,0
deepseek-coder-6.7b,clrp,frozen_pool,main,-1,sink_arg,clean_heldout,196,18,0.2632367063344491,0.05555555555555555,-0.03552815554203555,0.14832796915120888,8.896478448035808,54
deepseek-coder-6.7b,clrp,frozen_pool,same_label_unsafe,-1,sink_arg,clean_heldout,196,43,0.4512084109825772,0.023255813953488372,-0.023371544419000138,0.020683177301908634,11.163506642946789,29
deepseek-coder-6.7b,clrp,frozen_pool,same_label_safe,-1,sink_arg,clean_heldout,196,43,0.45410765394614494,0.023255813953488372,-0.023560318115744605,0.01560160929290709,11.210123901387632,29
deepseek-coder-6.7b,clrp,frozen_pool,main,-1,last_token,clean_heldout,196,0,,,,,,72
deepseek-coder-6.7b,clrp,frozen_pool,same_label_unsafe,-1,last_token,clean_heldout,196,0,,,,,,72
deepseek-coder-6.7b,clrp,frozen_pool,same_label_safe,-1,last_token,clean_heldout,196,0,,,,,,72
deepseek-coder-6.7b,clrp,frozen_pool,main,0,sink_arg,clean_heldout,196,72,0.275546690072851,0.013888888888888888,0.002687729541249755,0.12860516651043552,2.6501153359151144,0
deepseek-coder-6.7b,clrp,frozen_pool,same_label_unsafe,0,sink_arg,clean_heldout,196,72,0.27028631469343045,0.013888888888888888,-0.01060646735379397,0.0585639273074765,6.787417428401769,0
deepseek-coder-6.7b,clrp,frozen_pool,same_label_safe,0,sink_arg,clean_heldout,196,72,0.26697311062732926,0.013888888888888888,-0.01120931577845282,0.053247141254751565,6.815595821619866,0
deepseek-coder-6.7b,clrp,frozen_pool,main,0,last_token,clean_heldout,196,72,0.2883515515272703,0.013888888888888888,-0.006966616290442441,0.083779658378606,0.11992102788355258,0
deepseek-coder-6.7b,clrp,frozen_pool,same_label_unsafe,0,last_token,clean_heldout,196,72,0.32783269334307097,0.013888888888888888,-0.012568678737202228,0.03866232189286882,0.38064425921042544,0
deepseek-coder-6.7b,clrp,frozen_pool,same_label_safe,0,last_token,clean_heldout,196,72,0.3449839631484261,0.013888888888888888,-0.012832100459909561,0.03514273817558995,0.3870481029524091,0
deepseek-coder-6.7b,clrp,frozen_pool,main,3,sink_arg,clean_heldout,196,72,0.14541514537721367,0.013888888888888888,0.005949705527458341,0.1405558949932544,4.931852846372043,0
deepseek-coder-6.7b,clrp,frozen_pool,same_label_unsafe,3,sink_arg,clean_heldout,196,72,0.26960482155132837,0.013888888888888888,-0.0111600625828612,0.053701277221627555,8.616106484900365,0
deepseek-coder-6.7b,clrp,frozen_pool,same_label_safe,3,sink_arg,clean_heldout,196,72,0.25590440179857565,0.013888888888888888,-0.012078052488520407,0.0444813121363984,8.711646682317078,0
deepseek-coder-6.7b,clrp,frozen_pool,main,3,last_token,clean_heldout,196,72,0.23493533209624257,0.013888888888888888,-0.004443563620499289,0.09750405852981416,0.32777103985253375,0
deepseek-coder-6.7b,clrp,frozen_pool,same_label_unsafe,3,last_token,clean_heldout,196,72,0.312026100446131,0.013888888888888888,-0.013698463727297555,0.019511063585777425,1.3599107036067488,0
deepseek-coder-6.7b,clrp,frozen_pool,same_label_safe,3,last_token,clean_heldout,196,72,0.3254502398095281,0.013888888888888888,-0.013688826702239199,0.01975309544695077,1.3622795828466363,0
deepseek-coder-6.7b,clrp,frozen_pool,main,7,sink_arg,clean_heldout,196,72,0.26112925551183186,0.013888888888888888,0.03803342683106497,0.22670261066126587,6.678221109248274,0
deepseek-coder-6.7b,clrp,frozen_pool,same_label_unsafe,7,sink_arg,clean_heldout,196,72,0.22651120491485516,0.013888888888888888,-0.013316976911900338,0.027511270229741053,9.763070504351086,0
deepseek-coder-6.7b,clrp,frozen_pool,same_label_safe,7,sink_arg,clean_heldout,196,72,0.22701015981933464,0.013888888888888888,-0.01322009087497161,0.029196068008907883,9.858360099758203,0
deepseek-coder-6.7b,clrp,frozen_pool,main,7,last_token,clean_heldout,196,72,0.2349472202222453,0.013888888888888888,0.07040513201233796,0.2886454084954409,2.197191127540495,0
deepseek-coder-6.7b,clrp,frozen_pool,same_label_unsafe,7,last_token,clean_heldout,196,72,0.26645484948662285,0.013888888888888888,-0.013718802566084671,0.018990135526982775,6.101370470356063,0
deepseek-coder-6.7b,clrp,frozen_pool,same_label_safe,7,last_token,clean_heldout,196,72,0.2704583855804413,0.013888888888888888,-0.013610071007252476,0.021629762958156273,6.282776011118596,0
deepseek-coder-6.7b,clrp,frozen_pool,main,11,sink_arg,clean_heldout,196,72,0.26985687138360526,0.013888888888888888,0.22524194010511614,0.4858008529374638,8.907150257180938,0
deepseek-coder-6.7b,clrp,frozen_pool,same_label_unsafe,11,sink_arg,clean_heldout,196,72,0.22545079154233522,0.013888888888888888,-0.013552150893414501,0.022912056071825528,10.400338153531019,0
deepseek-coder-6.7b,clrp,frozen_pool,same_label_safe,11,sink_arg,clean_heldout,196,72,0.1861993394784924,0.013888888888888888,-0.013587245291357627,0.022143968426842714,10.457514045521624,0
deepseek-coder-6.7b,clrp,frozen_pool,main,11,last_token,clean_heldout,196,72,0.2123709608580694,0.013888888888888888,0.1396220429572875,0.3893221504167249,4.608858879228746,0
deepseek-coder-6.7b,clrp,frozen_pool,same_label_unsafe,11,last_token,clean_heldout,196,72,0.25387186358837527,0.013888888888888888,-0.013755268896124351,0.018018473689511,9.10354012627396,0
deepseek-coder-6.7b,clrp,frozen_pool,same_label_safe,11,last_token,clean_heldout,196,72,0.24528411806645778,0.013888888888888888,-0.013656109109726543,0.020553538898250085,9.370443126214127,0
deepseek-coder-6.7b,clrp,frozen_pool,main,15,sink_arg,clean_heldout,196,72,0.5310643763223204,0.013888888888888888,0.5138947638428484,0.7215581927025306,10.120986089454586,0
deepseek-coder-6.7b,clrp,frozen_pool,same_label_unsafe,15,sink_arg,clean_heldout,196,72,0.20251459456917217,0.013888888888888888,-0.01366250706878675,0.020399481922935694,9.66636913712679,0
deepseek-coder-6.7b,clrp,frozen_pool,same_label_safe,15,sink_arg,clean_heldout,196,72,0.18606339974816286,0.013888888888888888,-0.01372071715877608,0.018940360244908826,10.349087276098034,0
deepseek-coder-6.7b,clrp,frozen_pool,main,15,last_token,clean_heldout,196,72,0.2635843195130766,0.013888888888888888,0.23288882010090572,0.49350090379243344,7.014598885618099,0
deepseek-coder-6.7b,clrp,frozen_pool,same_label_unsafe,15,last_token,clean_heldout,196,72,0.2242893873605045,0.013888888888888888,-0.013816351950272492,0.016261325767092716,10.136291130118918,0
deepseek-coder-6.7b,clrp,frozen_pool,same_label_safe,15,last_token,clean_heldout,196,72,0.20071615127672915,0.013888888888888888,-0.013735018777549977,0.018564327648129594,10.351823744155793,0
deepseek-coder-6.7b,clrp,frozen_pool,main,19,sink_arg,clean_heldout,196,72,0.5469062559760851,0.013888888888888888,0.5273439658996472,0.7306905179622423,8.790174646116604,0
deepseek-coder-6.7b,clrp,frozen_pool,same_label_unsafe,19,sink_arg,clean_heldout,196,72,0.19179234759605143,0.013888888888888888,-0.013777134416485927,0.017409869658352308,8.841462414899137,0
deepseek-coder-6.7b,clrp,frozen_pool,same_label_safe,19,sink_arg,clean_heldout,196,72,0.20895955954445147,0.013888888888888888,-0.013802723309459981,0.016669435198532503,9.335381721319818,0
deepseek-coder-6.7b,clrp,frozen_pool,main,19,last_token,clean_heldout,196,72,0.203475338527606,0.013888888888888888,0.13139221447984573,0.37875613724527163,6.930072545161325,0
deepseek-coder-6.7b,clrp,frozen_pool,same_label_unsafe,19,last_token,clean_heldout,196,72,0.2292728997959515,0.013888888888888888,-0.013711139611576618,0.01918806326645553,10.724312738580249,0
deepseek-coder-6.7b,clrp,frozen_pool,same_label_safe,19,last_token,clean_heldout,196,72,0.22243407504167415,0.013888888888888888,-0.013631321766778351,0.0211397974337034,10.482319975983772,0
deepseek-coder-6.7b,clrp,frozen_pool,main,23,sink_arg,clean_heldout,196,72,0.5083699532108752,0.013888888888888888,0.48361048126194617,0.700558746937818,7.983340690232307,0
deepseek-coder-6.7b,clrp,frozen_pool,same_label_unsafe,23,sink_arg,clean_heldout,196,72,0.19181037416004537,0.013888888888888888,-0.013764421869242911,0.017766247369877614,8.728494008723576,0
deepseek-coder-6.7b,clrp,frozen_pool,same_label_safe,23,sink_arg,clean_heldout,196,72,0.23411753220999262,0.013888888888888888,-0.013784102608554564,0.01721139593111445,9.099476226694426,0
deepseek-coder-6.7b,clrp,frozen_pool,main,23,last_token,clean_heldout,196,72,0.1879253773862128,0.013888888888888888,0.10192457167616494,0.3382274996418771,6.339861082237716,0
deepseek-coder-6.7b,clrp,frozen_pool,same_label_unsafe,23,last_token,clean_heldout,196,72,0.22575603048478193,0.013888888888888888,-0.013764452609721945,0.017765394228098405,10.045667988269463,0
deepseek-coder-6.7b,clrp,frozen_pool,same_label_safe,23,last_token,clean_heldout,196,72,0.20497908747506421,0.013888888888888888,-0.013790314342642806,0.01703251860101422,10.067430565385168,0
deepseek-coder-6.7b,clrp,frozen_pool,main,27,sink_arg,clean_heldout,196,72,0.4358061614989508,0.013888888888888888,0.4091099651346081,0.6460005968839387,6.579497160817326,0
deepseek-coder-6.7b,clrp,frozen_pool,same_label_unsafe,27,sink_arg,clean_heldout,196,72,0.20448688344347524,0.013888888888888888,-0.013753322818103318,0.018071647497094185,8.094477107142628,0
deepseek-coder-6.7b,clrp,frozen_pool,same_label_safe,27,sink_arg,clean_heldout,196,72,0.24291348673313518,0.013888888888888888,-0.013829601787472615,0.015854491603960647,8.390364750689864,0
deepseek-coder-6.7b,clrp,frozen_pool,main,27,last_token,clean_heldout,196,72,0.19099529004510954,0.013888888888888888,0.09172812725116469,0.32302169334686526,5.333629866206461,0
deepseek-coder-6.7b,clrp,frozen_pool,same_label_unsafe,27,last_token,clean_heldout,196,72,0.21770814447896672,0.013888888888888888,-0.013744299678602662,0.018316174856610502,8.81842674857962,0
deepseek-coder-6.7b,clrp,frozen_pool,same_label_safe,27,last_token,clean_heldout,196,72,0.20269701217553446,0.013888888888888888,-0.01385571723898325,0.0150203917097307,8.951949365512238,0
deepseek-coder-6.7b,clrp,frozen_pool,main,31,sink_arg,clean_heldout,196,72,0.36884268279559346,0.013888888888888888,0.3298051264357933,0.5823344301761915,4.76225445845615,0
deepseek-coder-6.7b,clrp,frozen_pool,same_label_unsafe,31,sink_arg,clean_heldout,196,72,0.2870311491053837,0.013888888888888888,-0.013192155612951478,0.029664080289984116,7.6410594874520825,0
deepseek-coder-6.7b,clrp,frozen_pool,same_label_safe,31,sink_arg,clean_heldout,196,72,0.257368952020135,0.013888888888888888,-0.013407506465166303,0.025837913834021876,7.701341663016431,0
deepseek-coder-6.7b,clrp,frozen_pool,main,31,last_token,clean_heldout,196,72,0.17234416505333947,0.013888888888888888,0.07213604620425076,0.29158711487739825,1.8531638700695376,0
deepseek-coder-6.7b,clrp,frozen_pool,same_label_unsafe,31,last_token,clean_heldout,196,72,0.25395319599505634,0.013888888888888888,-0.013776119497569636,0.017438588943519986,3.63893880267521,0
deepseek-coder-6.7b,clrp,frozen_pool,same_label_safe,31,last_token,clean_heldout,196,72,0.2431918325066554,0.013888888888888888,-0.013873355788550415,0.014429781613097138,3.686230432628354,0
