lens,layer,family,read,n,median_rank,mean_margin,pass@1,pass@10,pass@25
j-lens,0,alias,answer,10,755.5,2.3501953125,0.0,0.0,0.0
j-lens,1,alias,answer,10,864.0,2.147705078125,0.0,0.0,0.0
j-lens,2,alias,answer,10,578.0,3.2666015625,0.0,0.0,0.0
j-lens,3,alias,answer,10,790.0,2.68955078125,0.0,0.0,0.0
j-lens,4,alias,answer,10,1358.0,2.890625,0.0,0.0,0.0
j-lens,5,alias,answer,10,309.5,4.871484375,0.0,0.0,0.0
j-lens,6,alias,answer,10,337.5,4.08515625,0.0,0.0,0.0
j-lens,7,alias,answer,10,246.0,4.669921875,0.0,0.0,0.0
j-lens,8,alias,answer,10,246.5,4.589996337890625,0.0,0.0,0.0
j-lens,9,alias,answer,10,690.5,2.6486328125,0.0,0.0,0.0
j-lens,10,alias,answer,10,126.0,3.32041015625,0.0,0.0,0.2
j-lens,11,alias,answer,10,34.0,3.81640625,0.0,0.0,0.2
j-lens,12,alias,answer,10,30.5,3.4703125,0.0,0.0,0.3
j-lens,13,alias,answer,10,35.0,3.979296875,0.0,0.1,0.3
j-lens,14,alias,answer,10,46.5,3.844140625,0.1,0.1,0.3
j-lens,15,alias,answer,10,5.5,6.078759765625,0.0,0.8,0.9
j-lens,16,alias,answer,10,2.0,6.7890625,0.0,0.8,0.9
j-lens,17,alias,answer,10,0.0,8.625146484375,0.7,1.0,1.0
j-lens,18,alias,answer,10,0.0,10.2220703125,0.8,1.0,1.0
j-lens,19,alias,answer,10,0.0,13.373046875,1.0,1.0,1.0
j-lens,20,alias,answer,10,0.0,18.1548828125,1.0,1.0,1.0
j-lens,21,alias,answer,10,0.0,14.05234375,1.0,1.0,1.0
j-lens,22,alias,answer,10,0.0,16.45699462890625,1.0,1.0,1.0
j-lens,0,alias,call,10,621.5,3.1984375,0.0,0.0,0.0
j-lens,1,alias,call,10,2225.0,0.85439453125,0.0,0.0,0.0
j-lens,2,alias,call,10,1350.5,3.107421875,0.0,0.0,0.0
j-lens,3,alias,call,10,1369.5,3.09453125,0.0,0.0,0.0
j-lens,4,alias,call,10,1021.0,3.49140625,0.0,0.0,0.0
j-lens,5,alias,call,10,703.0,4.1822265625,0.0,0.0,0.0
j-lens,6,alias,call,10,1831.5,2.562890625,0.0,0.0,0.0
j-lens,7,alias,call,10,1646.5,2.207421875,0.0,0.0,0.0
j-lens,8,alias,call,10,2464.0,2.03046875,0.0,0.0,0.0
j-lens,9,alias,call,10,4415.5,0.5359375,0.0,0.0,0.0
j-lens,10,alias,call,10,1726.5,0.996875,0.0,0.0,0.0
j-lens,11,alias,call,10,1041.5,1.246875,0.0,0.0,0.0
j-lens,12,alias,call,10,1130.0,0.46875,0.0,0.0,0.0
j-lens,13,alias,call,10,801.5,1.034375,0.0,0.0,0.0
j-lens,14,alias,call,10,1577.0,-0.0125,0.0,0.0,0.0
j-lens,15,alias,call,10,861.5,0.8984375,0.0,0.0,0.0
j-lens,16,alias,call,10,1847.5,-0.35,0.0,0.0,0.0
j-lens,17,alias,call,10,304.0,1.6423828125,0.0,0.0,0.0
j-lens,18,alias,call,10,383.5,0.68984375,0.0,0.0,0.0
j-lens,19,alias,call,10,380.5,0.2818359375,0.0,0.0,0.0
j-lens,20,alias,call,10,86.5,3.906640625,0.0,0.0,0.0
j-lens,21,alias,call,10,74.0,3.925732421875,0.0,0.0,0.0
j-lens,22,alias,call,10,37.0,7.298486328125,0.0,0.0,0.0
j-lens,0,alias,post_use,10,1966.0,2.6771484375,0.0,0.0,0.0
j-lens,1,alias,post_use,10,3764.5,1.158203125,0.0,0.0,0.0
j-lens,2,alias,post_use,10,2527.0,2.231689453125,0.0,0.0,0.0
j-lens,3,alias,post_use,10,3717.5,1.5506988525390626,0.0,0.0,0.0
j-lens,4,alias,post_use,10,3800.0,0.94716796875,0.0,0.0,0.0
j-lens,5,alias,post_use,10,1502.0,2.641796875,0.0,0.0,0.0
j-lens,6,alias,post_use,10,2149.5,1.2098388671875,0.0,0.0,0.0
j-lens,7,alias,post_use,10,1958.0,1.34317626953125,0.0,0.0,0.0
j-lens,8,alias,post_use,10,1687.0,1.66474609375,0.0,0.0,0.0
j-lens,9,alias,post_use,10,3465.5,1.25078125,0.0,0.0,0.0
j-lens,10,alias,post_use,10,1992.5,1.3359375,0.0,0.0,0.0
j-lens,11,alias,post_use,10,2988.5,0.7859375,0.0,0.0,0.0
j-lens,12,alias,post_use,10,4981.0,0.053125,0.0,0.0,0.0
j-lens,13,alias,post_use,10,3693.0,0.3828125,0.0,0.0,0.0
j-lens,14,alias,post_use,10,6706.0,-0.7984375,0.0,0.0,0.0
j-lens,15,alias,post_use,10,5597.0,-0.734375,0.0,0.0,0.0
j-lens,16,alias,post_use,10,6656.5,-1.25625,0.0,0.0,0.0
j-lens,17,alias,post_use,10,2684.0,-0.51796875,0.0,0.0,0.0
j-lens,18,alias,post_use,10,2160.5,-1.05234375,0.0,0.0,0.0
j-lens,19,alias,post_use,10,433.5,-1.466015625,0.0,0.0,0.0
j-lens,20,alias,post_use,10,136.5,-3.450341796875,0.0,0.0,0.0
j-lens,21,alias,post_use,10,115.5,-9.3453369140625,0.0,0.0,0.0
j-lens,22,alias,post_use,10,94.5,-10.8817626953125,0.0,0.0,0.0
j-lens,0,alias,use,10,3139.5,-0.069921875,0.0,0.0,0.0
j-lens,1,alias,use,10,4292.5,-1.10859375,0.0,0.0,0.0
j-lens,2,alias,use,10,1266.5,0.9820068359375,0.0,0.0,0.0
j-lens,3,alias,use,10,1865.0,1.244921875,0.0,0.0,0.0
j-lens,4,alias,use,10,1028.5,0.82001953125,0.0,0.0,0.0
j-lens,5,alias,use,10,1334.5,2.01103515625,0.0,0.0,0.0
j-lens,6,alias,use,10,2589.0,1.5398651123046876,0.0,0.0,0.0
j-lens,7,alias,use,10,2335.0,1.57244873046875,0.0,0.0,0.0
j-lens,8,alias,use,10,2346.0,1.5115234375,0.0,0.0,0.0
j-lens,9,alias,use,10,4775.0,-0.2171875,0.0,0.0,0.0
j-lens,10,alias,use,10,1662.5,0.9365234375,0.0,0.0,0.0
j-lens,11,alias,use,10,2412.5,0.650390625,0.0,0.0,0.0
j-lens,12,alias,use,10,2827.0,0.1931640625,0.0,0.0,0.0
j-lens,13,alias,use,10,2315.0,0.36875,0.0,0.0,0.0
j-lens,14,alias,use,10,2900.0,-0.371875,0.0,0.0,0.0
j-lens,15,alias,use,10,2042.0,0.45625,0.0,0.0,0.0
j-lens,16,alias,use,10,3499.0,0.0578125,0.0,0.0,0.0
j-lens,17,alias,use,10,942.5,0.8359375,0.0,0.0,0.0
j-lens,18,alias,use,10,1453.0,-0.603125,0.0,0.0,0.0
j-lens,19,alias,use,10,825.5,-1.08046875,0.0,0.0,0.0
j-lens,20,alias,use,10,561.0,-1.29609375,0.0,0.0,0.0
j-lens,21,alias,use,10,254.0,-0.7796875,0.0,0.0,0.0
j-lens,22,alias,use,10,125.5,1.9916015625,0.0,0.0,0.0
j-lens,0,arith,answer,10,1251.0,-1.79453125,0.0,0.0,0.0
j-lens,1,arith,answer,10,1509.0,-1.7049041748046876,0.0,0.0,0.0
j-lens,2,arith,answer,10,923.0,-2.25546875,0.0,0.0,0.0
j-lens,3,arith,answer,10,896.0,-1.695556640625,0.0,0.0,0.0
j-lens,4,arith,answer,10,1670.5,-1.4337890625,0.0,0.0,0.0
j-lens,5,arith,answer,10,390.0,-1.04921875,0.0,0.0,0.0
j-lens,6,arith,answer,10,536.0,-1.729296875,0.0,0.0,0.0
j-lens,7,arith,answer,10,604.0,-1.320703125,0.0,0.0,0.0
j-lens,8,arith,answer,10,957.5,-1.4809814453125,0.0,0.0,0.0
j-lens,9,arith,answer,10,3027.5,-1.6771484375,0.0,0.0,0.0
j-lens,10,arith,answer,10,2051.5,-4.13818359375,0.0,0.0,0.0
j-lens,11,arith,answer,10,2585.5,-3.3185546875,0.0,0.0,0.0
j-lens,12,arith,answer,10,2785.5,-3.179150390625,0.0,0.0,0.0
j-lens,13,arith,answer,10,2457.5,-3.221875,0.0,0.0,0.0
j-lens,14,arith,answer,10,1623.5,-1.08203125,0.0,0.0,0.0
j-lens,15,arith,answer,10,42.5,0.084375,0.0,0.1,0.2
j-lens,16,arith,answer,10,36.5,0.2875,0.0,0.1,0.4
j-lens,17,arith,answer,10,12.5,2.18125,0.1,0.2,0.7
j-lens,18,arith,answer,10,0.0,6.746875,0.6,1.0,1.0
j-lens,19,arith,answer,10,0.0,7.8046875,0.9,1.0,1.0
j-lens,20,arith,answer,10,0.0,14.365625,1.0,1.0,1.0
j-lens,21,arith,answer,10,0.0,12.8625,1.0,1.0,1.0
j-lens,22,arith,answer,10,0.0,12.346875,1.0,1.0,1.0
j-lens,0,arith,call,10,733.5,-1.521875,0.0,0.0,0.0
j-lens,1,arith,call,10,2678.0,-1.3908203125,0.0,0.0,0.0
j-lens,2,arith,call,10,1843.5,-2.21484375,0.0,0.0,0.0
j-lens,3,arith,call,10,923.0,-1.719140625,0.0,0.0,0.0
j-lens,4,arith,call,10,1018.0,-2.2603515625,0.0,0.0,0.0
j-lens,5,arith,call,10,909.0,-0.8775390625,0.0,0.0,0.0
j-lens,6,arith,call,10,2807.0,-0.9580078125,0.0,0.0,0.0
j-lens,7,arith,call,10,4624.5,-1.0827392578125,0.0,0.0,0.0
j-lens,8,arith,call,10,3845.0,-1.308056640625,0.0,0.0,0.0
j-lens,9,arith,call,10,12730.0,-1.528515625,0.0,0.0,0.0
j-lens,10,arith,call,10,4414.5,-2.45546875,0.0,0.0,0.0
j-lens,11,arith,call,10,2613.5,-1.3203125,0.0,0.0,0.0
j-lens,12,arith,call,10,2129.0,-1.5890625,0.0,0.0,0.0
j-lens,13,arith,call,10,1190.0,-1.58671875,0.0,0.0,0.0
j-lens,14,arith,call,10,2310.0,-0.7578125,0.0,0.0,0.0
j-lens,15,arith,call,10,727.5,-0.83515625,0.0,0.0,0.0
j-lens,16,arith,call,10,1003.0,-1.0171875,0.0,0.0,0.0
j-lens,17,arith,call,10,335.0,-0.82581787109375,0.0,0.0,0.0
j-lens,18,arith,call,10,488.5,-0.58955078125,0.0,0.0,0.0
j-lens,19,arith,call,10,738.0,-0.8546875,0.0,0.0,0.0
j-lens,20,arith,call,10,451.5,-1.3657470703125,0.0,0.0,0.0
j-lens,21,arith,call,10,266.0,-1.34375,0.0,0.0,0.0
j-lens,22,arith,call,10,108.0,-2.04140625,0.0,0.0,0.0
j-lens,0,arith,post_use,10,3417.5,-0.99140625,0.0,0.0,0.0
j-lens,1,arith,post_use,10,6296.0,-1.5970703125,0.0,0.0,0.0
j-lens,2,arith,post_use,10,2485.0,-2.303509521484375,0.0,0.0,0.0
j-lens,3,arith,post_use,10,6164.5,-1.3611328125,0.0,0.0,0.0
j-lens,4,arith,post_use,10,5070.5,-1.7,0.0,0.0,0.0
j-lens,5,arith,post_use,10,2713.0,-1.9690673828125,0.0,0.0,0.0
j-lens,6,arith,post_use,10,3847.0,-1.7087890625,0.0,0.0,0.0
j-lens,7,arith,post_use,10,4374.0,-1.6560546875,0.0,0.0,0.0
j-lens,8,arith,post_use,10,2956.0,-1.51435546875,0.0,0.0,0.0
j-lens,9,arith,post_use,10,6369.0,-1.7166015625,0.0,0.0,0.0
j-lens,10,arith,post_use,10,3575.5,-1.74765625,0.0,0.0,0.0
j-lens,11,arith,post_use,10,3521.5,-1.378125,0.0,0.0,0.0
j-lens,12,arith,post_use,10,5564.5,-1.496875,0.0,0.0,0.0
j-lens,13,arith,post_use,10,4365.5,-1.614453125,0.0,0.0,0.0
j-lens,14,arith,post_use,10,7384.0,-1.91953125,0.0,0.0,0.0
j-lens,15,arith,post_use,10,6088.5,-1.61875,0.0,0.0,0.0
j-lens,16,arith,post_use,10,7116.0,-1.93828125,0.0,0.0,0.0
j-lens,17,arith,post_use,10,2601.5,-2.24453125,0.0,0.0,0.0
j-lens,18,arith,post_use,10,1478.0,-1.9244140625,0.0,0.0,0.0
j-lens,19,arith,post_use,10,282.0,-1.9981689453125,0.0,0.0,0.0
j-lens,20,arith,post_use,10,224.0,-2.8822265625,0.0,0.0,0.0
j-lens,21,arith,post_use,10,177.0,-3.4279296875,0.0,0.0,0.0
j-lens,22,arith,post_use,10,161.5,-4.26328125,0.0,0.0,0.0
j-lens,0,arith,use,10,6027.0,-2.38818359375,0.0,0.0,0.0
j-lens,1,arith,use,10,9716.0,-2.637158203125,0.0,0.0,0.0
j-lens,2,arith,use,10,3327.0,-3.5904296875,0.0,0.0,0.0
j-lens,3,arith,use,10,3645.0,-2.523046875,0.0,0.0,0.0
j-lens,4,arith,use,10,2534.5,-2.551171875,0.0,0.0,0.0
j-lens,5,arith,use,10,2100.5,-2.025,0.0,0.0,0.0
j-lens,6,arith,use,10,4559.0,-0.96875,0.0,0.0,0.0
j-lens,7,arith,use,10,4479.0,-1.661572265625,0.0,0.0,0.0
j-lens,8,arith,use,10,3174.0,-1.585107421875,0.0,0.0,0.0
j-lens,9,arith,use,10,4940.0,-2.053076171875,0.0,0.0,0.0
j-lens,10,arith,use,10,2551.5,-1.8671875,0.0,0.0,0.0
j-lens,11,arith,use,10,2708.5,-1.6421875,0.0,0.0,0.0
j-lens,12,arith,use,10,4269.0,-1.690625,0.0,0.0,0.0
j-lens,13,arith,use,10,4024.0,-1.6875,0.0,0.0,0.0
j-lens,14,arith,use,10,4619.5,-1.7359375,0.0,0.0,0.0
j-lens,15,arith,use,10,4102.5,-1.5203125,0.0,0.0,0.0
j-lens,16,arith,use,10,4481.0,-1.36875,0.0,0.0,0.0
j-lens,17,arith,use,10,1371.0,-1.7375,0.0,0.0,0.0
j-lens,18,arith,use,10,2570.0,-1.6875,0.0,0.0,0.0
j-lens,19,arith,use,10,1527.0,-1.79375,0.0,0.0,0.0
j-lens,20,arith,use,10,1857.0,-2.41875,0.0,0.0,0.0
j-lens,21,arith,use,10,396.5,-3.021875,0.0,0.0,0.0
j-lens,22,arith,use,10,181.5,-4.821875,0.0,0.0,0.0
j-lens,0,binding,answer,20,497.0,-0.002783203125,0.0,0.0,0.0
j-lens,1,binding,answer,20,668.0,-0.005322265625,0.0,0.0,0.0
j-lens,2,binding,answer,20,293.5,-0.00159912109375,0.0,0.0,0.0
j-lens,3,binding,answer,20,520.5,0.00540771484375,0.0,0.0,0.0
j-lens,4,binding,answer,20,751.5,0.00908203125,0.0,0.0,0.0
j-lens,5,binding,answer,20,431.0,-0.0046875,0.0,0.0,0.0
j-lens,6,binding,answer,20,541.0,-0.001513671875,0.0,0.0,0.0
j-lens,7,binding,answer,20,447.5,-0.00751953125,0.0,0.0,0.0
j-lens,8,binding,answer,20,232.5,0.042730712890625,0.0,0.0,0.0
j-lens,9,binding,answer,20,1033.0,0.0533203125,0.0,0.0,0.0
j-lens,10,binding,answer,20,370.5,0.0980224609375,0.0,0.0,0.0
j-lens,11,binding,answer,20,328.0,0.0988525390625,0.0,0.05,0.05
j-lens,12,binding,answer,20,305.5,0.14810791015625,0.0,0.05,0.1
j-lens,13,binding,answer,20,181.0,0.3683868408203125,0.0,0.05,0.1
j-lens,14,binding,answer,20,280.5,0.45947265625,0.0,0.0,0.15
j-lens,15,binding,answer,20,121.0,0.4123046875,0.0,0.2,0.4
j-lens,16,binding,answer,20,22.5,0.618359375,0.05,0.4,0.55
j-lens,17,binding,answer,20,1.5,1.36796875,0.25,0.9,0.95
j-lens,18,binding,answer,20,0.0,1.840625,0.8,1.0,1.0
j-lens,19,binding,answer,20,0.0,2.615625,0.9,1.0,1.0
j-lens,20,binding,answer,20,0.0,4.840625,0.85,1.0,1.0
j-lens,21,binding,answer,20,0.0,3.65625,0.85,1.0,1.0
j-lens,22,binding,answer,20,0.0,3.421875,0.9,1.0,1.0
j-lens,0,binding,call,20,513.5,0.00078125,0.0,0.0,0.0
j-lens,1,binding,call,20,1677.5,0.00142822265625,0.0,0.0,0.0
j-lens,2,binding,call,20,1076.5,0.0001953125,0.0,0.0,0.0
j-lens,3,binding,call,20,1108.5,0.0012451171875,0.0,0.0,0.0
j-lens,4,binding,call,20,1061.0,-0.00283203125,0.0,0.0,0.0
j-lens,5,binding,call,20,918.0,-0.01884765625,0.0,0.0,0.0
j-lens,6,binding,call,20,2183.5,0.02060546875,0.0,0.0,0.0
j-lens,7,binding,call,20,3122.0,-0.0037078857421875,0.0,0.0,0.0
j-lens,8,binding,call,20,2773.0,-0.002734375,0.0,0.0,0.0
j-lens,9,binding,call,20,7672.0,0.041796875,0.0,0.0,0.0
j-lens,10,binding,call,20,2614.5,0.0625,0.0,0.0,0.0
j-lens,11,binding,call,20,1723.0,0.10625,0.0,0.0,0.0
j-lens,12,binding,call,20,1275.5,0.1515625,0.0,0.0,0.0
j-lens,13,binding,call,20,854.0,0.284375,0.0,0.0,0.0
j-lens,14,binding,call,20,1400.5,0.31640625,0.0,0.0,0.0
j-lens,15,binding,call,20,907.0,0.3171875,0.0,0.0,0.0
j-lens,16,binding,call,20,1666.0,0.35,0.0,0.0,0.0
j-lens,17,binding,call,20,289.0,0.3796875,0.0,0.0,0.0
j-lens,18,binding,call,20,579.0,0.173046875,0.0,0.0,0.0
j-lens,19,binding,call,20,589.5,0.1375,0.0,0.0,0.0
j-lens,20,binding,call,20,196.0,0.2279541015625,0.0,0.0,0.0
j-lens,21,binding,call,20,108.5,0.1720703125,0.0,0.0,0.0
j-lens,22,binding,call,20,48.0,0.19586181640625,0.0,0.0,0.0
j-lens,0,binding,post_use,20,1634.0,-0.0029296875,0.0,0.0,0.0
j-lens,1,binding,post_use,20,3041.0,0.0,0.0,0.0,0.0
j-lens,2,binding,post_use,20,2052.5,0.000634765625,0.0,0.0,0.0
j-lens,3,binding,post_use,20,3158.0,0.00542755126953125,0.0,0.0,0.0
j-lens,4,binding,post_use,20,2624.5,-0.0012969970703125,0.0,0.0,0.0
j-lens,5,binding,post_use,20,1617.0,-0.0093994140625,0.0,0.0,0.0
j-lens,6,binding,post_use,20,2294.5,-0.01292724609375,0.0,0.0,0.0
j-lens,7,binding,post_use,20,1501.0,-0.00452880859375,0.0,0.0,0.0
j-lens,8,binding,post_use,20,1290.5,-0.00191650390625,0.0,0.0,0.0
j-lens,9,binding,post_use,20,3077.5,-0.0076416015625,0.0,0.0,0.0
j-lens,10,binding,post_use,20,2098.5,0.025,0.0,0.0,0.0
j-lens,11,binding,post_use,20,2712.0,0.053515625,0.0,0.0,0.0
j-lens,12,binding,post_use,20,4158.5,0.07578125,0.0,0.0,0.0
j-lens,13,binding,post_use,20,3441.0,0.06953125,0.0,0.0,0.0
j-lens,14,binding,post_use,20,5889.0,0.062890625,0.0,0.0,0.0
j-lens,15,binding,post_use,20,4521.5,0.109375,0.0,0.0,0.0
j-lens,16,binding,post_use,20,4492.0,0.1076171875,0.0,0.0,0.0
j-lens,17,binding,post_use,20,2055.5,0.0921875,0.0,0.0,0.0
j-lens,18,binding,post_use,20,1429.0,0.0736328125,0.0,0.0,0.0
j-lens,19,binding,post_use,20,208.0,0.0284759521484375,0.0,0.0,0.0
j-lens,20,binding,post_use,20,104.5,-0.147320556640625,0.0,0.0,0.0
j-lens,21,binding,post_use,20,66.5,-0.06422119140625,0.0,0.0,0.0
j-lens,22,binding,post_use,20,69.0,-0.07430419921875,0.0,0.0,0.0
j-lens,0,binding,use,20,2417.0,0.003125,0.0,0.0,0.0
j-lens,1,binding,use,20,3110.0,4.2724609375e-05,0.0,0.0,0.0
j-lens,2,binding,use,20,595.0,-0.030859375,0.0,0.0,0.0
j-lens,3,binding,use,20,1290.0,0.047802734375,0.0,0.0,0.0
j-lens,4,binding,use,20,1082.0,-0.015240478515625,0.0,0.0,0.0
j-lens,5,binding,use,20,1052.5,0.008355712890625,0.0,0.0,0.0
j-lens,6,binding,use,20,803.0,0.018804931640625,0.0,0.0,0.0
j-lens,7,binding,use,20,1563.5,-0.02725830078125,0.0,0.0,0.0
j-lens,8,binding,use,20,1384.5,0.11943359375,0.0,0.0,0.0
j-lens,9,binding,use,20,2733.0,0.1321380615234375,0.0,0.0,0.0
j-lens,10,binding,use,20,1014.0,0.21104736328125,0.0,0.0,0.0
j-lens,11,binding,use,20,1058.0,0.13359375,0.0,0.0,0.0
j-lens,12,binding,use,20,1528.5,0.053515625,0.0,0.0,0.0
j-lens,13,binding,use,20,1625.5,0.04921875,0.0,0.0,0.0
j-lens,14,binding,use,20,2279.0,0.046875,0.0,0.0,0.0
j-lens,15,binding,use,20,1281.5,0.06796875,0.0,0.0,0.0
j-lens,16,binding,use,20,1749.5,0.0671875,0.0,0.0,0.0
j-lens,17,binding,use,20,552.0,-0.048828125,0.0,0.0,0.0
j-lens,18,binding,use,20,1030.5,-0.04375,0.0,0.0,0.0
j-lens,19,binding,use,20,583.5,-0.07890625,0.0,0.0,0.0
j-lens,20,binding,use,20,656.0,-0.14609375,0.0,0.0,0.0
j-lens,21,binding,use,20,197.5,-0.17421875,0.0,0.0,0.0
j-lens,22,binding,use,20,85.5,-0.124951171875,0.0,0.0,0.0
j-lens,0,call,answer,10,469.5,1.50048828125,0.0,0.0,0.0
j-lens,1,call,answer,10,529.5,1.431060791015625,0.0,0.0,0.0
j-lens,2,call,answer,10,266.5,2.90625,0.0,0.0,0.0
j-lens,3,call,answer,10,410.5,3.61114501953125,0.0,0.0,0.0
j-lens,4,call,answer,10,684.0,2.7864990234375,0.0,0.0,0.0
j-lens,5,call,answer,10,201.0,4.1455078125,0.0,0.0,0.0
j-lens,6,call,answer,10,223.0,3.650146484375,0.0,0.0,0.0
j-lens,7,call,answer,10,202.5,3.8665771484375,0.0,0.0,0.0
j-lens,8,call,answer,10,122.0,4.14599609375,0.0,0.0,0.3
j-lens,9,call,answer,10,334.0,1.773193359375,0.0,0.0,0.0
j-lens,10,call,answer,10,33.5,2.642333984375,0.2,0.2,0.4
j-lens,11,call,answer,10,9.5,2.88134765625,0.1,0.5,0.8
j-lens,12,call,answer,10,13.0,3.5166015625,0.0,0.3,0.8
j-lens,13,call,answer,10,10.0,5.225341796875,0.0,0.5,0.7
j-lens,14,call,answer,10,6.0,5.009765625,0.0,0.6,0.7
j-lens,15,call,answer,10,3.0,6.057819366455078,0.3,0.8,0.9
j-lens,16,call,answer,10,1.5,6.954345703125,0.1,0.9,0.9
j-lens,17,call,answer,10,0.0,8.6846923828125,0.6,0.9,1.0
j-lens,18,call,answer,10,0.0,10.9560546875,0.9,0.9,1.0
j-lens,19,call,answer,10,0.0,14.47314453125,0.9,1.0,1.0
j-lens,20,call,answer,10,0.0,15.7890625,1.0,1.0,1.0
j-lens,21,call,answer,10,0.0,16.2177734375,1.0,1.0,1.0
j-lens,22,call,answer,10,0.0,21.3212890625,1.0,1.0,1.0
j-lens,0,call,call,10,366.5,4.6611328125,0.0,0.0,0.0
j-lens,1,call,call,10,2330.5,2.06231689453125,0.0,0.0,0.0
j-lens,2,call,call,10,316.5,4.72088623046875,0.0,0.0,0.0
j-lens,3,call,call,10,594.5,4.478515625,0.0,0.0,0.0
j-lens,4,call,call,10,400.0,4.7711181640625,0.0,0.0,0.0
j-lens,5,call,call,10,576.0,3.5498046875,0.0,0.0,0.0
j-lens,6,call,call,10,944.0,3.29296875,0.0,0.0,0.0
j-lens,7,call,call,10,1511.0,1.9708251953125,0.0,0.0,0.0
j-lens,8,call,call,10,1110.5,2.4091796875,0.0,0.0,0.0
j-lens,9,call,call,10,1980.5,-0.765869140625,0.0,0.0,0.0
j-lens,10,call,call,10,801.0,0.662109375,0.0,0.0,0.0
j-lens,11,call,call,10,651.0,0.791015625,0.0,0.0,0.0
j-lens,12,call,call,10,504.5,0.7900390625,0.0,0.0,0.0
j-lens,13,call,call,10,418.5,1.958984375,0.0,0.0,0.0
j-lens,14,call,call,10,851.5,0.513031005859375,0.0,0.0,0.0
j-lens,15,call,call,10,515.5,1.6865234375,0.0,0.0,0.0
j-lens,16,call,call,10,1006.0,0.59765625,0.0,0.0,0.0
j-lens,17,call,call,10,244.5,1.3173828125,0.0,0.0,0.0
j-lens,18,call,call,10,513.0,0.309326171875,0.0,0.0,0.0
j-lens,19,call,call,10,680.5,-0.992431640625,0.0,0.0,0.0
j-lens,20,call,call,10,199.0,1.1571044921875,0.0,0.0,0.0
j-lens,21,call,call,10,119.0,2.9149169921875,0.0,0.0,0.0
j-lens,22,call,call,10,54.5,7.03375244140625,0.0,0.0,0.0
j-lens,0,call,post_use,10,1976.0,1.548828125,0.0,0.0,0.0
j-lens,1,call,post_use,10,3607.0,1.076263427734375,0.0,0.0,0.0
j-lens,2,call,post_use,10,1598.5,2.98541259765625,0.0,0.0,0.0
j-lens,3,call,post_use,10,3082.5,2.0728759765625,0.0,0.0,0.0
j-lens,4,call,post_use,10,2121.5,1.682861328125,0.0,0.0,0.0
j-lens,5,call,post_use,10,1031.5,3.8017578125,0.0,0.0,0.0
j-lens,6,call,post_use,10,1203.0,3.5928955078125,0.0,0.0,0.0
j-lens,7,call,post_use,10,957.5,2.8322219848632812,0.0,0.0,0.0
j-lens,8,call,post_use,10,888.0,2.4130859375,0.0,0.0,0.0
j-lens,9,call,post_use,10,2277.0,0.87109375,0.0,0.0,0.0
j-lens,10,call,post_use,10,1522.5,0.712890625,0.0,0.0,0.0
j-lens,11,call,post_use,10,2249.0,0.47216796875,0.0,0.0,0.0
j-lens,12,call,post_use,10,3716.0,-0.5146484375,0.0,0.0,0.0
j-lens,13,call,post_use,10,3788.5,-0.3076171875,0.0,0.0,0.0
j-lens,14,call,post_use,10,4274.0,-0.763671875,0.0,0.0,0.0
j-lens,15,call,post_use,10,3906.0,-0.05078125,0.0,0.0,0.0
j-lens,16,call,post_use,10,4783.0,-0.529296875,0.0,0.0,0.0
j-lens,17,call,post_use,10,1900.0,-0.604736328125,0.0,0.0,0.0
j-lens,18,call,post_use,10,2007.0,0.69384765625,0.0,0.0,0.0
j-lens,19,call,post_use,10,339.5,-0.9633636474609375,0.0,0.0,0.0
j-lens,20,call,post_use,10,238.0,-9.02880859375,0.0,0.0,0.0
j-lens,21,call,post_use,10,149.5,-8.887344360351562,0.0,0.0,0.0
j-lens,22,call,post_use,10,90.0,-9.056396484375,0.0,0.0,0.0
j-lens,0,call,use,10,3506.0,0.8116455078125,0.0,0.0,0.0
j-lens,1,call,use,10,5081.0,0.2523193359375,0.0,0.0,0.0
j-lens,2,call,use,10,1760.0,1.488525390625,0.0,0.0,0.0
j-lens,3,call,use,10,2799.0,2.216796875,0.0,0.0,0.0
j-lens,4,call,use,10,1275.0,2.47802734375,0.0,0.0,0.0
j-lens,5,call,use,10,1067.0,1.40020751953125,0.0,0.0,0.0
j-lens,6,call,use,10,4879.5,-0.6551513671875,0.0,0.0,0.0
j-lens,7,call,use,10,2677.5,-0.65252685546875,0.0,0.0,0.0
j-lens,8,call,use,10,2142.0,-1.015960693359375,0.0,0.0,0.0
j-lens,9,call,use,10,2610.5,-2.7506103515625,0.0,0.0,0.0
j-lens,10,call,use,10,896.0,-0.158447265625,0.0,0.0,0.0
j-lens,11,call,use,10,1427.0,-0.7431640625,0.0,0.0,0.0
j-lens,12,call,use,10,2011.5,-0.61083984375,0.0,0.0,0.0
j-lens,13,call,use,10,1366.5,0.703125,0.0,0.0,0.0
j-lens,14,call,use,10,1802.5,0.5234375,0.0,0.0,0.0
j-lens,15,call,use,10,1594.5,1.2421875,0.0,0.0,0.0
j-lens,16,call,use,10,1832.0,1.447265625,0.0,0.0,0.0
j-lens,17,call,use,10,757.5,2.91015625,0.0,0.0,0.0
j-lens,18,call,use,10,1032.5,2.45703125,0.0,0.0,0.0
j-lens,19,call,use,10,722.0,2.48828125,0.0,0.0,0.0
j-lens,20,call,use,10,749.0,2.046875,0.0,0.0,0.0
j-lens,21,call,use,10,225.5,3.81640625,0.0,0.0,0.0
j-lens,22,call,use,10,116.5,7.318359375,0.0,0.0,0.0
j-lens,0,defuse,answer,10,476.5,1.017578125,0.0,0.0,0.0
j-lens,1,defuse,answer,10,553.0,0.7374267578125,0.0,0.0,0.0
j-lens,2,defuse,answer,10,315.0,0.853515625,0.0,0.0,0.0
j-lens,3,defuse,answer,10,682.0,0.7177734375,0.0,0.0,0.0
j-lens,4,defuse,answer,10,750.5,0.4921875,0.0,0.0,0.0
j-lens,5,defuse,answer,10,293.5,0.234375,0.0,0.0,0.0
j-lens,6,defuse,answer,10,363.0,0.6640625,0.0,0.0,0.0
j-lens,7,defuse,answer,10,217.0,0.244140625,0.0,0.0,0.0
j-lens,8,defuse,answer,10,326.0,0.6328125,0.0,0.0,0.0
j-lens,9,defuse,answer,10,688.0,0.90234375,0.0,0.0,0.0
j-lens,10,defuse,answer,10,150.5,2.3603515625,0.0,0.0,0.0
j-lens,11,defuse,answer,10,48.0,2.47509765625,0.0,0.0,0.1
j-lens,12,defuse,answer,10,28.0,2.75732421875,0.0,0.1,0.4
j-lens,13,defuse,answer,10,17.5,3.2841796875,0.0,0.1,0.7
j-lens,14,defuse,answer,10,14.0,2.697265625,0.0,0.5,0.6
j-lens,15,defuse,answer,10,3.0,2.0859375,0.3,0.7,0.8
j-lens,16,defuse,answer,10,4.0,1.9140625,0.2,0.7,0.9
j-lens,17,defuse,answer,10,1.5,3.125,0.4,1.0,1.0
j-lens,18,defuse,answer,10,0.5,1.171875,0.5,1.0,1.0
j-lens,19,defuse,answer,10,0.0,2.25,0.8,1.0,1.0
j-lens,20,defuse,answer,10,0.0,3.03125,0.9,1.0,1.0
j-lens,21,defuse,answer,10,0.0,2.8125,0.9,1.0,1.0
j-lens,22,defuse,answer,10,0.0,4.3125,0.9,1.0,1.0
j-lens,0,defuse,call,10,477.0,1.6796875,0.0,0.0,0.0
j-lens,1,defuse,call,10,1249.0,1.76953125,0.0,0.0,0.0
j-lens,2,defuse,call,10,498.5,1.8359375,0.0,0.0,0.0
j-lens,3,defuse,call,10,731.5,2.076171875,0.0,0.0,0.0
j-lens,4,defuse,call,10,395.0,2.67431640625,0.0,0.0,0.0
j-lens,5,defuse,call,10,603.0,1.902099609375,0.0,0.0,0.0
j-lens,6,defuse,call,10,2023.5,1.642578125,0.0,0.0,0.0
j-lens,7,defuse,call,10,1523.0,1.3251953125,0.0,0.0,0.0
j-lens,8,defuse,call,10,1762.0,1.5078125,0.0,0.0,0.0
j-lens,9,defuse,call,10,2870.0,1.5703125,0.0,0.0,0.0
j-lens,10,defuse,call,10,932.0,1.96875,0.0,0.0,0.0
j-lens,11,defuse,call,10,1057.5,1.3515625,0.0,0.0,0.0
j-lens,12,defuse,call,10,816.5,1.46875,0.0,0.0,0.0
j-lens,13,defuse,call,10,644.5,1.59375,0.0,0.0,0.0
j-lens,14,defuse,call,10,1335.5,1.53125,0.0,0.0,0.0
j-lens,15,defuse,call,10,836.5,1.8125,0.0,0.0,0.0
j-lens,16,defuse,call,10,1769.5,1.875,0.0,0.0,0.0
j-lens,17,defuse,call,10,477.5,2.01171875,0.0,0.0,0.0
j-lens,18,defuse,call,10,979.0,2.1796875,0.0,0.0,0.0
j-lens,19,defuse,call,10,1023.0,1.7734375,0.0,0.0,0.0
j-lens,20,defuse,call,10,369.0,3.0546875,0.0,0.0,0.0
j-lens,21,defuse,call,10,187.5,3.421875,0.0,0.0,0.0
j-lens,22,defuse,call,10,83.5,4.4921875,0.0,0.0,0.0
j-lens,0,defuse,post_use,10,2004.5,0.08984375,0.0,0.0,0.0
j-lens,1,defuse,post_use,10,3230.0,0.2900390625,0.0,0.0,0.0
j-lens,2,defuse,post_use,10,1691.5,0.5244140625,0.0,0.0,0.0
j-lens,3,defuse,post_use,10,3684.5,0.3115234375,0.0,0.0,0.0
j-lens,4,defuse,post_use,10,2301.0,0.64453125,0.0,0.0,0.0
j-lens,5,defuse,post_use,10,1067.0,1.009765625,0.0,0.0,0.0
j-lens,6,defuse,post_use,10,1767.0,0.74847412109375,0.0,0.0,0.0
j-lens,7,defuse,post_use,10,1293.5,0.779296875,0.0,0.0,0.0
j-lens,8,defuse,post_use,10,814.0,0.72265625,0.0,0.0,0.0
j-lens,9,defuse,post_use,10,1541.5,0.72265625,0.0,0.0,0.0
j-lens,10,defuse,post_use,10,1112.0,0.8984375,0.0,0.0,0.0
j-lens,11,defuse,post_use,10,1659.0,0.75,0.0,0.0,0.0
j-lens,12,defuse,post_use,10,2816.5,0.484375,0.0,0.0,0.0
j-lens,13,defuse,post_use,10,2027.5,1.125,0.0,0.0,0.0
j-lens,14,defuse,post_use,10,3882.0,1.4765625,0.0,0.0,0.0
j-lens,15,defuse,post_use,10,2286.5,1.6875,0.0,0.0,0.0
j-lens,16,defuse,post_use,10,2770.5,1.6484375,0.0,0.0,0.0
j-lens,17,defuse,post_use,10,1011.5,1.7890625,0.0,0.0,0.0
j-lens,18,defuse,post_use,10,590.0,1.7578125,0.0,0.0,0.0
j-lens,19,defuse,post_use,10,180.5,1.4783935546875,0.0,0.0,0.0
j-lens,20,defuse,post_use,10,125.0,2.61328125,0.0,0.0,0.0
j-lens,21,defuse,post_use,10,68.5,4.078125,0.0,0.0,0.0
j-lens,22,defuse,post_use,10,70.5,4.8427734375,0.0,0.0,0.0
j-lens,0,defuse,use,10,2356.5,1.0,0.0,0.0,0.0
j-lens,1,defuse,use,10,3327.5,1.2802734375,0.0,0.0,0.0
j-lens,2,defuse,use,10,1976.0,1.69921875,0.0,0.0,0.0
j-lens,3,defuse,use,10,3238.0,1.5107421875,0.0,0.0,0.0
j-lens,4,defuse,use,10,1784.5,1.1953125,0.0,0.0,0.0
j-lens,5,defuse,use,10,1036.5,1.47265625,0.0,0.0,0.0
j-lens,6,defuse,use,10,1497.5,1.64141845703125,0.0,0.0,0.0
j-lens,7,defuse,use,10,1902.0,1.3251953125,0.0,0.0,0.0
j-lens,8,defuse,use,10,2438.0,1.78515625,0.0,0.0,0.0
j-lens,9,defuse,use,10,2843.5,1.66015625,0.0,0.0,0.0
j-lens,10,defuse,use,10,913.0,1.78125,0.0,0.0,0.0
j-lens,11,defuse,use,10,1112.0,1.5078125,0.0,0.0,0.0
j-lens,12,defuse,use,10,1669.0,1.296875,0.0,0.0,0.0
j-lens,13,defuse,use,10,1432.5,1.53125,0.0,0.0,0.0
j-lens,14,defuse,use,10,2684.0,1.734375,0.0,0.0,0.0
j-lens,15,defuse,use,10,1552.0,1.8203125,0.0,0.0,0.0
j-lens,16,defuse,use,10,2207.0,1.84375,0.0,0.0,0.0
j-lens,17,defuse,use,10,763.5,1.859375,0.0,0.0,0.0
j-lens,18,defuse,use,10,2463.5,1.46875,0.0,0.0,0.0
j-lens,19,defuse,use,10,1586.5,1.390625,0.0,0.0,0.0
j-lens,20,defuse,use,10,795.5,2.484375,0.0,0.0,0.0
j-lens,21,defuse,use,10,295.0,2.7421875,0.0,0.0,0.0
j-lens,22,defuse,use,10,101.5,4.080078125,0.0,0.0,0.0
j-lens,0,loopvar,use,10,193.0,3.65,0.0,0.0,0.0
j-lens,1,loopvar,use,10,771.0,3.184375,0.0,0.0,0.0
j-lens,2,loopvar,use,10,2339.5,2.765625,0.0,0.0,0.0
j-lens,3,loopvar,use,10,3108.0,1.921875,0.0,0.0,0.0
j-lens,4,loopvar,use,10,1401.0,1.4359375,0.0,0.0,0.0
j-lens,5,loopvar,use,10,902.0,2.9859375,0.0,0.0,0.0
j-lens,6,loopvar,use,10,100.5,4.053515625,0.0,0.0,0.0
j-lens,7,loopvar,use,10,142.0,5.122265625,0.0,0.0,0.0
j-lens,8,loopvar,use,10,160.0,4.99951171875,0.0,0.0,0.0
j-lens,9,loopvar,use,10,62.0,3.44998779296875,0.0,0.0,0.0
j-lens,10,loopvar,use,10,19.0,4.365625,0.0,0.2,0.7
j-lens,11,loopvar,use,10,26.0,3.263671875,0.0,0.0,0.5
j-lens,12,loopvar,use,10,4.0,6.7671142578125,0.0,1.0,1.0
j-lens,13,loopvar,use,10,0.0,9.46640625,0.8,1.0,1.0
j-lens,14,loopvar,use,10,0.0,10.9412109375,0.8,1.0,1.0
j-lens,15,loopvar,use,10,0.0,10.9466796875,1.0,1.0,1.0
j-lens,16,loopvar,use,10,0.0,11.31953125,1.0,1.0,1.0
j-lens,17,loopvar,use,10,0.0,20.6625,1.0,1.0,1.0
j-lens,18,loopvar,use,10,0.0,23.1734375,1.0,1.0,1.0
j-lens,19,loopvar,use,10,0.0,24.496875,1.0,1.0,1.0
j-lens,20,loopvar,use,10,0.0,24.790625,0.8,1.0,1.0
j-lens,21,loopvar,use,10,0.0,23.2875,1.0,1.0,1.0
j-lens,22,loopvar,use,10,0.0,22.2890625,1.0,1.0,1.0
j-lens,0,scopeword,use,20,4276.5,0.009375,0.0,0.0,0.0
j-lens,1,scopeword,use,20,5279.5,0.0623046875,0.0,0.0,0.0
j-lens,2,scopeword,use,20,3743.5,-0.0390625,0.0,0.0,0.0
j-lens,3,scopeword,use,20,6603.0,-0.30546875,0.0,0.0,0.0
j-lens,4,scopeword,use,20,3579.0,-0.436328125,0.0,0.0,0.0
j-lens,5,scopeword,use,20,1350.5,0.3286323547363281,0.0,0.0,0.0
j-lens,6,scopeword,use,20,2735.0,0.71455078125,0.0,0.0,0.0
j-lens,7,scopeword,use,20,1521.5,-0.209564208984375,0.0,0.0,0.0
j-lens,8,scopeword,use,20,2322.5,0.03001708984375,0.0,0.0,0.0
j-lens,9,scopeword,use,20,127.5,0.27783203125,0.0,0.0,0.05
j-lens,10,scopeword,use,20,94.5,0.28515625,0.0,0.0,0.0
j-lens,11,scopeword,use,20,124.5,0.666522216796875,0.0,0.0,0.05
j-lens,12,scopeword,use,20,113.0,0.1935302734375,0.0,0.0,0.1
j-lens,13,scopeword,use,20,174.5,-0.4145263671875,0.0,0.0,0.0
j-lens,14,scopeword,use,20,64.0,-0.6314754486083984,0.0,0.0,0.0
j-lens,15,scopeword,use,20,199.5,-1.111181640625,0.0,0.0,0.0
j-lens,16,scopeword,use,20,213.0,-1.040869140625,0.0,0.0,0.0
j-lens,17,scopeword,use,20,260.0,-0.86011962890625,0.0,0.0,0.0
j-lens,18,scopeword,use,20,227.0,-0.625830078125,0.0,0.0,0.0
j-lens,19,scopeword,use,20,290.0,-0.4076171875,0.0,0.0,0.0
j-lens,20,scopeword,use,20,230.5,0.304541015625,0.0,0.0,0.0
j-lens,21,scopeword,use,20,261.0,0.565625,0.0,0.0,0.0
j-lens,22,scopeword,use,20,433.5,0.8203125,0.0,0.0,0.0
j-lens,0,typeof,use,10,291.0,0.1015625,0.0,0.0,0.0
j-lens,1,typeof,use,10,698.0,0.459375,0.0,0.0,0.0
j-lens,2,typeof,use,10,2584.0,0.8375,0.0,0.0,0.0
j-lens,3,typeof,use,10,1709.0,1.090625,0.0,0.0,0.0
j-lens,4,typeof,use,10,1188.0,1.08125,0.0,0.0,0.0
j-lens,5,typeof,use,10,501.0,2.175,0.0,0.0,0.0
j-lens,6,typeof,use,10,190.0,1.94814453125,0.0,0.0,0.0
j-lens,7,typeof,use,10,305.0,1.6998046875,0.0,0.0,0.0
j-lens,8,typeof,use,10,146.0,2.2373046875,0.0,0.0,0.3
j-lens,9,typeof,use,10,17.0,3.1421875,0.0,0.0,0.6
j-lens,10,typeof,use,10,21.0,3.3685546875,0.0,0.0,0.6
j-lens,11,typeof,use,10,19.0,4.1328125,0.0,0.3,0.6
j-lens,12,typeof,use,10,12.0,4.867578125,0.0,0.3,1.0
j-lens,13,typeof,use,10,5.0,5.375,0.0,1.0,1.0
j-lens,14,typeof,use,10,2.0,7.8515625,0.3,1.0,1.0
j-lens,15,typeof,use,10,0.0,9.05625,0.6,1.0,1.0
j-lens,16,typeof,use,10,0.0,9.47958984375,1.0,1.0,1.0
j-lens,17,typeof,use,10,0.0,12.75703125,0.7,1.0,1.0
j-lens,18,typeof,use,10,0.0,16.111328125,0.7,1.0,1.0
j-lens,19,typeof,use,10,2.0,16.34140625,0.4,1.0,1.0
j-lens,20,typeof,use,10,2.0,16.21015625,0.4,1.0,1.0
j-lens,21,typeof,use,10,1.0,14.25546875,0.4,1.0,1.0
j-lens,22,typeof,use,10,1.0,13.96015625,0.4,1.0,1.0
logit-lens,0,alias,answer,10,10455.0,-2.340625,0.0,0.0,0.0
logit-lens,1,alias,answer,10,17609.0,-2.98828125,0.0,0.0,0.0
logit-lens,2,alias,answer,10,13313.5,-2.23916015625,0.0,0.0,0.0
logit-lens,3,alias,answer,10,11380.0,-0.8158203125,0.0,0.0,0.0
logit-lens,4,alias,answer,10,2583.0,2.1587890625,0.0,0.0,0.0
logit-lens,5,alias,answer,10,1451.0,3.71085205078125,0.0,0.0,0.0
logit-lens,6,alias,answer,10,497.5,4.7892578125,0.0,0.0,0.1
logit-lens,7,alias,answer,10,381.0,5.370703125,0.0,0.1,0.1
logit-lens,8,alias,answer,10,88.0,6.707421875,0.0,0.3,0.4
logit-lens,9,alias,answer,10,31.0,6.2412109375,0.0,0.3,0.5
logit-lens,10,alias,answer,10,10.5,6.66796875,0.0,0.5,0.7
logit-lens,11,alias,answer,10,1.5,8.82734375,0.2,0.9,1.0
logit-lens,12,alias,answer,10,1.0,7.99140625,0.3,0.9,0.9
logit-lens,13,alias,answer,10,3.0,7.821875,0.1,0.8,0.9
logit-lens,14,alias,answer,10,1.5,9.217578125,0.4,1.0,1.0
logit-lens,15,alias,answer,10,1.0,11.7015625,0.2,1.0,1.0
logit-lens,16,alias,answer,10,1.0,13.0306640625,0.3,1.0,1.0
logit-lens,17,alias,answer,10,0.0,15.8880859375,0.6,1.0,1.0
logit-lens,18,alias,answer,10,0.0,18.573577880859375,0.8,1.0,1.0
logit-lens,19,alias,answer,10,0.0,22.66376953125,1.0,1.0,1.0
logit-lens,20,alias,answer,10,0.0,23.868359375,1.0,1.0,1.0
logit-lens,21,alias,answer,10,0.0,18.665625,1.0,1.0,1.0
logit-lens,22,alias,answer,10,0.0,16.45699462890625,1.0,1.0,1.0
logit-lens,0,alias,call,10,7467.0,-0.2449951171875,0.0,0.0,0.0
logit-lens,1,alias,call,10,14208.5,-2.89921875,0.0,0.0,0.0
logit-lens,2,alias,call,10,15521.5,-2.48876953125,0.0,0.0,0.0
logit-lens,3,alias,call,10,15171.0,-2.10634765625,0.0,0.0,0.0
logit-lens,4,alias,call,10,3723.5,0.31708984375,0.0,0.0,0.0
logit-lens,5,alias,call,10,4864.0,0.4564453125,0.0,0.0,0.0
logit-lens,6,alias,call,10,3563.5,2.047021484375,0.0,0.0,0.0
logit-lens,7,alias,call,10,5251.0,1.6048828125,0.0,0.0,0.0
logit-lens,8,alias,call,10,3595.5,1.8771484375,0.0,0.0,0.0
logit-lens,9,alias,call,10,605.5,3.2259765625,0.0,0.0,0.0
logit-lens,10,alias,call,10,1676.0,1.049609375,0.0,0.0,0.0
logit-lens,11,alias,call,10,1167.5,1.665234375,0.0,0.0,0.0
logit-lens,12,alias,call,10,893.5,0.605859375,0.0,0.0,0.0
logit-lens,13,alias,call,10,2241.0,-0.2046875,0.0,0.0,0.0
logit-lens,14,alias,call,10,2566.5,-0.1630859375,0.0,0.0,0.0
logit-lens,15,alias,call,10,936.5,0.647021484375,0.0,0.0,0.0
logit-lens,16,alias,call,10,1468.5,-0.65224609375,0.0,0.0,0.0
logit-lens,17,alias,call,10,131.5,2.36708984375,0.0,0.0,0.0
logit-lens,18,alias,call,10,88.5,3.4671875,0.0,0.0,0.0
logit-lens,19,alias,call,10,90.0,3.5939453125,0.0,0.0,0.0
logit-lens,20,alias,call,10,42.0,6.43271484375,0.0,0.0,0.0
logit-lens,21,alias,call,10,37.0,6.6023681640625,0.0,0.0,0.0
logit-lens,22,alias,call,10,37.0,7.298486328125,0.0,0.0,0.0
logit-lens,0,alias,post_use,10,8770.0,1.03837890625,0.0,0.0,0.0
logit-lens,1,alias,post_use,10,8248.0,0.55625,0.0,0.0,0.0
logit-lens,2,alias,post_use,10,6512.0,1.2690155029296875,0.0,0.0,0.0
logit-lens,3,alias,post_use,10,12544.0,0.3345703125,0.0,0.0,0.0
logit-lens,4,alias,post_use,10,10872.0,-0.45771484375,0.0,0.0,0.0
logit-lens,5,alias,post_use,10,20909.0,-2.5251129150390623,0.0,0.0,0.0
logit-lens,6,alias,post_use,10,23255.0,-2.8732421875,0.0,0.0,0.0
logit-lens,7,alias,post_use,10,22235.0,-4.2857421875,0.0,0.0,0.0
logit-lens,8,alias,post_use,10,18230.0,-3.27626953125,0.0,0.0,0.0
logit-lens,9,alias,post_use,10,15611.0,-3.09609375,0.0,0.0,0.0
logit-lens,10,alias,post_use,10,15562.5,-2.429296875,0.0,0.0,0.0
logit-lens,11,alias,post_use,10,9013.5,-1.533203125,0.0,0.0,0.0
logit-lens,12,alias,post_use,10,7510.5,-2.455126953125,0.0,0.0,0.0
logit-lens,13,alias,post_use,10,10337.0,-2.384515380859375,0.0,0.0,0.0
logit-lens,14,alias,post_use,10,13389.0,-2.834765625,0.0,0.0,0.0
logit-lens,15,alias,post_use,10,13994.0,-3.0896961212158205,0.0,0.0,0.0
logit-lens,16,alias,post_use,10,9663.5,-2.71630859375,0.0,0.0,0.0
logit-lens,17,alias,post_use,10,4287.0,-1.89705810546875,0.0,0.0,0.0
logit-lens,18,alias,post_use,10,1255.0,-0.47554931640625,0.0,0.0,0.0
logit-lens,19,alias,post_use,10,235.0,-0.29765625,0.0,0.0,0.0
logit-lens,20,alias,post_use,10,86.0,-1.82578125,0.0,0.0,0.0
logit-lens,21,alias,post_use,10,81.0,-7.849609375,0.0,0.0,0.0
logit-lens,22,alias,post_use,10,94.5,-10.8817626953125,0.0,0.0,0.0
logit-lens,0,alias,use,10,7363.0,0.31630859375,0.0,0.0,0.0
logit-lens,1,alias,use,10,21815.0,-1.85458984375,0.0,0.0,0.0
logit-lens,2,alias,use,10,18233.0,-1.34296875,0.0,0.0,0.0
logit-lens,3,alias,use,10,13558.5,-0.967431640625,0.0,0.0,0.0
logit-lens,4,alias,use,10,8688.0,-0.1373046875,0.0,0.0,0.0
logit-lens,5,alias,use,10,13245.5,0.0163238525390625,0.0,0.0,0.0
logit-lens,6,alias,use,10,11303.0,0.729638671875,0.0,0.0,0.0
logit-lens,7,alias,use,10,12593.5,0.229541015625,0.0,0.0,0.0
logit-lens,8,alias,use,10,9954.0,0.09599609375,0.0,0.0,0.0
logit-lens,9,alias,use,10,2849.0,1.353125,0.0,0.0,0.0
logit-lens,10,alias,use,10,1330.0,2.8890625,0.0,0.0,0.0
logit-lens,11,alias,use,10,1384.0,2.112109375,0.0,0.0,0.0
logit-lens,12,alias,use,10,1240.0,2.098046875,0.0,0.0,0.0
logit-lens,13,alias,use,10,1217.0,1.348046875,0.0,0.0,0.0
logit-lens,14,alias,use,10,1407.0,1.4017578125,0.0,0.0,0.0
logit-lens,15,alias,use,10,778.5,2.070068359375,0.0,0.0,0.0
logit-lens,16,alias,use,10,905.0,2.4,0.0,0.0,0.0
logit-lens,17,alias,use,10,909.5,1.78515625,0.0,0.0,0.0
logit-lens,18,alias,use,10,421.5,2.1212890625,0.0,0.0,0.0
logit-lens,19,alias,use,10,225.0,2.26416015625,0.0,0.0,0.0
logit-lens,20,alias,use,10,244.5,1.323046875,0.0,0.0,0.0
logit-lens,21,alias,use,10,155.5,1.3578125,0.0,0.0,0.0
logit-lens,22,alias,use,10,125.5,1.9916015625,0.0,0.0,0.0
logit-lens,0,arith,answer,10,11751.0,-2.176171875,0.0,0.0,0.0
logit-lens,1,arith,answer,10,21175.5,-3.0234375,0.0,0.0,0.0
logit-lens,2,arith,answer,10,16439.0,-2.967578125,0.0,0.0,0.0
logit-lens,3,arith,answer,10,9779.0,-3.0384765625,0.0,0.0,0.0
logit-lens,4,arith,answer,10,1809.5,-2.0234375,0.0,0.0,0.0
logit-lens,5,arith,answer,10,369.5,-2.221875,0.0,0.0,0.0
logit-lens,6,arith,answer,10,330.0,-3.975,0.0,0.0,0.0
logit-lens,7,arith,answer,10,153.5,-4.88125,0.0,0.0,0.0
logit-lens,8,arith,answer,10,236.0,-3.746875,0.0,0.0,0.0
logit-lens,9,arith,answer,10,168.5,-3.2984375,0.0,0.0,0.0
logit-lens,10,arith,answer,10,516.5,-6.5375,0.0,0.0,0.0
logit-lens,11,arith,answer,10,767.0,-6.509375,0.0,0.0,0.0
logit-lens,12,arith,answer,10,370.0,-5.534375,0.0,0.0,0.0
logit-lens,13,arith,answer,10,1082.5,-5.29375,0.0,0.0,0.0
logit-lens,14,arith,answer,10,233.5,-2.05625,0.1,0.1,0.1
logit-lens,15,arith,answer,10,3.5,0.7125,0.1,0.7,0.9
logit-lens,16,arith,answer,10,0.5,1.0625,0.5,0.9,1.0
logit-lens,17,arith,answer,10,0.5,3.9375,0.5,0.9,1.0
logit-lens,18,arith,answer,10,0.0,9.884375,1.0,1.0,1.0
logit-lens,19,arith,answer,10,0.0,10.35,1.0,1.0,1.0
logit-lens,20,arith,answer,10,0.0,15.740625,1.0,1.0,1.0
logit-lens,21,arith,answer,10,0.0,15.353125,1.0,1.0,1.0
logit-lens,22,arith,answer,10,0.0,12.346875,1.0,1.0,1.0
logit-lens,0,arith,call,10,5472.0,0.401171875,0.0,0.0,0.0
logit-lens,1,arith,call,10,12957.0,-0.853125,0.0,0.0,0.0
logit-lens,2,arith,call,10,12708.5,-1.305078125,0.0,0.0,0.0
logit-lens,3,arith,call,10,11018.5,-0.768359375,0.0,0.0,0.0
logit-lens,4,arith,call,10,3236.0,-0.27333984375,0.0,0.0,0.0
logit-lens,5,arith,call,10,4843.0,-1.15703125,0.0,0.0,0.0
logit-lens,6,arith,call,10,2354.5,-2.051171875,0.0,0.0,0.0
logit-lens,7,arith,call,10,3526.0,-2.27421875,0.0,0.0,0.0
logit-lens,8,arith,call,10,3150.5,-2.56572265625,0.0,0.0,0.0
logit-lens,9,arith,call,10,829.0,-2.35234375,0.0,0.0,0.0
logit-lens,10,arith,call,10,4958.0,-2.58984375,0.0,0.0,0.0
logit-lens,11,arith,call,10,2220.0,-2.0453125,0.0,0.0,0.0
logit-lens,12,arith,call,10,1696.0,-2.43671875,0.0,0.0,0.0
logit-lens,13,arith,call,10,1737.0,-2.3265625,0.0,0.0,0.0
logit-lens,14,arith,call,10,1600.0,-1.3828125,0.0,0.0,0.0
logit-lens,15,arith,call,10,412.5,-1.453125,0.0,0.0,0.0
logit-lens,16,arith,call,10,631.5,-1.59921875,0.0,0.0,0.0
logit-lens,17,arith,call,10,151.5,-1.5484375,0.0,0.0,0.0
logit-lens,18,arith,call,10,171.5,-1.053515625,0.0,0.0,0.0
logit-lens,19,arith,call,10,199.0,-1.38134765625,0.0,0.0,0.0
logit-lens,20,arith,call,10,242.5,-1.680859375,0.0,0.0,0.0
logit-lens,21,arith,call,10,163.0,-1.5708251953125,0.0,0.0,0.0
logit-lens,22,arith,call,10,108.0,-2.04140625,0.0,0.0,0.0
logit-lens,0,arith,post_use,10,7663.0,-1.121875,0.0,0.0,0.0
logit-lens,1,arith,post_use,10,10526.0,-1.43046875,0.0,0.0,0.0
logit-lens,2,arith,post_use,10,8600.0,-1.532666015625,0.0,0.0,0.0
logit-lens,3,arith,post_use,10,15167.0,-0.958984375,0.0,0.0,0.0
logit-lens,4,arith,post_use,10,9608.0,-1.391796875,0.0,0.0,0.0
logit-lens,5,arith,post_use,10,18583.5,-1.7671875,0.0,0.0,0.0
logit-lens,6,arith,post_use,10,19414.5,-1.3742431640625,0.0,0.0,0.0
logit-lens,7,arith,post_use,10,16853.0,-1.7578125,0.0,0.0,0.0
logit-lens,8,arith,post_use,10,16258.0,-1.977490234375,0.0,0.0,0.0
logit-lens,9,arith,post_use,10,11399.0,-1.26171875,0.0,0.0,0.0
logit-lens,10,arith,post_use,10,14650.0,-1.448828125,0.0,0.0,0.0
logit-lens,11,arith,post_use,10,8965.5,-1.7359375,0.0,0.0,0.0
logit-lens,12,arith,post_use,10,7641.0,-2.19296875,0.0,0.0,0.0
logit-lens,13,arith,post_use,10,7158.5,-2.078125,0.0,0.0,0.0
logit-lens,14,arith,post_use,10,8604.5,-3.2623779296875,0.0,0.0,0.0
logit-lens,15,arith,post_use,10,9312.0,-3.44794921875,0.0,0.0,0.0
logit-lens,16,arith,post_use,10,8904.0,-3.553125,0.0,0.0,0.0
logit-lens,17,arith,post_use,10,4612.5,-3.819921875,0.0,0.0,0.0
logit-lens,18,arith,post_use,10,846.5,-3.3984375,0.0,0.0,0.0
logit-lens,19,arith,post_use,10,196.0,-3.6140625,0.0,0.0,0.0
logit-lens,20,arith,post_use,10,226.0,-4.202261352539063,0.0,0.0,0.0
logit-lens,21,arith,post_use,10,181.5,-4.50087890625,0.0,0.0,0.0
logit-lens,22,arith,post_use,10,161.5,-4.26328125,0.0,0.0,0.0
logit-lens,0,arith,use,10,6315.5,-1.898046875,0.0,0.0,0.0
logit-lens,1,arith,use,10,19480.5,-3.8625,0.0,0.0,0.0
logit-lens,2,arith,use,10,24338.0,-4.119921875,0.0,0.0,0.0
logit-lens,3,arith,use,10,14722.0,-2.73203125,0.0,0.0,0.0
logit-lens,4,arith,use,10,12308.0,-2.9232421875,0.0,0.0,0.0
logit-lens,5,arith,use,10,8783.0,-1.9296875,0.0,0.0,0.0
logit-lens,6,arith,use,10,7750.0,-1.88515625,0.0,0.0,0.0
logit-lens,7,arith,use,10,12454.0,-3.15751953125,0.0,0.0,0.0
logit-lens,8,arith,use,10,6845.0,-3.00625,0.0,0.0,0.0
logit-lens,9,arith,use,10,4899.0,-2.989453125,0.0,0.0,0.0
logit-lens,10,arith,use,10,1436.5,-3.9421875,0.0,0.0,0.0
logit-lens,11,arith,use,10,2236.0,-3.40810546875,0.0,0.0,0.0
logit-lens,12,arith,use,10,1706.0,-2.8224853515625,0.0,0.0,0.0
logit-lens,13,arith,use,10,814.5,-2.9251953125,0.0,0.0,0.0
logit-lens,14,arith,use,10,1145.0,-3.04169921875,0.0,0.0,0.0
logit-lens,15,arith,use,10,1088.0,-3.216802978515625,0.0,0.0,0.0
logit-lens,16,arith,use,10,1915.5,-2.763720703125,0.0,0.0,0.0
logit-lens,17,arith,use,10,1110.5,-3.102978515625,0.0,0.0,0.0
logit-lens,18,arith,use,10,607.0,-3.434375,0.0,0.0,0.0
logit-lens,19,arith,use,10,461.0,-3.572265625,0.0,0.0,0.0
logit-lens,20,arith,use,10,760.5,-3.653125,0.0,0.0,0.0
logit-lens,21,arith,use,10,225.0,-3.86875,0.0,0.0,0.0
logit-lens,22,arith,use,10,181.5,-4.821875,0.0,0.0,0.0
logit-lens,0,binding,answer,20,7777.0,-0.00322265625,0.0,0.0,0.0
logit-lens,1,binding,answer,20,12596.0,-0.0017364501953125,0.0,0.0,0.0
logit-lens,2,binding,answer,20,6468.5,0.000537109375,0.0,0.0,0.0
logit-lens,3,binding,answer,20,7302.0,-0.0015380859375,0.0,0.0,0.0
logit-lens,4,binding,answer,20,2038.5,-0.00078125,0.0,0.0,0.0
logit-lens,5,binding,answer,20,812.5,-0.0109375,0.0,0.0,0.0
logit-lens,6,binding,answer,20,720.0,-0.0265625,0.0,0.0,0.1
logit-lens,7,binding,answer,20,291.0,-0.003125,0.0,0.0,0.15
logit-lens,8,binding,answer,20,107.5,0.034375,0.0,0.15,0.2
logit-lens,9,binding,answer,20,63.0,0.0375,0.0,0.15,0.25
logit-lens,10,binding,answer,20,179.5,0.14140625,0.0,0.1,0.25
logit-lens,11,binding,answer,20,55.0,0.18828125,0.05,0.3,0.4
logit-lens,12,binding,answer,20,57.0,0.27265625,0.0,0.2,0.4
logit-lens,13,binding,answer,20,79.5,0.59921875,0.0,0.15,0.35
logit-lens,14,binding,answer,20,8.5,0.6984375,0.05,0.55,0.6
logit-lens,15,binding,answer,20,3.5,0.596875,0.1,0.8,0.9
logit-lens,16,binding,answer,20,2.0,0.9515625,0.1,0.95,1.0
logit-lens,17,binding,answer,20,1.0,2.215625,0.4,1.0,1.0
logit-lens,18,binding,answer,20,0.0,2.8921875,0.8,1.0,1.0
logit-lens,19,binding,answer,20,0.0,3.621875,0.9,1.0,1.0
logit-lens,20,binding,answer,20,0.0,5.40625,0.9,1.0,1.0
logit-lens,21,binding,answer,20,0.0,4.309375,0.9,1.0,1.0
logit-lens,22,binding,answer,20,0.0,3.421875,0.9,1.0,1.0
logit-lens,0,binding,call,20,8578.0,0.00048828125,0.0,0.0,0.0
logit-lens,1,binding,call,20,12271.0,0.00361328125,0.0,0.0,0.0
logit-lens,2,binding,call,20,13417.0,0.005078125,0.0,0.0,0.0
logit-lens,3,binding,call,20,10807.0,-0.0068359375,0.0,0.0,0.0
logit-lens,4,binding,call,20,3415.5,-0.00699462890625,0.0,0.0,0.0
logit-lens,5,binding,call,20,6100.0,-0.02613525390625,0.0,0.0,0.0
logit-lens,6,binding,call,20,3087.0,-0.017431640625,0.0,0.0,0.0
logit-lens,7,binding,call,20,5017.5,-0.02974853515625,0.0,0.0,0.0
logit-lens,8,binding,call,20,2994.5,-0.068414306640625,0.0,0.0,0.0
logit-lens,9,binding,call,20,1190.5,-0.028125,0.0,0.0,0.0
logit-lens,10,binding,call,20,3534.0,-0.08828125,0.0,0.0,0.0
logit-lens,11,binding,call,20,2976.0,0.07265625,0.0,0.0,0.0
logit-lens,12,binding,call,20,1788.0,0.150390625,0.0,0.0,0.0
logit-lens,13,binding,call,20,1715.0,0.45242156982421877,0.0,0.0,0.0
logit-lens,14,binding,call,20,1792.5,0.442138671875,0.0,0.0,0.0
logit-lens,15,binding,call,20,692.5,0.4550048828125,0.0,0.0,0.0
logit-lens,16,binding,call,20,1178.5,0.508746337890625,0.0,0.0,0.0
logit-lens,17,binding,call,20,119.5,0.546875,0.0,0.0,0.0
logit-lens,18,binding,call,20,125.5,0.2025665283203125,0.0,0.0,0.0
logit-lens,19,binding,call,20,136.0,0.1390625,0.0,0.0,0.0
logit-lens,20,binding,call,20,79.5,0.23461532592773438,0.0,0.0,0.0
logit-lens,21,binding,call,20,54.0,0.20860595703125,0.0,0.0,0.0
logit-lens,22,binding,call,20,48.0,0.19586181640625,0.0,0.0,0.0
logit-lens,0,binding,post_use,20,6309.0,-0.003125,0.0,0.0,0.0
logit-lens,1,binding,post_use,20,7025.5,0.0046875,0.0,0.0,0.0
logit-lens,2,binding,post_use,20,4804.0,0.00673828125,0.0,0.0,0.0
logit-lens,3,binding,post_use,20,11830.5,0.01875,0.0,0.0,0.0
logit-lens,4,binding,post_use,20,8302.5,0.013671875,0.0,0.0,0.0
logit-lens,5,binding,post_use,20,16937.5,-0.0053386688232421875,0.0,0.0,0.0
logit-lens,6,binding,post_use,20,17672.5,-0.02749176025390625,0.0,0.0,0.0
logit-lens,7,binding,post_use,20,17456.0,-0.0853759765625,0.0,0.0,0.0
logit-lens,8,binding,post_use,20,17532.0,-0.07445068359375,0.0,0.0,0.0
logit-lens,9,binding,post_use,20,14835.5,-0.077349853515625,0.0,0.0,0.0
logit-lens,10,binding,post_use,20,18052.0,-0.03642578125,0.0,0.0,0.0
logit-lens,11,binding,post_use,20,11007.5,0.035595703125,0.0,0.0,0.0
logit-lens,12,binding,post_use,20,7946.5,0.0404052734375,0.0,0.0,0.0
logit-lens,13,binding,post_use,20,10589.0,0.06409912109375,0.0,0.0,0.0
logit-lens,14,binding,post_use,20,10886.5,0.05989990234375,0.0,0.0,0.0
logit-lens,15,binding,post_use,20,10495.5,0.132928466796875,0.0,0.0,0.0
logit-lens,16,binding,post_use,20,6628.0,0.1185302734375,0.0,0.0,0.0
logit-lens,17,binding,post_use,20,3160.5,0.106024169921875,0.0,0.0,0.0
logit-lens,18,binding,post_use,20,1156.0,0.0621734619140625,0.0,0.0,0.0
logit-lens,19,binding,post_use,20,161.0,0.006640625,0.0,0.0,0.0
logit-lens,20,binding,post_use,20,68.5,-0.176806640625,0.0,0.0,0.0
logit-lens,21,binding,post_use,20,58.5,-0.09102783203125,0.0,0.0,0.0
logit-lens,22,binding,post_use,20,69.0,-0.07430419921875,0.0,0.0,0.0
logit-lens,0,binding,use,20,1439.5,-0.01572265625,0.0,0.0,0.0
logit-lens,1,binding,use,20,8479.5,-0.02706298828125,0.0,0.0,0.0
logit-lens,2,binding,use,20,8134.5,-0.00214691162109375,0.0,0.0,0.0
logit-lens,3,binding,use,20,4980.0,0.02679443359375,0.0,0.0,0.0
logit-lens,4,binding,use,20,4594.0,-0.084442138671875,0.0,0.0,0.0
logit-lens,5,binding,use,20,2713.0,-0.16953125,0.0,0.0,0.0
logit-lens,6,binding,use,20,1055.5,0.043212890625,0.0,0.0,0.0
logit-lens,7,binding,use,20,4367.5,-0.23404998779296876,0.0,0.0,0.0
logit-lens,8,binding,use,20,1963.0,-0.0205078125,0.0,0.0,0.0
logit-lens,9,binding,use,20,965.0,0.1720703125,0.0,0.0,0.05
logit-lens,10,binding,use,20,479.5,0.1427734375,0.0,0.0,0.0
logit-lens,11,binding,use,20,1253.0,-0.1140380859375,0.0,0.0,0.0
logit-lens,12,binding,use,20,1120.0,-0.139794921875,0.0,0.0,0.0
logit-lens,13,binding,use,20,923.5,0.06523895263671875,0.0,0.0,0.0
logit-lens,14,binding,use,20,1440.5,0.10009765625,0.0,0.0,0.0
logit-lens,15,binding,use,20,460.0,0.1085662841796875,0.0,0.0,0.0
logit-lens,16,binding,use,20,413.0,0.1395233154296875,0.0,0.0,0.0
logit-lens,17,binding,use,20,298.0,-0.0561279296875,0.0,0.0,0.0
logit-lens,18,binding,use,20,280.5,-0.058642578125,0.0,0.0,0.0
logit-lens,19,binding,use,20,161.5,-0.11597900390625,0.0,0.0,0.0
logit-lens,20,binding,use,20,319.0,-0.1380859375,0.0,0.0,0.0
logit-lens,21,binding,use,20,115.0,-0.20556640625,0.0,0.0,0.0
logit-lens,22,binding,use,20,85.5,-0.124951171875,0.0,0.0,0.0
logit-lens,0,call,answer,10,5758.0,-2.74755859375,0.0,0.0,0.0
logit-lens,1,call,answer,10,9057.5,-3.5032958984375,0.0,0.0,0.0
logit-lens,2,call,answer,10,5674.0,-3.190673828125,0.0,0.0,0.0
logit-lens,3,call,answer,10,3155.5,-0.10882568359375,0.0,0.0,0.0
logit-lens,4,call,answer,10,2172.5,2.43695068359375,0.0,0.0,0.0
logit-lens,5,call,answer,10,685.5,3.020263671875,0.0,0.0,0.0
logit-lens,6,call,answer,10,238.0,3.35400390625,0.0,0.0,0.3
logit-lens,7,call,answer,10,125.5,2.6318359375,0.0,0.0,0.2
logit-lens,8,call,answer,10,12.5,6.05126953125,0.0,0.5,0.6
logit-lens,9,call,answer,10,3.0,7.20086669921875,0.0,0.8,1.0
logit-lens,10,call,answer,10,0.5,6.959228515625,0.5,0.9,1.0
logit-lens,11,call,answer,10,0.0,9.01171875,0.9,1.0,1.0
logit-lens,12,call,answer,10,0.0,9.4215087890625,0.7,1.0,1.0
logit-lens,13,call,answer,10,0.0,9.8929443359375,0.6,1.0,1.0
logit-lens,14,call,answer,10,0.0,11.25,0.6,1.0,1.0
logit-lens,15,call,answer,10,0.0,12.6259765625,0.8,1.0,1.0
logit-lens,16,call,answer,10,0.0,14.1185302734375,0.8,1.0,1.0
logit-lens,17,call,answer,10,0.0,16.8104248046875,1.0,1.0,1.0
logit-lens,18,call,answer,10,0.0,19.47265625,1.0,1.0,1.0
logit-lens,19,call,answer,10,0.0,24.4091796875,1.0,1.0,1.0
logit-lens,20,call,answer,10,0.0,22.2548828125,1.0,1.0,1.0
logit-lens,21,call,answer,10,0.0,20.423828125,1.0,1.0,1.0
logit-lens,22,call,answer,10,0.0,21.3212890625,1.0,1.0,1.0
logit-lens,0,call,call,10,9744.0,-0.70269775390625,0.0,0.0,0.0
logit-lens,1,call,call,10,12446.5,-0.47802734375,0.0,0.0,0.0
logit-lens,2,call,call,10,14126.0,-0.44189453125,0.0,0.0,0.0
logit-lens,3,call,call,10,14974.0,-0.7861328125,0.0,0.0,0.0
logit-lens,4,call,call,10,7708.5,-0.0877227783203125,0.0,0.0,0.0
logit-lens,5,call,call,10,10728.0,-1.421630859375,0.0,0.0,0.0
logit-lens,6,call,call,10,9520.0,-0.6812286376953125,0.0,0.0,0.0
logit-lens,7,call,call,10,10567.0,-1.3779296875,0.0,0.0,0.0
logit-lens,8,call,call,10,3682.5,-0.6710281372070312,0.0,0.0,0.0
logit-lens,9,call,call,10,311.0,2.4638671875,0.0,0.0,0.0
logit-lens,10,call,call,10,1821.5,0.35400390625,0.0,0.0,0.0
logit-lens,11,call,call,10,1296.0,0.793701171875,0.0,0.0,0.0
logit-lens,12,call,call,10,459.0,2.21734619140625,0.0,0.0,0.0
logit-lens,13,call,call,10,1102.5,0.875,0.0,0.0,0.0
logit-lens,14,call,call,10,1204.0,0.955810546875,0.0,0.0,0.0
logit-lens,15,call,call,10,339.5,1.954833984375,0.0,0.0,0.0
logit-lens,16,call,call,10,562.0,0.822998046875,0.0,0.0,0.0
logit-lens,17,call,call,10,85.5,2.4833602905273438,0.0,0.0,0.0
logit-lens,18,call,call,10,131.5,1.84375,0.0,0.0,0.0
logit-lens,19,call,call,10,144.0,2.0498046875,0.0,0.0,0.0
logit-lens,20,call,call,10,85.5,3.464599609375,0.0,0.0,0.0
logit-lens,21,call,call,10,59.5,5.126220703125,0.0,0.0,0.0
logit-lens,22,call,call,10,54.5,7.03375244140625,0.0,0.0,0.0
logit-lens,0,call,post_use,10,4550.5,0.04443359375,0.0,0.0,0.0
logit-lens,1,call,post_use,10,5436.0,-0.66455078125,0.0,0.0,0.0
logit-lens,2,call,post_use,10,5046.0,-0.507080078125,0.0,0.0,0.0
logit-lens,3,call,post_use,10,13628.5,-2.13580322265625,0.0,0.0,0.0
logit-lens,4,call,post_use,10,12343.0,-1.1220703125,0.0,0.0,0.0
logit-lens,5,call,post_use,10,18260.5,-3.09326171875,0.0,0.0,0.0
logit-lens,6,call,post_use,10,22565.5,-3.590576171875,0.0,0.0,0.0
logit-lens,7,call,post_use,10,21022.0,-3.10302734375,0.0,0.0,0.0
logit-lens,8,call,post_use,10,20246.5,-2.4755477905273438,0.0,0.0,0.0
logit-lens,9,call,post_use,10,16218.0,-2.38427734375,0.0,0.0,0.0
logit-lens,10,call,post_use,10,18104.0,-3.850341796875,0.0,0.0,0.0
logit-lens,11,call,post_use,10,9943.5,-1.728515625,0.0,0.0,0.0
logit-lens,12,call,post_use,10,6985.0,-1.68359375,0.0,0.0,0.0
logit-lens,13,call,post_use,10,10261.5,-2.072509765625,0.0,0.0,0.0
logit-lens,14,call,post_use,10,6738.0,-1.85302734375,0.0,0.0,0.0
logit-lens,15,call,post_use,10,6076.0,-2.86962890625,0.0,0.0,0.0
logit-lens,16,call,post_use,10,2735.0,-1.826171875,0.0,0.0,0.0
logit-lens,17,call,post_use,10,1290.5,-1.6826171875,0.0,0.0,0.0
logit-lens,18,call,post_use,10,365.0,1.156494140625,0.0,0.0,0.0
logit-lens,19,call,post_use,10,86.5,0.8056640625,0.0,0.0,0.0
logit-lens,20,call,post_use,10,126.0,-7.7010498046875,0.0,0.0,0.0
logit-lens,21,call,post_use,10,93.5,-8.28314208984375,0.0,0.0,0.0
logit-lens,22,call,post_use,10,90.0,-9.056396484375,0.0,0.0,0.0
logit-lens,0,call,use,10,1800.5,4.818817138671875,0.0,0.0,0.0
logit-lens,1,call,use,10,2749.0,1.710723876953125,0.0,0.0,0.0
logit-lens,2,call,use,10,4107.0,0.50018310546875,0.0,0.0,0.0
logit-lens,3,call,use,10,4403.5,0.3575439453125,0.0,0.0,0.0
logit-lens,4,call,use,10,3186.0,1.0712890625,0.0,0.0,0.0
logit-lens,5,call,use,10,1191.5,2.6505966186523438,0.0,0.0,0.0
logit-lens,6,call,use,10,2025.0,0.68359375,0.0,0.0,0.0
logit-lens,7,call,use,10,4642.5,-1.44482421875,0.0,0.0,0.0
logit-lens,8,call,use,10,2108.0,-0.313232421875,0.0,0.0,0.0
logit-lens,9,call,use,10,1439.5,0.49755859375,0.0,0.0,0.0
logit-lens,10,call,use,10,494.5,2.8017578125,0.0,0.0,0.0
logit-lens,11,call,use,10,529.0,3.009124755859375,0.0,0.0,0.0
logit-lens,12,call,use,10,357.5,3.7412109375,0.0,0.0,0.0
logit-lens,13,call,use,10,418.0,3.619140625,0.0,0.0,0.0
logit-lens,14,call,use,10,306.5,4.3419189453125,0.0,0.0,0.0
logit-lens,15,call,use,10,222.0,4.737060546875,0.0,0.0,0.0
logit-lens,16,call,use,10,119.5,5.95361328125,0.0,0.0,0.0
logit-lens,17,call,use,10,135.0,5.51025390625,0.0,0.0,0.0
logit-lens,18,call,use,10,104.0,6.0255126953125,0.0,0.0,0.0
logit-lens,19,call,use,10,104.0,6.8203125,0.0,0.0,0.0
logit-lens,20,call,use,10,151.0,5.12841796875,0.0,0.0,0.0
logit-lens,21,call,use,10,122.5,6.4033203125,0.0,0.0,0.0
logit-lens,22,call,use,10,116.5,7.318359375,0.0,0.0,0.0
logit-lens,0,defuse,answer,10,5232.0,3.125,0.0,0.0,0.0
logit-lens,1,defuse,answer,10,9769.5,2.859375,0.0,0.0,0.0
logit-lens,2,defuse,answer,10,6675.0,2.484375,0.0,0.0,0.0
logit-lens,3,defuse,answer,10,4987.5,2.970703125,0.0,0.0,0.0
logit-lens,4,defuse,answer,10,1176.0,0.8984375,0.0,0.0,0.0
logit-lens,5,defuse,answer,10,484.5,1.078125,0.0,0.0,0.1
logit-lens,6,defuse,answer,10,229.0,2.09375,0.0,0.2,0.2
logit-lens,7,defuse,answer,10,36.0,3.234375,0.0,0.5,0.5
logit-lens,8,defuse,answer,10,24.5,3.0625,0.0,0.4,0.5
logit-lens,9,defuse,answer,10,14.5,3.015625,0.0,0.4,0.7
logit-lens,10,defuse,answer,10,15.0,5.125,0.0,0.4,0.6
logit-lens,11,defuse,answer,10,1.5,5.703125,0.4,0.9,0.9
logit-lens,12,defuse,answer,10,1.5,5.421875,0.4,0.9,0.9
logit-lens,13,defuse,answer,10,1.0,5.78125,0.3,0.8,0.9
logit-lens,14,defuse,answer,10,0.5,4.875,0.5,0.9,0.9
logit-lens,15,defuse,answer,10,1.0,4.28125,0.5,1.0,1.0
logit-lens,16,defuse,answer,10,0.0,4.25,0.6,1.0,1.0
logit-lens,17,defuse,answer,10,0.0,5.59375,0.7,1.0,1.0
logit-lens,18,defuse,answer,10,0.0,2.375,0.6,1.0,1.0
logit-lens,19,defuse,answer,10,0.0,3.875,0.9,1.0,1.0
logit-lens,20,defuse,answer,10,0.0,4.53125,0.9,1.0,1.0
logit-lens,21,defuse,answer,10,0.0,3.84375,0.9,1.0,1.0
logit-lens,22,defuse,answer,10,0.0,4.3125,0.9,1.0,1.0
logit-lens,0,defuse,call,10,7764.5,-1.001953125,0.0,0.0,0.0
logit-lens,1,defuse,call,10,9390.5,0.82421875,0.0,0.0,0.0
logit-lens,2,defuse,call,10,11278.0,2.0703125,0.0,0.0,0.0
logit-lens,3,defuse,call,10,12680.0,1.915283203125,0.0,0.0,0.0
logit-lens,4,defuse,call,10,2539.0,1.208984375,0.0,0.0,0.0
logit-lens,5,defuse,call,10,3894.0,1.35400390625,0.0,0.0,0.0
logit-lens,6,defuse,call,10,1440.0,1.56103515625,0.0,0.0,0.0
logit-lens,7,defuse,call,10,1369.0,1.7626953125,0.0,0.0,0.0
logit-lens,8,defuse,call,10,1085.5,1.6796875,0.0,0.0,0.0
logit-lens,9,defuse,call,10,1008.5,1.75,0.0,0.0,0.0
logit-lens,10,defuse,call,10,1558.0,1.4921875,0.0,0.0,0.0
logit-lens,11,defuse,call,10,881.0,1.484375,0.0,0.0,0.0
logit-lens,12,defuse,call,10,384.0,2.27734375,0.0,0.0,0.0
logit-lens,13,defuse,call,10,1305.5,2.083984375,0.0,0.0,0.0
logit-lens,14,defuse,call,10,2002.5,2.12939453125,0.0,0.0,0.0
logit-lens,15,defuse,call,10,1000.5,3.34619140625,0.0,0.0,0.0
logit-lens,16,defuse,call,10,1593.5,3.14111328125,0.0,0.0,0.0
logit-lens,17,defuse,call,10,178.0,3.271484375,0.0,0.0,0.0
logit-lens,18,defuse,call,10,296.0,3.37890625,0.0,0.0,0.0
logit-lens,19,defuse,call,10,173.0,3.087890625,0.0,0.0,0.0
logit-lens,20,defuse,call,10,138.5,4.551513671875,0.0,0.0,0.0
logit-lens,21,defuse,call,10,90.0,4.337890625,0.0,0.0,0.0
logit-lens,22,defuse,call,10,83.5,4.4921875,0.0,0.0,0.0
logit-lens,0,defuse,post_use,10,3370.5,-0.359375,0.0,0.0,0.0
logit-lens,1,defuse,post_use,10,2582.5,-0.48828125,0.0,0.0,0.0
logit-lens,2,defuse,post_use,10,3699.5,-0.26953125,0.0,0.0,0.0
logit-lens,3,defuse,post_use,10,10117.0,-1.5361328125,0.0,0.0,0.0
logit-lens,4,defuse,post_use,10,6551.0,0.078125,0.0,0.0,0.0
logit-lens,5,defuse,post_use,10,12814.0,0.7841796875,0.0,0.0,0.0
logit-lens,6,defuse,post_use,10,15363.0,0.0341796875,0.0,0.0,0.0
logit-lens,7,defuse,post_use,10,13657.5,1.373046875,0.0,0.0,0.0
logit-lens,8,defuse,post_use,10,10096.5,1.47265625,0.0,0.0,0.0
logit-lens,9,defuse,post_use,10,9002.5,1.35986328125,0.0,0.0,0.0
logit-lens,10,defuse,post_use,10,7741.5,0.609375,0.0,0.0,0.0
logit-lens,11,defuse,post_use,10,3837.0,1.6796875,0.0,0.0,0.0
logit-lens,12,defuse,post_use,10,2800.0,1.578125,0.0,0.0,0.0
logit-lens,13,defuse,post_use,10,3899.0,2.115234375,0.0,0.0,0.0
logit-lens,14,defuse,post_use,10,4594.0,3.044921875,0.0,0.0,0.0
logit-lens,15,defuse,post_use,10,2823.0,4.63671875,0.0,0.0,0.0
logit-lens,16,defuse,post_use,10,1591.5,4.14306640625,0.0,0.0,0.0
logit-lens,17,defuse,post_use,10,659.0,3.8427734375,0.0,0.0,0.0
logit-lens,18,defuse,post_use,10,209.0,3.80078125,0.0,0.0,0.0
logit-lens,19,defuse,post_use,10,105.0,3.2109375,0.0,0.0,0.0
logit-lens,20,defuse,post_use,10,86.5,4.0537109375,0.0,0.0,0.0
logit-lens,21,defuse,post_use,10,53.0,5.0771484375,0.0,0.0,0.0
logit-lens,22,defuse,post_use,10,70.5,4.8427734375,0.0,0.0,0.0
logit-lens,0,defuse,use,10,5832.5,1.5546875,0.0,0.0,0.0
logit-lens,1,defuse,use,10,15702.5,1.7978515625,0.0,0.0,0.0
logit-lens,2,defuse,use,10,15744.0,1.671875,0.0,0.0,0.0
logit-lens,3,defuse,use,10,11082.5,0.53369140625,0.0,0.0,0.0
logit-lens,4,defuse,use,10,8359.5,1.134765625,0.0,0.0,0.0
logit-lens,5,defuse,use,10,6498.5,2.1749267578125,0.0,0.0,0.0
logit-lens,6,defuse,use,10,9946.5,1.2373046875,0.0,0.0,0.0
logit-lens,7,defuse,use,10,7613.0,1.591796875,0.0,0.0,0.0
logit-lens,8,defuse,use,10,7381.0,2.505859375,0.0,0.0,0.0
logit-lens,9,defuse,use,10,7111.5,2.7734375,0.0,0.0,0.0
logit-lens,10,defuse,use,10,2052.0,2.9765052795410156,0.0,0.0,0.0
logit-lens,11,defuse,use,10,2184.0,2.623046875,0.0,0.0,0.0
logit-lens,12,defuse,use,10,1126.0,2.12890625,0.0,0.0,0.0
logit-lens,13,defuse,use,10,1453.5,2.4189224243164062,0.0,0.0,0.0
logit-lens,14,defuse,use,10,2474.5,3.005859375,0.0,0.0,0.0
logit-lens,15,defuse,use,10,1885.5,3.216217041015625,0.0,0.0,0.0
logit-lens,16,defuse,use,10,1826.0,3.16796875,0.0,0.0,0.0
logit-lens,17,defuse,use,10,1399.0,3.1708984375,0.0,0.0,0.0
logit-lens,18,defuse,use,10,1021.0,2.6044921875,0.0,0.0,0.0
logit-lens,19,defuse,use,10,429.5,2.693359375,0.0,0.0,0.0
logit-lens,20,defuse,use,10,316.0,3.603515625,0.0,0.0,0.0
logit-lens,21,defuse,use,10,156.0,3.68359375,0.0,0.0,0.0
logit-lens,22,defuse,use,10,101.5,4.080078125,0.0,0.0,0.0
logit-lens,0,loopvar,use,10,633.5,-1.3328125,0.0,0.0,0.0
logit-lens,1,loopvar,use,10,1697.0,-2.790625,0.0,0.0,0.0
logit-lens,2,loopvar,use,10,1144.5,-1.296875,0.0,0.0,0.0
logit-lens,3,loopvar,use,10,126.5,0.340625,0.0,0.0,0.0
logit-lens,4,loopvar,use,10,28.0,-0.521875,0.0,0.0,0.0
logit-lens,5,loopvar,use,10,0.0,5.046875,0.8,1.0,1.0
logit-lens,6,loopvar,use,10,0.0,8.5,1.0,1.0,1.0
logit-lens,7,loopvar,use,10,3.0,7.440625,0.0,0.8,1.0
logit-lens,8,loopvar,use,10,0.5,6.559375,0.5,1.0,1.0
logit-lens,9,loopvar,use,10,0.0,10.278125,1.0,1.0,1.0
logit-lens,10,loopvar,use,10,0.0,7.940625,1.0,1.0,1.0
logit-lens,11,loopvar,use,10,0.0,7.771875,1.0,1.0,1.0
logit-lens,12,loopvar,use,10,0.0,15.5921875,1.0,1.0,1.0
logit-lens,13,loopvar,use,10,0.0,16.090625,1.0,1.0,1.0
logit-lens,14,loopvar,use,10,0.0,15.328125,1.0,1.0,1.0
logit-lens,15,loopvar,use,10,0.0,15.8125,1.0,1.0,1.0
logit-lens,16,loopvar,use,10,0.0,16.865625,1.0,1.0,1.0
logit-lens,17,loopvar,use,10,0.0,26.621875,1.0,1.0,1.0
logit-lens,18,loopvar,use,10,0.0,28.64375,1.0,1.0,1.0
logit-lens,19,loopvar,use,10,0.0,28.653125,1.0,1.0,1.0
logit-lens,20,loopvar,use,10,0.0,28.790625,1.0,1.0,1.0
logit-lens,21,loopvar,use,10,0.0,25.434375,1.0,1.0,1.0
logit-lens,22,loopvar,use,10,0.0,22.2890625,1.0,1.0,1.0
logit-lens,0,scopeword,use,20,6254.5,-0.0732421875,0.0,0.0,0.0
logit-lens,1,scopeword,use,20,6837.0,-0.0623046875,0.0,0.0,0.0
logit-lens,2,scopeword,use,20,8700.5,-0.7767578125,0.0,0.0,0.0
logit-lens,3,scopeword,use,20,11433.0,-0.225146484375,0.0,0.0,0.0
logit-lens,4,scopeword,use,20,15808.5,-0.0720062255859375,0.0,0.0,0.0
logit-lens,5,scopeword,use,20,13040.5,-0.6125,0.0,0.0,0.0
logit-lens,6,scopeword,use,20,6906.0,0.4249267578125,0.0,0.0,0.0
logit-lens,7,scopeword,use,20,3709.5,0.08681640625,0.0,0.0,0.0
logit-lens,8,scopeword,use,20,690.5,0.2373046875,0.0,0.0,0.0
logit-lens,9,scopeword,use,20,334.0,-0.451513671875,0.0,0.0,0.0
logit-lens,10,scopeword,use,20,62.5,-0.24921875,0.0,0.15,0.15
logit-lens,11,scopeword,use,20,115.0,0.0046875,0.0,0.15,0.2
logit-lens,12,scopeword,use,20,182.0,0.089453125,0.0,0.0,0.15
logit-lens,13,scopeword,use,20,293.5,-0.43515625,0.0,0.0,0.0
logit-lens,14,scopeword,use,20,238.5,-0.5734375,0.0,0.0,0.0
logit-lens,15,scopeword,use,20,596.0,-0.74951171875,0.0,0.0,0.0
logit-lens,16,scopeword,use,20,854.0,-0.86900634765625,0.0,0.0,0.0
logit-lens,17,scopeword,use,20,546.0,-0.675439453125,0.0,0.0,0.0
logit-lens,18,scopeword,use,20,355.0,-0.449169921875,0.0,0.0,0.0
logit-lens,19,scopeword,use,20,514.0,-0.54942626953125,0.0,0.0,0.0
logit-lens,20,scopeword,use,20,389.0,-0.113671875,0.0,0.0,0.0
logit-lens,21,scopeword,use,20,289.0,0.528515625,0.0,0.0,0.0
logit-lens,22,scopeword,use,20,433.5,0.8203125,0.0,0.0,0.0
logit-lens,0,typeof,use,10,400.0,-0.36484375,0.0,0.0,0.0
logit-lens,1,typeof,use,10,56.0,0.875,0.0,0.0,0.3
logit-lens,2,typeof,use,10,361.0,1.25390625,0.0,0.3,0.3
logit-lens,3,typeof,use,10,2.0,2.35625,0.0,0.7,0.7
logit-lens,4,typeof,use,10,5.0,4.2078125,0.0,0.7,0.7
logit-lens,5,typeof,use,10,13.0,4.275,0.0,0.4,0.7
logit-lens,6,typeof,use,10,32.0,2.52109375,0.0,0.4,0.4
logit-lens,7,typeof,use,10,46.0,1.84375,0.0,0.4,0.4
logit-lens,8,typeof,use,10,42.0,2.01875,0.0,0.4,0.4
logit-lens,9,typeof,use,10,18.0,3.6125,0.4,0.4,0.7
logit-lens,10,typeof,use,10,4.0,3.08125,0.0,0.7,0.7
logit-lens,11,typeof,use,10,2.0,5.553125,0.0,1.0,1.0
logit-lens,12,typeof,use,10,0.0,7.59375,0.7,1.0,1.0
logit-lens,13,typeof,use,10,0.0,8.78125,1.0,1.0,1.0
logit-lens,14,typeof,use,10,0.0,9.89375,0.7,1.0,1.0
logit-lens,15,typeof,use,10,0.0,10.21875,1.0,1.0,1.0
logit-lens,16,typeof,use,10,0.0,10.8375,1.0,1.0,1.0
logit-lens,17,typeof,use,10,1.0,14.8625,0.4,1.0,1.0
logit-lens,18,typeof,use,10,1.0,17.9375,0.4,1.0,1.0
logit-lens,19,typeof,use,10,2.0,17.44375,0.4,1.0,1.0
logit-lens,20,typeof,use,10,2.0,16.94375,0.4,1.0,1.0
logit-lens,21,typeof,use,10,1.0,15.490625,0.4,1.0,1.0
logit-lens,22,typeof,use,10,1.0,13.96015625,0.4,1.0,1.0
r-lens,0,alias,answer,10,952.0,1.72705078125,0.0,0.0,0.0
r-lens,1,alias,answer,10,768.5,2.064892578125,0.0,0.0,0.0
r-lens,2,alias,answer,10,725.0,2.505859375,0.0,0.0,0.0
r-lens,3,alias,answer,10,613.5,2.623828125,0.0,0.0,0.0
r-lens,4,alias,answer,10,1117.0,2.33359375,0.0,0.0,0.0
r-lens,5,alias,answer,10,1045.0,3.54140625,0.0,0.0,0.0
r-lens,6,alias,answer,10,456.5,4.13831787109375,0.0,0.0,0.0
r-lens,7,alias,answer,10,268.5,4.68828125,0.0,0.0,0.0
r-lens,8,alias,answer,10,388.5,4.48046875,0.0,0.0,0.0
r-lens,9,alias,answer,10,221.5,3.05625,0.0,0.0,0.0
r-lens,10,alias,answer,10,33.5,5.0421875,0.0,0.2,0.4
r-lens,11,alias,answer,10,10.5,5.6078125,0.1,0.4,0.8
r-lens,12,alias,answer,10,7.5,5.7765625,0.0,0.6,0.8
r-lens,13,alias,answer,10,9.0,6.41171875,0.1,0.5,1.0
r-lens,14,alias,answer,10,7.0,6.2796875,0.1,0.9,0.9
r-lens,15,alias,answer,10,1.0,8.74375,0.2,1.0,1.0
r-lens,16,alias,answer,10,1.0,9.8921875,0.3,1.0,1.0
r-lens,17,alias,answer,10,0.0,12.80234375,0.7,1.0,1.0
r-lens,18,alias,answer,10,0.0,14.4873046875,0.9,1.0,1.0
r-lens,19,alias,answer,10,0.0,17.789453125,1.0,1.0,1.0
r-lens,20,alias,answer,10,0.0,21.84462890625,1.0,1.0,1.0
r-lens,21,alias,answer,10,0.0,16.24765625,1.0,1.0,1.0
r-lens,22,alias,answer,10,0.0,16.45699462890625,1.0,1.0,1.0
r-lens,0,alias,call,10,865.0,2.3359375,0.0,0.0,0.0
r-lens,1,alias,call,10,701.0,1.9390625,0.0,0.0,0.0
r-lens,2,alias,call,10,777.0,3.165625,0.0,0.0,0.0
r-lens,3,alias,call,10,693.0,3.740625,0.0,0.0,0.0
r-lens,4,alias,call,10,642.5,3.240625,0.0,0.0,0.0
r-lens,5,alias,call,10,1054.0,2.4109375,0.0,0.0,0.0
r-lens,6,alias,call,10,853.0,2.53798828125,0.0,0.0,0.0
r-lens,7,alias,call,10,948.5,2.56796875,0.0,0.0,0.0
r-lens,8,alias,call,10,1403.5,2.49716796875,0.0,0.0,0.0
r-lens,9,alias,call,10,1576.0,1.171044921875,0.0,0.0,0.0
r-lens,10,alias,call,10,546.0,2.52578125,0.0,0.0,0.0
r-lens,11,alias,call,10,266.5,3.2984375,0.0,0.0,0.0
r-lens,12,alias,call,10,173.0,3.021875,0.0,0.0,0.0
r-lens,13,alias,call,10,247.5,3.3828125,0.0,0.0,0.0
r-lens,14,alias,call,10,355.5,2.075,0.0,0.0,0.0
r-lens,15,alias,call,10,238.0,3.08671875,0.0,0.0,0.0
r-lens,16,alias,call,10,580.5,0.9921875,0.0,0.0,0.0
r-lens,17,alias,call,10,95.5,4.054150390625,0.0,0.0,0.0
r-lens,18,alias,call,10,134.0,2.82216796875,0.0,0.0,0.0
r-lens,19,alias,call,10,156.5,2.305859375,0.0,0.0,0.0
r-lens,20,alias,call,10,61.0,5.258203125,0.0,0.0,0.0
r-lens,21,alias,call,10,59.5,5.27373046875,0.0,0.0,0.0
r-lens,22,alias,call,10,37.0,7.298486328125,0.0,0.0,0.0
r-lens,0,alias,post_use,10,1635.0,2.0782470703125,0.0,0.0,0.0
r-lens,1,alias,post_use,10,767.5,2.46796875,0.0,0.0,0.0
r-lens,2,alias,post_use,10,986.5,2.785546875,0.0,0.0,0.0
r-lens,3,alias,post_use,10,730.5,2.3900390625,0.0,0.0,0.0
r-lens,4,alias,post_use,10,913.0,0.80673828125,0.0,0.0,0.0
r-lens,5,alias,post_use,10,724.5,1.76669921875,0.0,0.0,0.0
r-lens,6,alias,post_use,10,893.5,1.02265625,0.0,0.0,0.0
r-lens,7,alias,post_use,10,1804.0,-0.021484375,0.0,0.0,0.0
r-lens,8,alias,post_use,10,2374.5,0.618359375,0.0,0.0,0.0
r-lens,9,alias,post_use,10,3947.0,0.46171875,0.0,0.0,0.0
r-lens,10,alias,post_use,10,2323.5,1.68046875,0.0,0.0,0.0
r-lens,11,alias,post_use,10,1608.0,1.79375,0.0,0.0,0.0
r-lens,12,alias,post_use,10,1841.5,1.14609375,0.0,0.0,0.0
r-lens,13,alias,post_use,10,1998.5,1.19765625,0.0,0.0,0.0
r-lens,14,alias,post_use,10,3896.0,-0.2765625,0.0,0.0,0.0
r-lens,15,alias,post_use,10,4039.0,-0.2796875,0.0,0.0,0.0
r-lens,16,alias,post_use,10,5027.5,-1.15703125,0.0,0.0,0.0
r-lens,17,alias,post_use,10,1367.0,-0.0109375,0.0,0.0,0.0
r-lens,18,alias,post_use,10,1043.0,-0.6166015625,0.0,0.0,0.0
r-lens,19,alias,post_use,10,271.5,-0.92894287109375,0.0,0.0,0.0
r-lens,20,alias,post_use,10,119.0,-3.17587890625,0.0,0.0,0.0
r-lens,21,alias,post_use,10,108.0,-9.14423828125,0.0,0.0,0.0
r-lens,22,alias,post_use,10,94.5,-10.8817626953125,0.0,0.0,0.0
r-lens,0,alias,use,10,2714.5,-1.4239013671875,0.0,0.0,0.0
r-lens,1,alias,use,10,1199.0,-0.4544921875,0.0,0.0,0.0
r-lens,2,alias,use,10,696.5,1.99140625,0.0,0.0,0.0
r-lens,3,alias,use,10,714.5,2.1751953125,0.0,0.0,0.0
r-lens,4,alias,use,10,611.0,0.92431640625,0.0,0.0,0.0
r-lens,5,alias,use,10,1318.5,0.368359375,0.0,0.0,0.0
r-lens,6,alias,use,10,1135.0,0.77265625,0.0,0.0,0.0
r-lens,7,alias,use,10,3396.0,0.72034912109375,0.0,0.0,0.0
r-lens,8,alias,use,10,3542.0,-0.09677734375,0.0,0.0,0.0
r-lens,9,alias,use,10,3427.5,-0.7127105712890625,0.0,0.0,0.0
r-lens,10,alias,use,10,1002.0,1.95546875,0.0,0.0,0.0
r-lens,11,alias,use,10,890.5,1.5109375,0.0,0.0,0.0
r-lens,12,alias,use,10,598.5,1.655859375,0.0,0.0,0.0
r-lens,13,alias,use,10,392.0,1.98203125,0.0,0.0,0.0
r-lens,14,alias,use,10,495.0,1.06015625,0.0,0.0,0.0
r-lens,15,alias,use,10,485.0,1.8171875,0.0,0.0,0.0
r-lens,16,alias,use,10,1438.5,1.1625,0.0,0.0,0.0
r-lens,17,alias,use,10,301.0,2.303125,0.0,0.0,0.0
r-lens,18,alias,use,10,447.5,0.721875,0.0,0.0,0.0
r-lens,19,alias,use,10,283.0,0.4375,0.0,0.0,0.0
r-lens,20,alias,use,10,296.5,-0.21015625,0.0,0.0,0.0
r-lens,21,alias,use,10,194.0,0.31875,0.0,0.0,0.0
r-lens,22,alias,use,10,125.5,1.9916015625,0.0,0.0,0.0
r-lens,0,arith,answer,10,1165.5,-2.63330078125,0.0,0.0,0.0
r-lens,1,arith,answer,10,962.0,-2.96240234375,0.0,0.0,0.0
r-lens,2,arith,answer,10,1061.0,-2.8296875,0.0,0.0,0.0
r-lens,3,arith,answer,10,663.0,-1.96923828125,0.0,0.0,0.0
r-lens,4,arith,answer,10,1057.0,-1.19716796875,0.0,0.0,0.0
r-lens,5,arith,answer,10,1188.5,-0.7884765625,0.0,0.0,0.0
r-lens,6,arith,answer,10,537.5,-2.659033203125,0.0,0.0,0.0
r-lens,7,arith,answer,10,671.0,-1.80205078125,0.0,0.0,0.0
r-lens,8,arith,answer,10,1661.5,-1.685546875,0.0,0.0,0.0
r-lens,9,arith,answer,10,961.0,-2.0671875,0.0,0.0,0.0
r-lens,10,arith,answer,10,898.5,-4.85791015625,0.0,0.0,0.0
r-lens,11,arith,answer,10,1135.5,-3.78095703125,0.0,0.0,0.0
r-lens,12,arith,answer,10,546.0,-3.685546875,0.0,0.0,0.0
r-lens,13,arith,answer,10,471.0,-3.6953125,0.0,0.0,0.0
r-lens,14,arith,answer,10,341.0,-1.196875,0.0,0.1,0.1
r-lens,15,arith,answer,10,10.0,0.325,0.1,0.5,0.7
r-lens,16,arith,answer,10,5.5,0.565625,0.2,0.6,0.8
r-lens,17,arith,answer,10,1.5,2.640625,0.4,0.8,0.9
r-lens,18,arith,answer,10,0.0,7.8171875,0.9,1.0,1.0
r-lens,19,arith,answer,10,0.0,8.8765625,1.0,1.0,1.0
r-lens,20,arith,answer,10,0.0,15.346875,1.0,1.0,1.0
r-lens,21,arith,answer,10,0.0,13.28125,1.0,1.0,1.0
r-lens,22,arith,answer,10,0.0,12.346875,1.0,1.0,1.0
r-lens,0,arith,call,10,980.5,-1.948828125,0.0,0.0,0.0
r-lens,1,arith,call,10,866.0,-2.290625,0.0,0.0,0.0
r-lens,2,arith,call,10,967.5,-2.5203125,0.0,0.0,0.0
r-lens,3,arith,call,10,671.5,-2.07890625,0.0,0.0,0.0
r-lens,4,arith,call,10,675.5,-2.0359375,0.0,0.0,0.0
r-lens,5,arith,call,10,1225.5,-0.71875,0.0,0.0,0.0
r-lens,6,arith,call,10,1309.5,-1.5021484375,0.0,0.0,0.0
r-lens,7,arith,call,10,1880.0,-1.544921875,0.0,0.0,0.0
r-lens,8,arith,call,10,3325.5,-1.58095703125,0.0,0.0,0.0
r-lens,9,arith,call,10,4928.5,-1.83037109375,0.0,0.0,0.0
r-lens,10,arith,call,10,1816.0,-2.61796875,0.0,0.0,0.0
r-lens,11,arith,call,10,615.0,-1.4388916015625,0.0,0.0,0.0
r-lens,12,arith,call,10,296.0,-2.265625,0.0,0.0,0.0
r-lens,13,arith,call,10,265.5,-2.2133544921875,0.0,0.0,0.0
r-lens,14,arith,call,10,407.0,-1.0171875,0.0,0.0,0.0
r-lens,15,arith,call,10,200.0,-0.95986328125,0.0,0.0,0.0
r-lens,16,arith,call,10,349.5,-1.2078125,0.0,0.0,0.0
r-lens,17,arith,call,10,114.0,-1.062109375,0.0,0.0,0.0
r-lens,18,arith,call,10,180.0,-0.8147705078125,0.0,0.0,0.0
r-lens,19,arith,call,10,264.5,-1.10078125,0.0,0.0,0.0
r-lens,20,arith,call,10,272.0,-1.55634765625,0.0,0.0,0.0
r-lens,21,arith,call,10,185.5,-1.49140625,0.0,0.0,0.0
r-lens,22,arith,call,10,108.0,-2.04140625,0.0,0.0,0.0
r-lens,0,arith,post_use,10,2447.5,-1.7333984375,0.0,0.0,0.0
r-lens,1,arith,post_use,10,886.0,-2.9201171875,0.0,0.0,0.0
r-lens,2,arith,post_use,10,1107.0,-2.437109375,0.0,0.0,0.0
r-lens,3,arith,post_use,10,1353.5,-1.394921875,0.0,0.0,0.0
r-lens,4,arith,post_use,10,1846.5,-1.52353515625,0.0,0.0,0.0
r-lens,5,arith,post_use,10,1126.0,-1.7818359375,0.0,0.0,0.0
r-lens,6,arith,post_use,10,1626.5,-2.37265625,0.0,0.0,0.0
r-lens,7,arith,post_use,10,4629.0,-1.6513671875,0.0,0.0,0.0
r-lens,8,arith,post_use,10,5237.5,-1.486328125,0.0,0.0,0.0
r-lens,9,arith,post_use,10,5696.0,-1.6000732421875,0.0,0.0,0.0
r-lens,10,arith,post_use,10,3452.5,-1.578125,0.0,0.0,0.0
r-lens,11,arith,post_use,10,1783.0,-1.56640625,0.0,0.0,0.0
r-lens,12,arith,post_use,10,1975.5,-2.12578125,0.0,0.0,0.0
r-lens,13,arith,post_use,10,2055.0,-2.2591796875,0.0,0.0,0.0
r-lens,14,arith,post_use,10,3447.0,-2.571484375,0.0,0.0,0.0
r-lens,15,arith,post_use,10,3840.0,-2.27802734375,0.0,0.0,0.0
r-lens,16,arith,post_use,10,4553.0,-2.490966796875,0.0,0.0,0.0
r-lens,17,arith,post_use,10,1404.0,-3.0574951171875,0.0,0.0,0.0
r-lens,18,arith,post_use,10,729.0,-2.7435546875,0.0,0.0,0.0
r-lens,19,arith,post_use,10,219.0,-2.82548828125,0.0,0.0,0.0
r-lens,20,arith,post_use,10,215.5,-3.605078125,0.0,0.0,0.0
r-lens,21,arith,post_use,10,200.5,-3.9420654296875,0.0,0.0,0.0
r-lens,22,arith,post_use,10,161.5,-4.26328125,0.0,0.0,0.0
r-lens,0,arith,use,10,3031.0,-3.411328125,0.0,0.0,0.0
r-lens,1,arith,use,10,2222.5,-4.0388671875,0.0,0.0,0.0
r-lens,2,arith,use,10,1529.0,-4.12578125,0.0,0.0,0.0
r-lens,3,arith,use,10,1082.5,-3.0646484375,0.0,0.0,0.0
r-lens,4,arith,use,10,1372.0,-2.58037109375,0.0,0.0,0.0
r-lens,5,arith,use,10,1465.5,-2.5333984375,0.0,0.0,0.0
r-lens,6,arith,use,10,1836.5,-1.669158935546875,0.0,0.0,0.0
r-lens,7,arith,use,10,2272.0,-1.8099609375,0.0,0.0,0.0
r-lens,8,arith,use,10,2099.5,-1.62890625,0.0,0.0,0.0
r-lens,9,arith,use,10,2352.5,-2.31064453125,0.0,0.0,0.0
r-lens,10,arith,use,10,1050.5,-2.35283203125,0.0,0.0,0.0
r-lens,11,arith,use,10,1159.0,-1.99375,0.0,0.0,0.0
r-lens,12,arith,use,10,1032.0,-2.23125,0.0,0.0,0.0
r-lens,13,arith,use,10,844.5,-2.119921875,0.0,0.0,0.0
r-lens,14,arith,use,10,1162.5,-2.1515625,0.0,0.0,0.0
r-lens,15,arith,use,10,1375.5,-1.93125,0.0,0.0,0.0
r-lens,16,arith,use,10,2504.5,-1.678125,0.0,0.0,0.0
r-lens,17,arith,use,10,469.0,-2.34375,0.0,0.0,0.0
r-lens,18,arith,use,10,857.0,-2.434375,0.0,0.0,0.0
r-lens,19,arith,use,10,534.5,-2.465625,0.0,0.0,0.0
r-lens,20,arith,use,10,970.5,-2.8875,0.0,0.0,0.0
r-lens,21,arith,use,10,294.5,-3.4625,0.0,0.0,0.0
r-lens,22,arith,use,10,181.5,-4.821875,0.0,0.0,0.0
r-lens,0,binding,answer,20,813.0,-0.0026641845703125,0.0,0.0,0.0
r-lens,1,binding,answer,20,733.0,-0.0027587890625,0.0,0.0,0.0
r-lens,2,binding,answer,20,596.5,-0.0044921875,0.0,0.0,0.0
r-lens,3,binding,answer,20,593.0,0.005224609375,0.0,0.0,0.0
r-lens,4,binding,answer,20,1112.0,0.016888427734375,0.0,0.0,0.0
r-lens,5,binding,answer,20,848.0,-0.0068359375,0.0,0.0,0.0
r-lens,6,binding,answer,20,527.0,-0.0194549560546875,0.0,0.0,0.0
r-lens,7,binding,answer,20,326.5,-0.0269775390625,0.0,0.0,0.0
r-lens,8,binding,answer,20,371.5,0.05390625,0.0,0.0,0.0
r-lens,9,binding,answer,20,330.0,0.091796875,0.0,0.0,0.0
r-lens,10,binding,answer,20,174.0,0.13349609375,0.0,0.05,0.1
r-lens,11,binding,answer,20,108.0,0.103125,0.0,0.15,0.25
r-lens,12,binding,answer,20,45.5,0.19443359375,0.0,0.15,0.4
r-lens,13,binding,answer,20,19.5,0.41015625,0.0,0.35,0.6
r-lens,14,binding,answer,20,11.5,0.50009765625,0.05,0.45,0.75
r-lens,15,binding,answer,20,9.5,0.453515625,0.25,0.5,0.75
r-lens,16,binding,answer,20,4.0,0.6958984375,0.2,0.75,0.9
r-lens,17,binding,answer,20,0.5,1.5671875,0.5,1.0,1.0
r-lens,18,binding,answer,20,0.0,2.140625,0.8,1.0,1.0
r-lens,19,binding,answer,20,0.0,2.9375,0.9,1.0,1.0
r-lens,20,binding,answer,20,0.0,5.1796875,0.9,1.0,1.0
r-lens,21,binding,answer,20,0.0,3.8125,0.9,1.0,1.0
r-lens,22,binding,answer,20,0.0,3.421875,0.9,1.0,1.0
r-lens,0,binding,call,20,721.0,-0.0025390625,0.0,0.0,0.0
r-lens,1,binding,call,20,649.5,0.002734375,0.0,0.0,0.0
r-lens,2,binding,call,20,732.5,0.00703125,0.0,0.0,0.0
r-lens,3,binding,call,20,682.5,0.0046875,0.0,0.0,0.0
r-lens,4,binding,call,20,727.5,-0.002734375,0.0,0.0,0.0
r-lens,5,binding,call,20,1157.5,-0.02421875,0.0,0.0,0.0
r-lens,6,binding,call,20,923.0,0.014776611328125,0.0,0.0,0.0
r-lens,7,binding,call,20,1278.5,-0.03759765625,0.0,0.0,0.0
r-lens,8,binding,call,20,2008.0,0.0134521484375,0.0,0.0,0.0
r-lens,9,binding,call,20,2447.0,0.056591796875,0.0,0.0,0.0
r-lens,10,binding,call,20,1068.5,0.042578125,0.0,0.0,0.0
r-lens,11,binding,call,20,376.5,0.105078125,0.0,0.0,0.0
r-lens,12,binding,call,20,209.0,0.17265625,0.0,0.0,0.0
r-lens,13,binding,call,20,203.0,0.3203125,0.0,0.0,0.0
r-lens,14,binding,call,20,298.0,0.34296875,0.0,0.0,0.0
r-lens,15,binding,call,20,221.0,0.348828125,0.0,0.0,0.0
r-lens,16,binding,call,20,558.0,0.396875,0.0,0.0,0.0
r-lens,17,binding,call,20,83.0,0.4267578125,0.0,0.0,0.0
r-lens,18,binding,call,20,152.0,0.1921875,0.0,0.0,0.0
r-lens,19,binding,call,20,200.5,0.140234375,0.0,0.0,0.0
r-lens,20,binding,call,20,127.0,0.236962890625,0.0,0.0,0.0
r-lens,21,binding,call,20,77.0,0.17841796875,0.0,0.0,0.0
r-lens,22,binding,call,20,48.0,0.19586181640625,0.0,0.0,0.0
r-lens,0,binding,post_use,20,1506.5,-0.00205078125,0.0,0.0,0.0
r-lens,1,binding,post_use,20,617.0,-0.004736328125,0.0,0.0,0.0
r-lens,2,binding,post_use,20,807.5,-0.003515625,0.0,0.0,0.0
r-lens,3,binding,post_use,20,791.0,0.0106048583984375,0.0,0.0,0.0
r-lens,4,binding,post_use,20,1045.0,0.0072998046875,0.0,0.0,0.0
r-lens,5,binding,post_use,20,838.5,-0.01084136962890625,0.0,0.0,0.0
r-lens,6,binding,post_use,20,976.0,-0.009765625,0.0,0.0,0.0
r-lens,7,binding,post_use,20,1227.5,-0.01484375,0.0,0.0,0.0
r-lens,8,binding,post_use,20,2004.0,0.006744384765625,0.0,0.0,0.0
r-lens,9,binding,post_use,20,4074.0,-0.023876953125,0.0,0.0,0.0
r-lens,10,binding,post_use,20,2204.5,0.02772216796875,0.0,0.0,0.0
r-lens,11,binding,post_use,20,1270.0,0.05703125,0.0,0.0,0.0
r-lens,12,binding,post_use,20,1466.0,0.081640625,0.0,0.0,0.0
r-lens,13,binding,post_use,20,1621.0,0.0700439453125,0.0,0.0,0.0
r-lens,14,binding,post_use,20,2585.5,0.06337890625,0.0,0.0,0.0
r-lens,15,binding,post_use,20,3144.0,0.117181396484375,0.0,0.0,0.0
r-lens,16,binding,post_use,20,2826.5,0.111572265625,0.0,0.0,0.0
r-lens,17,binding,post_use,20,817.0,0.09443817138671876,0.0,0.0,0.0
r-lens,18,binding,post_use,20,684.0,0.06881103515625,0.0,0.0,0.0
r-lens,19,binding,post_use,20,140.5,0.02744140625,0.0,0.0,0.0
r-lens,20,binding,post_use,20,84.5,-0.163134765625,0.0,0.0,0.0
r-lens,21,binding,post_use,20,71.5,-0.07353515625,0.0,0.0,0.0
r-lens,22,binding,post_use,20,69.0,-0.07430419921875,0.0,0.0,0.0
r-lens,0,binding,use,20,848.5,-0.004296875,0.0,0.0,0.0
r-lens,1,binding,use,20,678.0,-0.0158203125,0.0,0.0,0.0
r-lens,2,binding,use,20,517.0,-0.028515625,0.0,0.0,0.0
r-lens,3,binding,use,20,571.5,0.0578125,0.0,0.0,0.0
r-lens,4,binding,use,20,696.5,-0.02724609375,0.0,0.0,0.0
r-lens,5,binding,use,20,1558.5,-0.070263671875,0.0,0.0,0.0
r-lens,6,binding,use,20,1015.5,-0.0766357421875,0.0,0.0,0.0
r-lens,7,binding,use,20,1790.0,-0.199658203125,0.0,0.0,0.0
r-lens,8,binding,use,20,1879.0,-0.006005859375,0.0,0.0,0.0
r-lens,9,binding,use,20,2105.5,0.11085205078125,0.0,0.0,0.0
r-lens,10,binding,use,20,637.0,0.200390625,0.0,0.0,0.0
r-lens,11,binding,use,20,581.5,0.0824462890625,0.0,0.0,0.0
r-lens,12,binding,use,20,474.5,0.038671875,0.0,0.0,0.0
r-lens,13,binding,use,20,381.0,0.05322265625,0.0,0.0,0.0
r-lens,14,binding,use,20,579.5,0.053515625,0.0,0.0,0.0
r-lens,15,binding,use,20,430.5,0.08515625,0.0,0.0,0.0
r-lens,16,binding,use,20,589.0,0.0828125,0.0,0.0,0.0
r-lens,17,binding,use,20,175.0,-0.046484375,0.0,0.0,0.0
r-lens,18,binding,use,20,359.0,-0.04296875,0.0,0.0,0.0
r-lens,19,binding,use,20,240.0,-0.0796875,0.0,0.0,0.0
r-lens,20,binding,use,20,435.0,-0.1546875,0.0,0.0,0.0
r-lens,21,binding,use,20,148.5,-0.18515625,0.0,0.0,0.0
r-lens,22,binding,use,20,85.5,-0.124951171875,0.0,0.0,0.0
r-lens,0,call,answer,10,751.0,1.7032470703125,0.0,0.0,0.0
r-lens,1,call,answer,10,676.0,2.53729248046875,0.0,0.0,0.0
r-lens,2,call,answer,10,627.5,3.448974609375,0.0,0.0,0.0
r-lens,3,call,answer,10,546.0,3.94384765625,0.0,0.0,0.0
r-lens,4,call,answer,10,940.5,2.5765380859375,0.0,0.0,0.0
r-lens,5,call,answer,10,650.5,2.90380859375,0.0,0.0,0.0
r-lens,6,call,answer,10,213.0,4.05078125,0.0,0.0,0.0
r-lens,7,call,answer,10,169.5,4.41796875,0.0,0.0,0.0
r-lens,8,call,answer,10,172.5,5.2506561279296875,0.0,0.0,0.0
r-lens,9,call,answer,10,107.0,3.251953125,0.0,0.0,0.1
r-lens,10,call,answer,10,10.5,3.97216796875,0.1,0.5,0.8
r-lens,11,call,answer,10,2.0,4.80615234375,0.2,0.9,1.0
r-lens,12,call,answer,10,2.5,6.250244140625,0.2,1.0,1.0
r-lens,13,call,answer,10,1.0,8.304443359375,0.2,0.9,1.0
r-lens,14,call,answer,10,0.5,8.12353515625,0.5,0.7,1.0
r-lens,15,call,answer,10,0.0,9.185546875,0.6,0.9,0.9
r-lens,16,call,answer,10,0.0,10.5361328125,0.6,0.9,1.0
r-lens,17,call,answer,10,0.0,13.203125,0.9,1.0,1.0
r-lens,18,call,answer,10,0.0,15.50390625,0.9,1.0,1.0
r-lens,19,call,answer,10,0.0,19.294921875,1.0,1.0,1.0
r-lens,20,call,answer,10,0.0,19.534912109375,1.0,1.0,1.0
r-lens,21,call,answer,10,0.0,18.294921875,1.0,1.0,1.0
r-lens,22,call,answer,10,0.0,21.3212890625,1.0,1.0,1.0
r-lens,0,call,call,10,634.5,4.132080078125,0.0,0.0,0.0
r-lens,1,call,call,10,567.0,4.12109375,0.0,0.0,0.0
r-lens,2,call,call,10,387.0,5.8203125,0.0,0.0,0.0
r-lens,3,call,call,10,405.5,5.291015625,0.0,0.0,0.0
r-lens,4,call,call,10,400.0,5.46673583984375,0.0,0.0,0.0
r-lens,5,call,call,10,558.5,3.628173828125,0.0,0.0,0.0
r-lens,6,call,call,10,468.0,4.814483642578125,0.0,0.0,0.0
r-lens,7,call,call,10,820.0,3.362060546875,0.0,0.0,0.0
r-lens,8,call,call,10,609.5,3.9647979736328125,0.0,0.0,0.0
r-lens,9,call,call,10,589.5,0.916778564453125,0.0,0.0,0.0
r-lens,10,call,call,10,403.5,2.130859375,0.0,0.0,0.0
r-lens,11,call,call,10,236.5,3.025390625,0.0,0.0,0.0
r-lens,12,call,call,10,110.5,4.056640625,0.0,0.0,0.0
r-lens,13,call,call,10,130.5,4.8310546875,0.0,0.0,0.0
r-lens,14,call,call,10,233.5,3.3154296875,0.0,0.0,0.0
r-lens,15,call,call,10,147.5,4.41748046875,0.0,0.0,0.0
r-lens,16,call,call,10,350.5,2.25946044921875,0.0,0.0,0.0
r-lens,17,call,call,10,92.0,3.966796875,0.0,0.0,0.0
r-lens,18,call,call,10,169.5,2.3798828125,0.0,0.0,0.0
r-lens,19,call,call,10,245.5,1.12060546875,0.0,0.0,0.0
r-lens,20,call,call,10,124.0,2.5004959106445312,0.0,0.0,0.0
r-lens,21,call,call,10,97.0,4.3927001953125,0.0,0.0,0.0
r-lens,22,call,call,10,54.5,7.03375244140625,0.0,0.0,0.0
r-lens,0,call,post_use,10,1319.0,2.0498046875,0.0,0.0,0.0
r-lens,1,call,post_use,10,498.0,4.346649169921875,0.0,0.0,0.0
r-lens,2,call,post_use,10,624.5,4.40985107421875,0.0,0.0,0.0
r-lens,3,call,post_use,10,630.0,3.868255615234375,0.0,0.0,0.0
r-lens,4,call,post_use,10,850.5,3.386871337890625,0.0,0.0,0.0
r-lens,5,call,post_use,10,629.5,5.0263671875,0.0,0.0,0.0
r-lens,6,call,post_use,10,608.5,5.1806640625,0.0,0.0,0.0
r-lens,7,call,post_use,10,786.5,3.4560546875,0.0,0.0,0.0
r-lens,8,call,post_use,10,1420.5,2.7685546875,0.0,0.0,0.0
r-lens,9,call,post_use,10,1996.0,1.181640625,0.0,0.0,0.0
r-lens,10,call,post_use,10,1784.0,0.6171875,0.0,0.0,0.0
r-lens,11,call,post_use,10,1339.0,1.67529296875,0.0,0.0,0.0
r-lens,12,call,post_use,10,1492.0,0.8310546875,0.0,0.0,0.0
r-lens,13,call,post_use,10,1967.5,0.4365234375,0.0,0.0,0.0
r-lens,14,call,post_use,10,2408.5,-0.16015625,0.0,0.0,0.0
r-lens,15,call,post_use,10,3014.0,-0.12890625,0.0,0.0,0.0
r-lens,16,call,post_use,10,3608.0,-0.583984375,0.0,0.0,0.0
r-lens,17,call,post_use,10,825.5,-0.085205078125,0.0,0.0,0.0
r-lens,18,call,post_use,10,772.0,1.403076171875,0.0,0.0,0.0
r-lens,19,call,post_use,10,185.5,-0.22357177734375,0.0,0.0,0.0
r-lens,20,call,post_use,10,171.0,-8.5997314453125,0.0,0.0,0.0
r-lens,21,call,post_use,10,130.5,-8.6455078125,0.0,0.0,0.0
r-lens,22,call,post_use,10,90.0,-9.056396484375,0.0,0.0,0.0
r-lens,0,call,use,10,1892.5,0.6608428955078125,0.0,0.0,0.0
r-lens,1,call,use,10,1229.5,1.801513671875,0.0,0.0,0.0
r-lens,2,call,use,10,906.5,2.92041015625,0.0,0.0,0.0
r-lens,3,call,use,10,867.5,2.98876953125,0.0,0.0,0.0
r-lens,4,call,use,10,696.5,3.021240234375,0.0,0.0,0.0
r-lens,5,call,use,10,1126.5,0.9517822265625,0.0,0.0,0.0
r-lens,6,call,use,10,1856.5,0.361114501953125,0.0,0.0,0.0
r-lens,7,call,use,10,2625.5,-1.3525390625,0.0,0.0,0.0
r-lens,8,call,use,10,1888.0,-1.65234375,0.0,0.0,0.0
r-lens,9,call,use,10,1642.0,-2.89990234375,0.0,0.0,0.0
r-lens,10,call,use,10,409.5,0.743377685546875,0.0,0.0,0.0
r-lens,11,call,use,10,535.5,0.34375,0.0,0.0,0.0
r-lens,12,call,use,10,489.0,1.2760009765625,0.0,0.0,0.0
r-lens,13,call,use,10,322.0,3.0390625,0.0,0.0,0.0
r-lens,14,call,use,10,335.0,2.98046875,0.0,0.0,0.0
r-lens,15,call,use,10,384.5,3.5703125,0.0,0.0,0.0
r-lens,16,call,use,10,578.0,3.59375,0.0,0.0,0.0
r-lens,17,call,use,10,197.0,5.748046875,0.0,0.0,0.0
r-lens,18,call,use,10,223.5,4.9296875,0.0,0.0,0.0
r-lens,19,call,use,10,175.0,5.25390625,0.0,0.0,0.0
r-lens,20,call,use,10,331.5,3.822265625,0.0,0.0,0.0
r-lens,21,call,use,10,158.5,5.4375,0.0,0.0,0.0
r-lens,22,call,use,10,116.5,7.318359375,0.0,0.0,0.0
r-lens,0,defuse,answer,10,584.5,1.763671875,0.0,0.0,0.0
r-lens,1,defuse,answer,10,607.0,1.94921875,0.0,0.0,0.0
r-lens,2,defuse,answer,10,571.0,1.82421875,0.0,0.0,0.0
r-lens,3,defuse,answer,10,669.0,1.068359375,0.0,0.0,0.0
r-lens,4,defuse,answer,10,987.0,0.2822265625,0.0,0.0,0.0
r-lens,5,defuse,answer,10,828.0,0.34765625,0.0,0.0,0.0
r-lens,6,defuse,answer,10,373.0,1.345703125,0.0,0.0,0.0
r-lens,7,defuse,answer,10,222.0,0.451171875,0.0,0.0,0.0
r-lens,8,defuse,answer,10,500.5,1.1015625,0.0,0.0,0.0
r-lens,9,defuse,answer,10,157.5,1.9765625,0.0,0.0,0.0
r-lens,10,defuse,answer,10,22.5,3.28125,0.0,0.1,0.5
r-lens,11,defuse,answer,10,6.5,3.2392578125,0.0,0.7,0.9
r-lens,12,defuse,answer,10,4.0,3.785888671875,0.1,0.8,1.0
r-lens,13,defuse,answer,10,2.5,4.17578125,0.3,0.8,0.9
r-lens,14,defuse,answer,10,1.0,3.52734375,0.4,0.9,0.9
r-lens,15,defuse,answer,10,1.5,2.75,0.5,0.8,1.0
r-lens,16,defuse,answer,10,1.5,2.578125,0.4,1.0,1.0
r-lens,17,defuse,answer,10,0.5,4.046875,0.5,1.0,1.0
r-lens,18,defuse,answer,10,0.0,1.6875,0.6,1.0,1.0
r-lens,19,defuse,answer,10,0.0,2.84375,0.8,1.0,1.0
r-lens,20,defuse,answer,10,0.0,3.5,0.9,1.0,1.0
r-lens,21,defuse,answer,10,0.0,3.25,0.9,1.0,1.0
r-lens,22,defuse,answer,10,0.0,4.3125,0.9,1.0,1.0
r-lens,0,defuse,call,10,631.0,1.572265625,0.0,0.0,0.0
r-lens,1,defuse,call,10,613.0,2.2109375,0.0,0.0,0.0
r-lens,2,defuse,call,10,571.0,2.1171875,0.0,0.0,0.0
r-lens,3,defuse,call,10,606.5,2.1328125,0.0,0.0,0.0
r-lens,4,defuse,call,10,421.0,2.69140625,0.0,0.0,0.0
r-lens,5,defuse,call,10,754.0,2.302734375,0.0,0.0,0.0
r-lens,6,defuse,call,10,843.0,1.94482421875,0.0,0.0,0.0
r-lens,7,defuse,call,10,1045.0,1.02783203125,0.0,0.0,0.0
r-lens,8,defuse,call,10,769.0,2.288116455078125,0.0,0.0,0.0
r-lens,9,defuse,call,10,1016.5,2.20849609375,0.0,0.0,0.0
r-lens,10,defuse,call,10,381.0,2.1328125,0.0,0.0,0.0
r-lens,11,defuse,call,10,229.0,1.421875,0.0,0.0,0.0
r-lens,12,defuse,call,10,115.0,2.09375,0.0,0.0,0.0
r-lens,13,defuse,call,10,185.0,2.1171875,0.0,0.0,0.0
r-lens,14,defuse,call,10,279.5,2.0625,0.0,0.0,0.0
r-lens,15,defuse,call,10,228.5,2.4921875,0.0,0.0,0.0
r-lens,16,defuse,call,10,519.5,2.4921875,0.0,0.0,0.0
r-lens,17,defuse,call,10,142.0,2.74609375,0.0,0.0,0.0
r-lens,18,defuse,call,10,272.0,2.6953125,0.0,0.0,0.0
r-lens,19,defuse,call,10,305.0,2.1328125,0.0,0.0,0.0
r-lens,20,defuse,call,10,217.5,3.484375,0.0,0.0,0.0
r-lens,21,defuse,call,10,128.5,3.78125,0.0,0.0,0.0
r-lens,22,defuse,call,10,83.5,4.4921875,0.0,0.0,0.0
r-lens,0,defuse,post_use,10,1314.5,1.084716796875,0.0,0.0,0.0
r-lens,1,defuse,post_use,10,507.0,1.986328125,0.0,0.0,0.0
r-lens,2,defuse,post_use,10,655.0,1.41015625,0.0,0.0,0.0
r-lens,3,defuse,post_use,10,687.5,0.755859375,0.0,0.0,0.0
r-lens,4,defuse,post_use,10,864.0,1.023681640625,0.0,0.0,0.0
r-lens,5,defuse,post_use,10,620.5,1.203369140625,0.0,0.0,0.0
r-lens,6,defuse,post_use,10,737.0,1.4921875,0.0,0.0,0.0
r-lens,7,defuse,post_use,10,1093.0,1.22265625,0.0,0.0,0.0
r-lens,8,defuse,post_use,10,991.0,1.27734375,0.0,0.0,0.0
r-lens,9,defuse,post_use,10,1403.0,0.9453125,0.0,0.0,0.0
r-lens,10,defuse,post_use,10,914.0,0.7578125,0.0,0.0,0.0
r-lens,11,defuse,post_use,10,597.5,0.9765625,0.0,0.0,0.0
r-lens,12,defuse,post_use,10,734.5,1.0390625,0.0,0.0,0.0
r-lens,13,defuse,post_use,10,823.0,1.79296875,0.0,0.0,0.0
r-lens,14,defuse,post_use,10,1544.0,2.1796875,0.0,0.0,0.0
r-lens,15,defuse,post_use,10,1115.5,2.61328125,0.0,0.0,0.0
r-lens,16,defuse,post_use,10,1310.0,2.478515625,0.0,0.0,0.0
r-lens,17,defuse,post_use,10,365.5,2.681640625,0.0,0.0,0.0
r-lens,18,defuse,post_use,10,239.0,2.67578125,0.0,0.0,0.0
r-lens,19,defuse,post_use,10,118.5,2.234375,0.0,0.0,0.0
r-lens,20,defuse,post_use,10,98.5,3.318359375,0.0,0.0,0.0
r-lens,21,defuse,post_use,10,59.0,4.61328125,0.0,0.0,0.0
r-lens,22,defuse,post_use,10,70.5,4.8427734375,0.0,0.0,0.0
r-lens,0,defuse,use,10,1743.5,2.064453125,0.0,0.0,0.0
r-lens,1,defuse,use,10,817.5,2.939453125,0.0,0.0,0.0
r-lens,2,defuse,use,10,706.0,3.01171875,0.0,0.0,0.0
r-lens,3,defuse,use,10,694.5,2.919921875,0.0,0.0,0.0
r-lens,4,defuse,use,10,1047.5,2.1142578125,0.0,0.0,0.0
r-lens,5,defuse,use,10,875.0,2.7734375,0.0,0.0,0.0
r-lens,6,defuse,use,10,839.5,2.951171875,0.0,0.0,0.0
r-lens,7,defuse,use,10,2333.0,1.5859375,0.0,0.0,0.0
r-lens,8,defuse,use,10,2083.0,2.29296875,0.0,0.0,0.0
r-lens,9,defuse,use,10,1770.0,2.468505859375,0.0,0.0,0.0
r-lens,10,defuse,use,10,569.5,2.6015625,0.0,0.0,0.0
r-lens,11,defuse,use,10,519.5,2.1640625,0.0,0.0,0.0
r-lens,12,defuse,use,10,382.5,2.1328125,0.0,0.0,0.0
r-lens,13,defuse,use,10,340.5,2.265625,0.0,0.0,0.0
r-lens,14,defuse,use,10,653.5,2.46875,0.0,0.0,0.0
r-lens,15,defuse,use,10,482.5,2.4296875,0.0,0.0,0.0
r-lens,16,defuse,use,10,687.5,2.3984375,0.0,0.0,0.0
r-lens,17,defuse,use,10,236.5,2.578125,0.0,0.0,0.0
r-lens,18,defuse,use,10,829.0,2.0,0.0,0.0,0.0
r-lens,19,defuse,use,10,512.5,1.984375,0.0,0.0,0.0
r-lens,20,defuse,use,10,428.0,2.953125,0.0,0.0,0.0
r-lens,21,defuse,use,10,203.0,3.0703125,0.0,0.0,0.0
r-lens,22,defuse,use,10,101.5,4.080078125,0.0,0.0,0.0
r-lens,0,loopvar,use,10,672.5,4.353125,0.0,0.0,0.0
r-lens,1,loopvar,use,10,823.5,3.821875,0.0,0.0,0.0
r-lens,2,loopvar,use,10,1008.0,5.2,0.0,0.0,0.0
r-lens,3,loopvar,use,10,1376.0,3.25,0.0,0.0,0.0
r-lens,4,loopvar,use,10,1197.5,2.96875,0.0,0.0,0.0
r-lens,5,loopvar,use,10,988.5,1.971875,0.0,0.0,0.0
r-lens,6,loopvar,use,10,226.5,3.46875,0.0,0.0,0.0
r-lens,7,loopvar,use,10,114.5,5.97109375,0.0,0.0,0.0
r-lens,8,loopvar,use,10,119.0,6.11875,0.0,0.0,0.0
r-lens,9,loopvar,use,10,64.0,3.653125,0.0,0.0,0.0
r-lens,10,loopvar,use,10,24.0,4.2546875,0.0,0.0,0.7
r-lens,11,loopvar,use,10,24.0,2.37685546875,0.0,0.0,0.8
r-lens,12,loopvar,use,10,2.0,7.962890625,0.0,1.0,1.0
r-lens,13,loopvar,use,10,0.0,10.991259765625,0.8,1.0,1.0
r-lens,14,loopvar,use,10,0.0,12.128515625,1.0,1.0,1.0
r-lens,15,loopvar,use,10,0.0,11.63828125,1.0,1.0,1.0
r-lens,16,loopvar,use,10,0.0,12.546875,1.0,1.0,1.0
r-lens,17,loopvar,use,10,0.0,22.17578125,1.0,1.0,1.0
r-lens,18,loopvar,use,10,0.0,24.36171875,1.0,1.0,1.0
r-lens,19,loopvar,use,10,0.0,25.40625,1.0,1.0,1.0
r-lens,20,loopvar,use,10,0.0,25.703125,0.8,1.0,1.0
r-lens,21,loopvar,use,10,0.0,23.94375,1.0,1.0,1.0
r-lens,22,loopvar,use,10,0.0,22.2890625,1.0,1.0,1.0
r-lens,0,scopeword,use,20,1999.5,0.05625,0.0,0.0,0.0
r-lens,1,scopeword,use,20,1145.0,0.0640625,0.0,0.0,0.0
r-lens,2,scopeword,use,20,1319.5,0.0859375,0.0,0.0,0.0
r-lens,3,scopeword,use,20,1430.0,0.26875,0.0,0.0,0.0
r-lens,4,scopeword,use,20,2515.5,-1.10390625,0.0,0.0,0.0
r-lens,5,scopeword,use,20,1022.0,-0.5386688232421875,0.0,0.0,0.0
r-lens,6,scopeword,use,20,740.5,-0.50557861328125,0.0,0.0,0.0
r-lens,7,scopeword,use,20,636.0,0.05701904296875,0.0,0.0,0.0
r-lens,8,scopeword,use,20,694.5,-0.072265625,0.0,0.0,0.0
r-lens,9,scopeword,use,20,48.0,0.80341796875,0.0,0.0,0.25
r-lens,10,scopeword,use,20,64.0,0.3756591796875,0.0,0.0,0.0
r-lens,11,scopeword,use,20,115.0,0.658563232421875,0.0,0.0,0.0
r-lens,12,scopeword,use,20,108.5,0.22003173828125,0.0,0.0,0.05
r-lens,13,scopeword,use,20,148.0,-0.862255859375,0.0,0.0,0.0
r-lens,14,scopeword,use,20,71.5,-1.048095703125,0.0,0.0,0.0
r-lens,15,scopeword,use,20,226.0,-1.21376953125,0.0,0.0,0.0
r-lens,16,scopeword,use,20,244.5,-0.7932861328125,0.0,0.0,0.0
r-lens,17,scopeword,use,20,227.0,-0.34237060546875,0.0,0.0,0.0
r-lens,18,scopeword,use,20,189.0,-0.18717041015625,0.0,0.0,0.0
r-lens,19,scopeword,use,20,319.5,-0.150390625,0.0,0.0,0.0
r-lens,20,scopeword,use,20,275.0,0.45703125,0.0,0.0,0.0
r-lens,21,scopeword,use,20,298.5,0.55625,0.0,0.0,0.0
r-lens,22,scopeword,use,20,433.5,0.8203125,0.0,0.0,0.0
r-lens,0,typeof,use,10,885.0,1.403125,0.0,0.0,0.0
r-lens,1,typeof,use,10,771.0,2.21875,0.0,0.0,0.0
r-lens,2,typeof,use,10,1371.0,2.33125,0.0,0.0,0.0
r-lens,3,typeof,use,10,1029.0,2.79375,0.0,0.0,0.0
r-lens,4,typeof,use,10,1435.0,1.78125,0.0,0.0,0.0
r-lens,5,typeof,use,10,566.0,2.8515625,0.0,0.0,0.0
r-lens,6,typeof,use,10,235.0,2.48046875,0.0,0.0,0.0
r-lens,7,typeof,use,10,420.0,2.2365234375,0.0,0.0,0.0
r-lens,8,typeof,use,10,167.0,2.937890625,0.0,0.0,0.0
r-lens,9,typeof,use,10,25.0,4.193359375,0.0,0.0,0.3
r-lens,10,typeof,use,10,31.0,4.09296875,0.0,0.0,0.3
r-lens,11,typeof,use,10,10.0,4.83671875,0.0,0.3,0.6
r-lens,12,typeof,use,10,12.0,5.5953125,0.0,0.3,1.0
r-lens,13,typeof,use,10,1.0,6.6703125,0.0,1.0,1.0
r-lens,14,typeof,use,10,1.0,9.5375,0.3,1.0,1.0
r-lens,15,typeof,use,10,0.0,10.279296875,1.0,1.0,1.0
r-lens,16,typeof,use,10,0.0,10.71953125,1.0,1.0,1.0
r-lens,17,typeof,use,10,1.0,14.02890625,0.4,1.0,1.0
r-lens,18,typeof,use,10,1.0,17.2140625,0.4,1.0,1.0
r-lens,19,typeof,use,10,2.0,17.18046875,0.4,1.0,1.0
r-lens,20,typeof,use,10,2.0,16.74375,0.4,1.0,1.0
r-lens,21,typeof,use,10,1.0,14.66875,0.4,1.0,1.0
r-lens,22,typeof,use,10,1.0,13.96015625,0.4,1.0,1.0
